TOP,SCORE,ARM_CODART,ART_NOMBRE,PRINCIPIO_ACTIVO,FRACCION_MEDINA,COD_PROD_DIGEMID,NOMBRE_DIGEMID,CONCENT_DIGEMID,IFA_DIGEMID,FRACCION_DIGEMID
1,0.9015,14570.0,LINCOCIN 600mg x 2ml AMP,LINCOMICINA - AMPOLLA,1.0,42744,LINCOCIN,600 mg/ 2 mL,LINCOMICINA CLORHIDRATO,1
2,0.8182,14570.0,LINCOCIN 600mg x 2ml AMP,LINCOMICINA - AMPOLLA,1.0,48840,LINCOCIN,500 mg,LINCOMICINA CLORHIDRATO,96
1,0.8655,15470.0,PROVERA 5mg TAB x 30,<NINGUNO>,30.0,48839,PROVERA,5 mg,MEDROXIPROGESTERONA ACETATO,30
1,0.8643,19826.0,FERANIN GOTAS 25mg x 20ml,HIERRO POLIMALTOSADO,1.0,56056,FERANIN,100 mg/ 5 mL,HIERRO (III) POLIMALTOSA,1
2,0.8643,19826.0,FERANIN GOTAS 25mg x 20ml,HIERRO POLIMALTOSADO,1.0,58870,FERANIN,100 mg/ 5 mL,HIERRO (III) POLIMALTOSA,1
3,0.8567,19826.0,FERANIN GOTAS 25mg x 20ml,HIERRO POLIMALTOSADO,1.0,54496,FERANIN,100 mg,COMPLEJO DE HIDROXIDO FERRICO [HIERRO (III)] POLIMALTOSADO,30
1,1.0818,45170.0,IBUPROFENO 400mg TAB x 100 - GENFAR,IBUPROFENO 400MG.TABLETA,100.0,37877,IBUPROFENO,400 mg,IBUPROFENO,100
2,1.0818,45170.0,IBUPROFENO 400mg TAB x 100 - GENFAR,IBUPROFENO 400MG.TABLETA,100.0,42422,IBUPROFENO,400 mg,IBUPROFENO,100
3,1.0818,45170.0,IBUPROFENO 400mg TAB x 100 - GENFAR,IBUPROFENO 400MG.TABLETA,100.0,58697,IBUPROFENO,400 mg,IBUPROFENO,100
1,0.9778,45491.0,METOCLOPRAMIDA 10mg TAB x 100 - IQFARMA,METOCLOPRAMIDA TABLETA,100.0,38960,METOCLOPRAMIDA,10 mg,METOCLOPRAMIDA,100
2,0.9465,45491.0,METOCLOPRAMIDA 10mg TAB x 100 - IQFARMA,METOCLOPRAMIDA TABLETA,100.0,33702,METOCLOPRAMIDA,10 mg,METOCLOPRAMIDA CLORHIDRATO MONOHIDRATO,100
3,0.9465,45491.0,METOCLOPRAMIDA 10mg TAB x 100 - IQFARMA,METOCLOPRAMIDA TABLETA,100.0,58361,METOCLOPRAMIDA,10 mg,METOCLOPRAMIDA CLORHIDRATO MONOHIDRATO,100
1,1.0167,45605.0,METRONIDAZOL 250mg SUSP x 120ml - GEN FAR,METRONIDAZOL JBE,1.0,38396,METRONIDAZOL,500 mg/ 100 mL,METRONIDAZOL,1
2,0.9734,45605.0,METRONIDAZOL 250mg SUSP x 120ml - GEN FAR,METRONIDAZOL JBE,1.0,45015,METRONIDAZOL,125 mg/ 5 mL,METRONIDAZOL BENZOATO,1
3,0.9441,45605.0,METRONIDAZOL 250mg SUSP x 120ml - GEN FAR,METRONIDAZOL JBE,1.0,7455,METRONIDAZOL,500 mg,METRONIDAZOL,100
1,0.9902,47619.0,CEFALEXINA 500mg x 10 CAP - GEN FAR,CEFALEXINA TABLETA,10.0,37770,CEFALEXINA,500 mg,CEFALEXINA MONOHIDRATO,100
2,0.9083,47619.0,CEFALEXINA 500mg x 10 CAP - GEN FAR,CEFALEXINA TABLETA,10.0,37135,CEFALEXINA,250 mg/ 5 mL,CEFALEXINA MONOHIDRATO,1
3,0.9083,47619.0,CEFALEXINA 500mg x 10 CAP - GEN FAR,CEFALEXINA TABLETA,10.0,58703,CEFALEXINA,250 mg/ 5 mL,CEFALEXINA MONOHIDRATO,1
1,0.8333,51042.0,CLAVUMOX 250mg x 60ml SUSP,<NINGUNO>,1.0,41670,CLAVUMOX,250 mg + 62.5 mg/ 5 mL,AMOXICILINA TRIHIDRATO + CLAVULANATO POTASICO,1
2,0.8032,51042.0,CLAVUMOX 250mg x 60ml SUSP,<NINGUNO>,1.0,54868,CLAVUMOX,500 mg + 125 mg,ACIDO CLAVULANICO + AMOXICILINA TRIHIDRATO,1
3,0.8,51042.0,CLAVUMOX 250mg x 60ml SUSP,<NINGUNO>,1.0,45169,CLAVUMOX ®,400 mg/ 57 mg/ 5 mL,AMOXICILINA TRIHIDRATO + CLAVULANATO POTASICO,1
1,0.8056,51905.0,DIBROLAX GOTAS x 20ml,<NINGUNO>,1.0,39545,DIBROLAX,10 mg/ mL,PICOSULFATO DE SODIO,1
1,1.025,57305.0,AMIKACINA 500mg x 10 AMP - VITALIS,AMIKACINA AMPOLLA,10.0,50875,AMIKACINA,500 mg/ 2 mL,AMIKACINA,10
2,0.925,57305.0,AMIKACINA 500mg x 10 AMP - VITALIS,AMIKACINA AMPOLLA,10.0,58882,AMIKACINA,500 mg/ 2 mL,AMIKACINA,10
3,0.8795,57305.0,AMIKACINA 500mg x 10 AMP - VITALIS,AMIKACINA AMPOLLA,10.0,34437,AMIKACINA,500 mg/ 2 mL,AMIKACINA SULFATO,10
1,0.8865,60256.0,LINCOMICINA 600mg x 10 AMP - VITALIS,LINCOMICINA - AMPOLLA,10.0,50455,LINCOMICINA,600 mg/ 2 mL,LINCOMICINA CLORHIDRATO,10
2,0.8865,60256.0,LINCOMICINA 600mg x 10 AMP - VITALIS,LINCOMICINA - AMPOLLA,10.0,53788,LINCOMICINA,600 mg/ 2 mL,LINCOMICINA CLORHIDRATO,10
3,0.8865,60256.0,LINCOMICINA 600mg x 10 AMP - VITALIS,LINCOMICINA - AMPOLLA,10.0,56886,LINCOMICINA,600 mg/ 2 mL,LINCOMICINA CLORHIDRATO,10
1,0.8759,60898.0,PIROXICAM 20mg TAB x 100 - INDUQUIMICA,PIROXICAN 20MG.TABLETA,100.0,41558,PIROXICAM,20 mg,PIROXICAM,100
2,0.8759,60898.0,PIROXICAM 20mg TAB x 100 - INDUQUIMICA,PIROXICAN 20MG.TABLETA,100.0,45232,PIROXICAM,20 mg,PIROXICAM,100
1,0.9865,63712.0,LINCOMICINA 600mg x 6 AMP - GEN FAR,LINCOMICINA - AMPOLLA,6.0,38376,LINCOMICINA,600 mg/ 2 mL,LINCOMICINA CLORHIDRATO,6
2,0.9865,63712.0,LINCOMICINA 600mg x 6 AMP - GEN FAR,LINCOMICINA - AMPOLLA,6.0,59190,LINCOMICINA,600 mg/ 2 mL,LINCOMICINA CLORHIDRATO,6
3,0.8865,63712.0,LINCOMICINA 600mg x 6 AMP - GEN FAR,LINCOMICINA - AMPOLLA,6.0,45367,LINCOMICINA,600 mg/ 2 mL,LINCOMICINA CLORHIDRATO,6
1,0.9455,63926.0,NAPROXENO 550mg CAP x 100 - LABOGEN,NAPROXENO - TABLETA,100.0,40343,NAPROXENO,500 mg,NAPROXENO,100
2,0.9455,63926.0,NAPROXENO 550mg CAP x 100 - LABOGEN,NAPROXENO - TABLETA,100.0,52551,NAPROXENO,500 mg,NAPROXENO,100
3,0.9455,63926.0,NAPROXENO 550mg CAP x 100 - LABOGEN,NAPROXENO - TABLETA,100.0,54153,NAPROXENO,500 mg,NAPROXENO,100
1,1.0818,64177.0,PARACETAMOL 500mg x 100 TAB - GEN FAR,PARACETAMOL 500MG.TABLETAS,100.0,40172,PARACETAMOL,500 mg,PARACETAMOL,100
2,1.0818,64177.0,PARACETAMOL 500mg x 100 TAB - GEN FAR,PARACETAMOL 500MG.TABLETAS,100.0,42111,PARACETAMOL,500 mg,PARACETAMOL,100
3,1.0818,64177.0,PARACETAMOL 500mg x 100 TAB - GEN FAR,PARACETAMOL 500MG.TABLETAS,100.0,58667,PARACETAMOL,500 mg,PARACETAMOL,100
1,1.0818,72926.0,LOPID 600mg TAB x 20,GEMFIBROZILO - TABLETA,20.0,35872,LOPID,600 mg,GEMFIBROZILO,20
2,0.9955,72926.0,LOPID 600mg TAB x 20,GEMFIBROZILO - TABLETA,20.0,35863,LOPID,900 mg,GEMFIBROZILO,30
1,0.8288,74184.0,PYRIDIUM 100mg x 100 GRAGEAS,<NINGUNO>,100.0,44744,PYRIDIUM,100 mg,FENAZOPIRIDINA CLORHIDRATO,100
2,0.8288,74184.0,PYRIDIUM 100mg x 100 GRAGEAS,<NINGUNO>,100.0,61812,PYRIDIUM,100 mg,FENAZOPIRIDINA CLORHIDRATO,100
1,1.0045,80163.0,LIDOCAINA 2% S/EP AMP x 20ml - LUSA,LIDOCAINA AMPOLLA,1.0,37844,LIDOCAINA,2 %,LIDOCAINA CLORHIDRATO,25
2,0.9545,80163.0,LIDOCAINA 2% S/EP AMP x 20ml - LUSA,LIDOCAINA AMPOLLA,1.0,29584,LIDOCAINA,2 %,LIDOCAINA CLORHIDRATO,1
3,0.9545,80163.0,LIDOCAINA 2% S/EP AMP x 20ml - LUSA,LIDOCAINA AMPOLLA,1.0,56628,LIDOCAINA,2 %,LIDOCAINA CLORHIDRATO,1
1,1.0667,88012.0,ALPAZ 0.50mg TAB x 100,ALPRAZOLAM 0.5MG - TAB,100.0,41001,ALPAZ,0.5 mg,ALPRAZOLAM,100
1,0.8307,88333.0,BACTEROL FORTE SUS x 50ml,SULF.+ TRIM 400/80MG. JARABE,1.0,40380,BACTEROL FORTE,400 mg + 80 mg/ 5 mL,SULFAMETOXAZOL + TRIMETOPRIMA,1
1,0.8643,88868.0,DEQUAZOL-R OVULOS x 60 UNID.,METRONIDAZOL - TABLETA,60.0,48603,DEQUAZOL R,500 mg + 100 000 UI + 7 mg,LIDOCAINA CLORHIDRATO + METRONIDAZOL + NISTATINA,60
2,0.8143,88868.0,DEQUAZOL-R OVULOS x 60 UNID.,METRONIDAZOL - TABLETA,60.0,49002,DEQUAZOL R,500 mg + 100 000 UI + 7 mg,LIDOCAINA CLORHIDRATO + METRONIDAZOL + NISTATINA,8
3,0.8143,88868.0,DEQUAZOL-R OVULOS x 60 UNID.,METRONIDAZOL - TABLETA,60.0,49320,DEQUAZOL R,500 mg + 100 000 UI + 7 mg,LIDOCAINA CLORHIDRATO + METRONIDAZOL + NISTATINA,100
1,0.8241,90063.0,TOPICREM CREMA x 10G - HERSIL,CLOTRI+DEXA+GENTA,1.0,50914,TOPICREM,0.05 g + 0.1 g + 1 g,BETAMETASONA DIPROPIONATO + CLOTRIMAZOL + GENTAMICINA SULFATO,1
2,0.8241,90063.0,TOPICREM CREMA x 10G - HERSIL,CLOTRI+DEXA+GENTA,1.0,61733,TOPICREM,0.05 g + 0.1 g + 1 g,BETAMETASONA DIPROPIONATO + CLOTRIMAZOL + GENTAMICINA SULFATO,1
1,0.8583,100114.0,AB BRONCOL NF 1200 INYECTABLE,AMPICILINA AMPOLLA,1.0,48938,AB BRONCOL NF 1200,1000 mg + 200 mg,AMPICILINA BENZATINICA + AMPICILINA SODICA + LIDOCAINA CLORHIDRATO,1
2,0.8583,100114.0,AB BRONCOL NF 1200 INYECTABLE,AMPICILINA AMPOLLA,1.0,57689,AB-BRONCOL NF 1200,1200 mg,AMPICILINA BENZATINICA + AMPICILINA SODICA,1
1,0.8583,100221.0,AB BRONCOL NF 300 INYECTABLE,AMPICILINA AMPOLLA,1.0,48889,AB BRONCOL NF 300,250 mg + 50 mg,AMPICILINA BENZATINICA + AMPICILINA SODICA + GOMENOL + LIDOCAINA CLORHIDRATO,1
1,0.8583,100328.0,AB BRONCOL NF 600 INYECTABLE,AMPICILINA AMPOLLA,1.0,52485,AB BRONCOL NF 600,600 mg,AMPICILINA BENZATINICA + AMPICILINA SODICA + LIDOCAINA CLORHIDRATO,1
2,0.8083,100328.0,AB BRONCOL NF 600 INYECTABLE,AMPICILINA AMPOLLA,1.0,48917,AB BRONCOL NF 600,600 mg,AMPICILINA BENZATINICA + AMPICILINA SODICA + LIDOCAINA CLORHIDRATO,2
1,0.8013,106912.0,ATIDEM 20mg x 10 CAP,<NINGUNO>,10.0,58879,ATIDEM,400 mg,CELECOXIB,10
1,0.9032,108598.0,CIPROLIN 500mg TAB x 10,<NINGUNO>,10.0,46596,CIPROLIN,500 mg,CIPROFLOXACINO,10
2,0.9032,108598.0,CIPROLIN 500mg TAB x 10,<NINGUNO>,10.0,61563,CIPROLIN,500 mg,CIPROFLOXACINO,10
1,0.8695,109498.0,CORIFAN 2mg/5mg x 120 ml JBE,<NINGUNO>,1.0,58411,CORIFAN,10 mg/ mL,CLORFENAMINA MALEATO,1
2,0.8632,109498.0,CORIFAN 2mg/5mg x 120 ml JBE,<NINGUNO>,1.0,46843,CORIFAN,2 mg/ 5 mL,CLORFENAMINA MALEATO,1
3,0.8632,109498.0,CORIFAN 2mg/5mg x 120 ml JBE,<NINGUNO>,1.0,60293,CORIFAN,2 mg/ 5 mL,CLORFENAMINA MALEATO,1
1,0.8314,111342.0,NOTIL x 10gr CREMA,CLOTRI+DEXA+GENTA,1.0,58798,NOTIL,1 g + 0.10 g + 0.05 g,BETAMETASONA DIPROPIONATO + CLOTRIMAZOL + GENTAMICINA SULFATO,1
2,0.8314,111342.0,NOTIL x 10gr CREMA,CLOTRI+DEXA+GENTA,1.0,61632,NOTIL,1 g + 0.10 g + 0.05 g,BETAMETASONA DIPROPIONATO + CLOTRIMAZOL + GENTAMICINA SULFATO,1
3,0.818,111342.0,NOTIL x 10gr CREMA,CLOTRI+DEXA+GENTA,1.0,49913,NOTIL,1.00 g + 0.10 g + 0.05 g,BETAMETASONA DIPROPIONATO + CLOTRIMAZOL + GENTAMICINA SULFATO,1
1,1.0818,116163.0,PANADOL ADULTOS 500mg TAB x 52 SOBX2,PARACETAMOL 500MG.TABLETAS,52.0,54413,PANADOL,500 mg,PARACETAMOL,52
2,1.0318,116163.0,PANADOL ADULTOS 500mg TAB x 52 SOBX2,PARACETAMOL 500MG.TABLETAS,52.0,57193,PANADOL,500 mg,PARACETAMOL,8
3,0.9818,116163.0,PANADOL ADULTOS 500mg TAB x 52 SOBX2,PARACETAMOL 500MG.TABLETAS,52.0,53764,PANADOL,500 mg,PARACETAMOL,52
1,0.9,116270.0,PANADOL MASTICABLE TAB x 100,PARACETAMOL 500MG.TABLETAS,100.0,56314,PANADOL,80 mg,PARACETAMOL,100
2,0.85,116270.0,PANADOL MASTICABLE TAB x 100,PARACETAMOL 500MG.TABLETAS,100.0,54413,PANADOL,500 mg,PARACETAMOL,52
3,0.85,116270.0,PANADOL MASTICABLE TAB x 100,PARACETAMOL 500MG.TABLETAS,100.0,55728,PANADOL,100 mg/ mL,PARACETAMOL,1
1,0.9923,116377.0,PANADOL GOTAS 15ml,PARACETAMOL GOTAS,1.0,55728,PANADOL,100 mg/ mL,PARACETAMOL,1
2,0.93,116377.0,PANADOL GOTAS 15ml,PARACETAMOL GOTAS,1.0,54413,PANADOL,500 mg,PARACETAMOL,52
3,0.93,116377.0,PANADOL GOTAS 15ml,PARACETAMOL GOTAS,1.0,57193,PANADOL,500 mg,PARACETAMOL,8
1,0.9818,144598.0,ALBENDAZOL 200mg x 100 TAB - IQFARMA,ALBENDAZOL - TABLETA,100.0,34157,ALBENDAZOL,200 mg,ALBENDAZOL,100
2,0.9818,144598.0,ALBENDAZOL 200mg x 100 TAB - IQFARMA,ALBENDAZOL - TABLETA,100.0,38359,ALBENDAZOL,200 mg,ALBENDAZOL,100
3,0.9818,144598.0,ALBENDAZOL 200mg x 100 TAB - IQFARMA,ALBENDAZOL - TABLETA,100.0,56625,ALBENDAZOL,200 mg,ALBENDAZOL,100
1,1.0524,144605.0,ALBENDAZOL 100mg x 20ml SUSP - GENFAR,ALBENDAZOL JARABE,1.0,56415,ALBENDAZOL,100 mg/ 5 mL,ALBENDAZOL,1
2,1.0524,144605.0,ALBENDAZOL 100mg x 20ml SUSP - GENFAR,ALBENDAZOL JARABE,1.0,60317,ALBENDAZOL,100 mg/ 5 mL,ALBENDAZOL,1
3,0.9524,144605.0,ALBENDAZOL 100mg x 20ml SUSP - GENFAR,ALBENDAZOL JARABE,1.0,41544,ALBENDAZOL,100 mg/ 5 mL,ALBENDAZOL,1
1,1.0393,146512.0,DICLOFENACO 50mg x 30 TAB - GEN FAR,DICLOFENACO - TABLETA,30.0,40161,DICLOFENACO,50 mg,DICLOFENACO SODICO,30
2,1.0393,146512.0,DICLOFENACO 50mg x 30 TAB - GEN FAR,DICLOFENACO - TABLETA,30.0,58699,DICLOFENACO,50 mg,DICLOFENACO SODICO,30
3,0.9393,146512.0,DICLOFENACO 50mg x 30 TAB - GEN FAR,DICLOFENACO - TABLETA,30.0,45482,DICLOFENACO,50 mg,DICLOFENACO SODICO,30
1,0.9449,146619.0,DICLOFENACO 75mg x 5 AMP - GEN FAR,DICLOFENACO - AMPOLLA,5.0,40161,DICLOFENACO,50 mg,DICLOFENACO SODICO,30
2,0.9449,146619.0,DICLOFENACO 75mg x 5 AMP - GEN FAR,DICLOFENACO - AMPOLLA,5.0,58699,DICLOFENACO,50 mg,DICLOFENACO SODICO,30
3,0.9258,146619.0,DICLOFENACO 75mg x 5 AMP - GEN FAR,DICLOFENACO - AMPOLLA,5.0,52739,DICLOFENACO,75 mg/ 3 mL,DICLOFENACO SODICO,10
1,1.0778,148091.0,LORATADINA 10mg x 100 TAB - FARMINDUSTRIA,LORATADINA TABLETA,100.0,43372,LORATADINA,10 mg,LORATADINA,100
2,1.0278,148091.0,LORATADINA 10mg x 100 TAB - FARMINDUSTRIA,LORATADINA TABLETA,100.0,43536,LORATADINA,10 mg,LORATADINA,10
3,0.9778,148091.0,LORATADINA 10mg x 100 TAB - FARMINDUSTRIA,LORATADINA TABLETA,100.0,38774,LORATADINA,10 mg,LORATADINA,100
1,1.0818,148312.0,METRONIDAZOL 500mg TAB x 100 - GEN FAR,METRONIDAZOL - TABLETA,100.0,7455,METRONIDAZOL,500 mg,METRONIDAZOL,100
2,1.0818,148312.0,METRONIDAZOL 500mg TAB x 100 - GEN FAR,METRONIDAZOL - TABLETA,100.0,42114,METRONIDAZOL,500 mg,METRONIDAZOL,100
3,1.0818,148312.0,METRONIDAZOL 500mg TAB x 100 - GEN FAR,METRONIDAZOL - TABLETA,100.0,55769,METRONIDAZOL,500 mg,METRONIDAZOL,100
1,0.8108,150256.0,PANTELMIN 500mg x 6 TAB,<NINGUNO>,6.0,60087,PANTELMIN,500 mg,NITAZOXANIDA,6
1,1.0778,161377.0,OMEPRAZOL 20mg x 10 CAP - GEN FAR,OMEPRAZOL CAPSULA,10.0,37114,OMEPRAZOL,20 mg,OMEPRAZOL,10
2,1.0778,161377.0,OMEPRAZOL 20mg x 10 CAP - GEN FAR,OMEPRAZOL CAPSULA,10.0,59424,OMEPRAZOL,20 mg,OMEPRAZOL,10
3,0.9879,161377.0,OMEPRAZOL 20mg x 10 CAP - GEN FAR,OMEPRAZOL CAPSULA,10.0,42948,OMEPRAZOL,40 mg,OMEPRAZOL SODICO,10
1,1.0298,161919.0,SALBUTAMOL 4mg TAB x 100 INDUQUIMICA,SALBUTAMOL TABLETA,100.0,37684,SALBUTAMOL,4 mg,SALBUTAMOL SULFATO,100
2,0.9298,161919.0,SALBUTAMOL 4mg TAB x 100 INDUQUIMICA,SALBUTAMOL TABLETA,100.0,40754,SALBUTAMOL,4 mg,SALBUTAMOL SULFATO,100
3,0.9298,161919.0,SALBUTAMOL 4mg TAB x 100 INDUQUIMICA,SALBUTAMOL TABLETA,100.0,54773,SALBUTAMOL,4 mg,SALBUTAMOL SULFATO,100
1,0.8227,169333.0,QUADRIDERM EXTRA SP CREMA x 10g,BETAMETASONA CREMA,1.0,54085,QUADRIDERM EXTRA,0.05 g + 1 g + 0.1 g,BETAMETASONA DIPROPIONATO + CLOTRIMAZOL + GENTAMICINA SULFATO,1
2,0.8227,169333.0,QUADRIDERM EXTRA SP CREMA x 10g,BETAMETASONA CREMA,1.0,59831,QUADRIDERM EXTRA,0.05 g + 1 g + 0.1 g,BETAMETASONA DIPROPIONATO + CLOTRIMAZOL + GENTAMICINA SULFATO,1
1,0.8,173184.0,DOLOCORDRALAN EXTRA FORTE x 10 TAB,DICLOFENACO + PARACETAMOL TABLETA,10.0,52563,DOLOCORDRALAN,325 mg,PARACETAMOL,10
1,0.8026,177219.0,CICLOSTERONA FUERTE 50mg x 1ml AMP,<NINGUNO>,1.0,40592,CICLOSTERONA FUERTE®,50 mg/ mL,PROGESTERONA,1
1,0.8022,187333.0,CODIPRONT x 10 CAP,CODEINA 60MG INY,10.0,44681,CODIPRONT,30 mg + 10 mg,CODEINA + FENILTOLOXAMINA RESINATO,10
1,0.8382,187440.0,CODIPRONT x 60ml JBE,CODEINA 222.21MG SUSP,1.0,49400,CODIPRONT,11.11 mg + 3.67 mg/ 5 mL,CODEINA RESINATO + FENILTOLOXAMINA RESINATO,1
2,0.8382,187440.0,CODIPRONT x 60ml JBE,CODEINA 222.21MG SUSP,1.0,53269,CODIPRONT,11.11 mg + 3.67 mg/ 5 mL,CODEINA RESINATO + FENILTOLOXAMINA RESINATO,1
1,0.8022,187547.0,CODIPRONT EXPECT. x 10 CAP,CODEINA 60MG INY,10.0,44681,CODIPRONT,30 mg + 10 mg,CODEINA + FENILTOLOXAMINA RESINATO,10
1,0.8566,194319.0,ALERGICAL SF GOTAS 15ml,PSEUDOEFREDRINA 30MG GOTAS,1.0,39843,ALERGICAL SF,2 mg + 30 mg/ 5 mL,CLORFENAMINA MALEATO + CLORHIDRATO DE PSEUDOEFEDRINA,1
2,0.8566,194319.0,ALERGICAL SF GOTAS 15ml,PSEUDOEFREDRINA 30MG GOTAS,1.0,41840,ALERGICAL SF,2 mg + 30 mg/ 5 mL,CLORFENAMINA MALEATO + CLORHIDRATO DE PSEUDOEFEDRINA,1
3,0.8566,194319.0,ALERGICAL SF GOTAS 15ml,PSEUDOEFREDRINA 30MG GOTAS,1.0,57243,ALERGICAL SF,2 mg + 30 mg/ 5 mL,CLORFENAMINA MALEATO + CLORHIDRATO DE PSEUDOEFEDRINA,1
1,1.0,195219.0,DOLORAL SUSPENSION x 60ml,IBUPROFENO JARABE,1.0,38312,DOLORAL,40 mg/ mL,IBUPROFENO,1
2,1.0,195219.0,DOLORAL SUSPENSION x 60ml,IBUPROFENO JARABE,1.0,61663,DOLORAL,40 mg/ mL,IBUPROFENO,1
3,0.98,195219.0,DOLORAL SUSPENSION x 60ml,IBUPROFENO JARABE,1.0,39684,DOLORAL,100 mg/ 5 mL,IBUPROFENO,1
1,0.8778,196868.0,ISORBIDE ORAL 10mg TAB x 20,<NINGUNO>,20.0,44747,ISORBIDE ORAL,10 mg,DINITRATO DE ISOSORBIDA,20
2,0.8778,196868.0,ISORBIDE ORAL 10mg TAB x 20,<NINGUNO>,20.0,61631,ISORBIDE ORAL,10 mg,DINITRATO DE ISOSORBIDA,20
1,0.9009,197126.0,MAGAL II SUSP x 150ml,MAGALDRATO/SIMETICONA JARABE,1.0,61562,MAGAL D,(540 mg + 40 mg)/ 5 mL,MAGALDRATO + SIMETICONA,1
2,0.8235,197126.0,MAGAL II SUSP x 150ml,MAGALDRATO/SIMETICONA JARABE,1.0,7138,MAGAL II,400 mg + 400 mg/ 5 mL,HIDROXIDO DE ALUMINIO + DIMETICONA + HIDROXIDO DE MAGNESIO,1
3,0.8159,197126.0,MAGAL II SUSP x 150ml,MAGALDRATO/SIMETICONA JARABE,1.0,59688,MAGAL II,(400 mg + 400 mg)/ 5 mL,HIDROXIDO DE ALUMINIO + HIDROXIDO DE MAGNESIO,1
1,0.9949,219519.0,CEFALOGEN 1gr INTRAMUSCULAR AMP,CEFTRIAXONA AMPOLLA,1.0,44034,CEFALOGEN,1 g,CEFTRIAXONA SODICA HEMIHEPTAHIDRATO,1
2,0.9949,219519.0,CEFALOGEN 1gr INTRAMUSCULAR AMP,CEFTRIAXONA AMPOLLA,1.0,44035,CEFALOGEN,1 g,CEFTRIAXONA SODICA HEMIHEPTAHIDRATO,1
3,0.906,219519.0,CEFALOGEN 1gr INTRAMUSCULAR AMP,CEFTRIAXONA AMPOLLA,1.0,51710,CEFALOGEN,500 mg,CEFTRIAXONA + LIDOCAINA CLORHIDRATO,1
1,0.8043,221677.0,DIANE 35 GRG x 21,<NINGUNO>,1.0,52454,DIANE 35,2 mg + 0.035 mg,CIPROTERONA ACETATO + ETINILESTRADIOL,1
2,0.8043,221677.0,DIANE 35 GRG x 21,<NINGUNO>,1.0,61013,DIANE 35,2 mg + 0.035 mg,CIPROTERONA ACETATO + ETINILESTRADIOL,1
3,0.8043,221677.0,DIANE 35 GRG x 21,<NINGUNO>,1.0,61596,DIANE 35,2 mg + 0.035 mg,CIPROTERONA ACETATO + ETINILESTRADIOL,1
1,1.0364,228519.0,ANTALGINA 500mg TAB x 100 - SANITAS,METAMIZOL TABLETAS,100.0,60043,ANTALGINA,500 mg,METAMIZOL SODICO MONOHIDRATO,100
2,0.9474,228519.0,ANTALGINA 500mg TAB x 100 - SANITAS,METAMIZOL TABLETAS,100.0,61753,ANTALGINA,500 mg/ mL,METAMIZOL SODICO MONOHIDRATO,1
3,0.9045,228519.0,ANTALGINA 500mg TAB x 100 - SANITAS,METAMIZOL TABLETAS,100.0,60041,ANTALGINA,250 mg/ 5 mL,METAMIZOL SODICO MONOHIDRATO,1
1,0.8,245940.0,VENTOLIN INHALADOR 200 DOSIS,SALBUTAMOL - AEROSOL,1.0,39747,VENTOLIN,0.5 %,SALBUTAMOL,1
1,0.8318,256205.0,DEQUAZOL 500mg TAB x 20,METRONIDAZOL - TABLETA,20.0,35609,DEQUAZOL ORAL 500,500 mg,METRONIDAZOL,20
1,1.0,259012.0,DOLOMAX SUSPENSION x 60ml,IBUPROFENO JARABE,1.0,35613,DOLOMAX,40 mg/ mL,IBUPROFENO,1
2,0.98,259012.0,DOLOMAX SUSPENSION x 60ml,IBUPROFENO JARABE,1.0,37824,DOLOMAX,100 mg/ 5 mL,IBUPROFENO,1
3,0.93,259012.0,DOLOMAX SUSPENSION x 60ml,IBUPROFENO JARABE,1.0,35511,DOLOMAX,400 mg,IBUPROFENO,20
1,0.9,259654.0,ISODINE 10% SOLUCION x 60ML,<NINGUNO>,1.0,42198,ISODINE,10 %,POVIDONA K 30,1
2,0.9,259654.0,ISODINE 10% SOLUCION x 60ML,<NINGUNO>,1.0,42376,ISODINE,10 %,POVIDONA K 30,1
3,0.9,259654.0,ISODINE 10% SOLUCION x 60ML,<NINGUNO>,1.0,42377,ISODINE,10 %,POVIDONA K 30,1
1,1.0015,259868.0,LINCOPLUS 600mg/2ml x 5 AMP,LINCOMICINA - AMPOLLA,5.0,39178,LINCOPLUS,600 mg/ 2 mL,LINCOMICINA CLORHIDRATO,5
2,0.9182,259868.0,LINCOPLUS 600mg/2ml x 5 AMP,LINCOMICINA - AMPOLLA,5.0,55424,LINCOPLUS,500 mg,LINCOMICINA CLORHIDRATO,12
3,0.9004,259868.0,LINCOPLUS 600mg/2ml x 5 AMP,LINCOMICINA - AMPOLLA,5.0,47667,LINCOPLUS,300 mg/ mL,LINCOMICINA CLORHIDRATO,1
1,0.8818,259975.0,LINCOPLUS 500mg CAPS x 12,<NINGUNO>,12.0,55424,LINCOPLUS,500 mg,LINCOMICINA CLORHIDRATO,12
1,0.8615,261063.0,METROZOL OVULOS x 60 UNIDADES,CLOTRIMAZOL - TABLETA,60.0,49307,METROZOL,500 mg + 100 mg + 7 mg,CLOTRIMAZOL + LIDOCAINA + METRONIDAZOL,60
2,0.8115,261063.0,METROZOL OVULOS x 60 UNIDADES,CLOTRIMAZOL - TABLETA,60.0,51595,METROZOL,500 mg + 100 mg + 7 mg,CLOTRIMAZOL + METRONIDAZOL,6
1,0.9183,270491.0,BRONCO MAGNIMOX SUSP. 250mg 60ml,"AMOXICILINA, BROMHEXINA - JARABE",1.0,59381,BRONCO MAGNIMOX,250 mg + 4 mg/ 5 mL,AMOXICILINA TRIHIDRATO + BROMHEXINA CLORHIDRATO,1
2,0.8181,270491.0,BRONCO MAGNIMOX SUSP. 250mg 60ml,"AMOXICILINA, BROMHEXINA - JARABE",1.0,59709,BRONCO MAGNIMOX,500 mg + 8 mg,AMOXICILINA TRIHIDRATO + BROMHEXINA CLORHIDRATO,100
1,0.95,282084.0,CLOTRIMAZOL 1% CREMA x 20gr - PORTUGAL,CLOTRIMAZOL - CREMA,12.0,35447,CLOTRIMAZOL,1 %,CLOTRIMAZOL,1
2,0.95,282084.0,CLOTRIMAZOL 1% CREMA x 20gr - PORTUGAL,CLOTRIMAZOL - CREMA,12.0,40026,CLOTRIMAZOL,1 %,CLOTRIMAZOL,1
3,0.95,282084.0,CLOTRIMAZOL 1% CREMA x 20gr - PORTUGAL,CLOTRIMAZOL - CREMA,12.0,40278,CLOTRIMAZOL,1 %,CLOTRIMAZOL,1
1,0.8453,307177.0,DEXTROSA 33.3% x 20ml AMP - DEXTRO LUSA,<NINGUNO>,1.0,46934,DEXTROSA,33 % X 20 mL,GLUCOSA MONOHIDRATO,50
1,0.8795,315598.0,AMIKABIOT 500mg x 1 AMP,AMIKACINA AMPOLLA,1.0,35491,AMIKABIOT,500 mg/ 2 mL,AMIKACINA SULFATO,1
2,0.8545,315598.0,AMIKABIOT 500mg x 1 AMP,AMIKACINA AMPOLLA,1.0,44147,AMIKABIOT,100 mg/ 2 mL,AMIKACINA SULFATO,1
3,0.8545,315598.0,AMIKABIOT 500mg x 1 AMP,AMIKACINA AMPOLLA,1.0,46730,AMIKABIOT,250 mg/ 2 mL,AMIKACINA SULFATO,1
1,0.9125,318733.0,XILONEST 5% POMADA 10g - TRIFARMA,<NINGUNO>,1.0,35618,XILONEST,5 %,LIDOCAINA,1
1,1.0818,328205.0,FLAGYL 500mg COMP x 20,METRONIDAZOL - TABLETA,20.0,58171,FLAGYL,500 mg,METRONIDAZOL,20
2,0.9818,328205.0,FLAGYL 500mg COMP x 20,METRONIDAZOL - TABLETA,20.0,42017,FLAGYL,500 mg,METRONIDAZOL,20
3,0.9818,328205.0,FLAGYL 500mg COMP x 20,METRONIDAZOL - TABLETA,20.0,59355,FLAGYL,500 mg,METRONIDAZOL,20
1,0.8734,328419.0,FLAGYL 250mg SUSP. x 120ml,METRONIDAZOL JBE,1.0,54163,FLAGYL,250 mg/ 5 mL,METRONIDAZOL BENZOATO,1
2,0.8734,328419.0,FLAGYL 250mg SUSP. x 120ml,METRONIDAZOL JBE,1.0,58136,FLAGYL,250 mg/ 5 mL,METRONIDAZOL BENZOATO,1
3,0.8734,328419.0,FLAGYL 250mg SUSP. x 120ml,METRONIDAZOL JBE,1.0,60899,FLAGYL,250 mg/ 5 mL,METRONIDAZOL BENZOATO,1
1,0.8734,328526.0,FLAGYL 125mg SUSP. x 120ml,METRONIDAZOL JBE,1.0,54163,FLAGYL,250 mg/ 5 mL,METRONIDAZOL BENZOATO,1
2,0.8734,328526.0,FLAGYL 125mg SUSP. x 120ml,METRONIDAZOL JBE,1.0,58136,FLAGYL,250 mg/ 5 mL,METRONIDAZOL BENZOATO,1
3,0.8734,328526.0,FLAGYL 125mg SUSP. x 120ml,METRONIDAZOL JBE,1.0,60899,FLAGYL,250 mg/ 5 mL,METRONIDAZOL BENZOATO,1
1,1.0714,345947.0,DEXAVET 4mg TAB x 150,DEXAMETASONA TABLETAS,150.0,43521,DEXAVET,4 mg,DEXAMETASONA,150
2,1.0214,345947.0,DEXAVET 4mg TAB x 150,DEXAMETASONA TABLETAS,150.0,44466,DEXAVET,4 mg,DEXAMETASONA,30
3,0.881,345947.0,DEXAVET 4mg TAB x 150,DEXAMETASONA TABLETAS,150.0,47381,DEXAVET,2 mg/ 5 mL,DEXAMETASONA FOSFATO SODICO,60
1,0.8056,363191.0,NETAF 5mg/ml GOTAS x 20ml,<NINGUNO>,1.0,37606,NETAF,10 mg/ mL,DOMPERIDONA,1
1,0.98,382740.0,ACI-TIP SUSPENSION x 200ml,MAGALDRATO/SIMETICONA JARABE,1.0,44213,ACI-TIP,800 mg + 60 mg/ 10 mL,MAGALDRATO + SIMETICONA,1
2,0.98,382740.0,ACI-TIP SUSPENSION x 200ml,MAGALDRATO/SIMETICONA JARABE,1.0,44799,ACI-TIP,800 mg + 60 mg/ 10 mL,MAGALDRATO + SIMETICONA,1
3,0.9357,382740.0,ACI-TIP SUSPENSION x 200ml,MAGALDRATO/SIMETICONA JARABE,1.0,42868,ACI TIP,800 mg + 40 mg,MAGALDRATO + SIMETICONA,140
1,0.864,388782.0,GAMALATE B6 x 60 GRAGEAS,ACIDO GAMMA AMINO BUTIRICO 250MG TAB,60.0,55887,GAMALATE,250 mg,ACIDO GAMMA AMINOBUTIRICO,60
1,0.8,392319.0,LAMISIL CREMA 1% x 15g,<NINGUNO>,1.0,48659,LAMISIL,1 %,TERBINAFINA CLORHIDRATO,1
2,0.8,392319.0,LAMISIL CREMA 1% x 15g,<NINGUNO>,1.0,51701,LAMISIL,1 %,TERBINAFINA CLORHIDRATO,1
3,0.8,392319.0,LAMISIL CREMA 1% x 15g,<NINGUNO>,1.0,54314,LAMISIL,1 %,TERBINAFINA CLORHIDRATO,1
1,0.9227,406177.0,SULFATO FERROSO JBE x 180ml - PORTUGAL,SULFATO FERROSO JERABE,12.0,45014,SULFATO FERROSO,300 mg,SULFATO FERROSO,100
2,0.8227,406177.0,SULFATO FERROSO JBE x 180ml - PORTUGAL,SULFATO FERROSO JERABE,12.0,44951,SULFATO FERROSO,300 mg,SULFATO FERROSO,500
3,0.8227,406177.0,SULFATO FERROSO JBE x 180ml - PORTUGAL,SULFATO FERROSO JERABE,12.0,48810,SULFATO FERROSO,300 mg,SULFATO FERROSO,100
1,0.8032,407833.0,FENAZOPIRIDINA 100mg TAB x 100 - IQFARMA,<NINGUNO>,100.0,57213,FENAZOPIRIDINA,100 mg,FENAZOPIRIDINA,100
1,0.825,408298.0,HIDROCLOROTIAZIDA 50mg x 30 TAB - GENFAR,<NINGUNO>,30.0,58194,HIDROCLOROTIAZIDA,25 mg,HIDROCLOROTIAZIDA,30
1,0.8204,423605.0,BRONPAX JBE 15mg/5ml 120ml,<NINGUNO>,1.0,40381,BRONPAX,15 mg/ 5 mL,AMBROXOL CLORHIDRATO,1
1,0.9818,430049.0,CARBAMAZEPINA 200mg x 100 TAB - MEDROCK,CARBAMAZEPINA - TABLETA,100.0,39161,CARBAMAZEPINA,200 mg,CARBAMAZEPINA,100
2,0.9818,430049.0,CARBAMAZEPINA 200mg x 100 TAB - MEDROCK,CARBAMAZEPINA - TABLETA,100.0,41833,CARBAMAZEPINA,200 mg,CARBAMAZEPINA,100
3,0.9818,430049.0,CARBAMAZEPINA 200mg x 100 TAB - MEDROCK,CARBAMAZEPINA - TABLETA,100.0,44441,CARBAMAZEPINA,200 mg,CARBAMAZEPINA,100
1,0.9364,438005.0,NOVALGINA 500mg x 100 TAB,METAMIZOL TABLETAS,100.0,42024,NOVALGINA,500 mg,METAMIZOL SODICO MONOHIDRATO,100
2,0.9364,438005.0,NOVALGINA 500mg x 100 TAB,METAMIZOL TABLETAS,100.0,53868,NOVALGINA,500 mg,METAMIZOL SODICO MONOHIDRATO,100
3,0.8864,438005.0,NOVALGINA 500mg x 100 TAB,METAMIZOL TABLETAS,100.0,41924,NOVALGINA,500 mg,METAMIZOL SODICO MONOHIDRATO,50
1,0.8612,439440.0,ANTALGINA 1g AMP x 2ml - SANITAS,METAMIZOL AMPOLLA,1.0,61753,ANTALGINA,500 mg/ mL,METAMIZOL SODICO MONOHIDRATO,1
2,0.8487,439440.0,ANTALGINA 1g AMP x 2ml - SANITAS,METAMIZOL AMPOLLA,1.0,60041,ANTALGINA,250 mg/ 5 mL,METAMIZOL SODICO MONOHIDRATO,1
1,0.8217,439547.0,ANTALGINA 400 GOTAS 10ml - SANITAS,METAMIZOL GOTAS,1.0,61753,ANTALGINA,500 mg/ mL,METAMIZOL SODICO MONOHIDRATO,1
2,0.8137,439547.0,ANTALGINA 400 GOTAS 10ml - SANITAS,METAMIZOL GOTAS,1.0,60041,ANTALGINA,250 mg/ 5 mL,METAMIZOL SODICO MONOHIDRATO,1
1,1.0069,439654.0,ANTALGINA 250mg JBE 60ml - SANITAS,METAMIZOL JARABE,1.0,60041,ANTALGINA,250 mg/ 5 mL,METAMIZOL SODICO MONOHIDRATO,1
2,1.0019,439654.0,ANTALGINA 250mg JBE 60ml - SANITAS,METAMIZOL JARABE,1.0,61753,ANTALGINA,500 mg/ mL,METAMIZOL SODICO MONOHIDRATO,1
3,0.9045,439654.0,ANTALGINA 250mg JBE 60ml - SANITAS,METAMIZOL JARABE,1.0,60043,ANTALGINA,500 mg,METAMIZOL SODICO MONOHIDRATO,100
1,0.8991,441277.0,CLORO ALERGAN x 10mg /1ml -AMP,<NINGUNO>,1.0,60765,CLORO ALERGAN,10 mg/ mL,CLORFENAMINA MALEATO,1
1,0.856,452940.0,ELITON CIP JBE 340ml,HIERRO SACARATO,1.0,38742,ELITON,25 mg/ mL,CITRATO DE AMONIO Y HIERRO (III),1
1,0.83,453626.0,DEXTROMETORFANO JBE x 120ml - PORTUGAL,DEXTROMETORFANO JARABE,12.0,61037,DEXTROMETORFANO,15 mg/ 5 mL,DEXTROMETORFANO,1
2,0.8006,453626.0,DEXTROMETORFANO JBE x 120ml - PORTUGAL,DEXTROMETORFANO JARABE,12.0,37067,DEXTROMETORFANO,15 mg/ 5 mL,DEXTROMETORFANO BROMHIDRATO,1
3,0.8006,453626.0,DEXTROMETORFANO JBE x 120ml - PORTUGAL,DEXTROMETORFANO JARABE,12.0,38332,DEXTROMETORFANO,15 mg/ 5 mL,DEXTROMETORFANO BROMHIDRATO,1
1,0.9923,454091.0,PANADOL JBE x 60ml,PARACETAMOL JARABE,1.0,55728,PANADOL,100 mg/ mL,PARACETAMOL,1
2,0.9389,454091.0,PANADOL JBE x 60ml,PARACETAMOL JARABE,1.0,56314,PANADOL,80 mg,PARACETAMOL,100
3,0.93,454091.0,PANADOL JBE x 60ml,PARACETAMOL JARABE,1.0,54413,PANADOL,500 mg,PARACETAMOL,52
1,0.969,456326.0,BRONCO AMOXICLIN 250mg x 60ml - SIEGFRIED,AMOXICILINA + ACIDO CLAV. JARABE,1.0,45863,AMOXICLIN,250 mg/ 5 mL,AMOXICILINA TRIHIDRATO,1
2,0.95,456326.0,BRONCO AMOXICLIN 250mg x 60ml - SIEGFRIED,AMOXICILINA + ACIDO CLAV. JARABE,1.0,49433,AMOXICLIN,500 mg/ 5 mL,AMOXICILINA TRIHIDRATO,1
3,0.95,456326.0,BRONCO AMOXICLIN 250mg x 60ml - SIEGFRIED,AMOXICILINA + ACIDO CLAV. JARABE,1.0,51569,AMOXICLIN,500 mg/ 5 mL,AMOXICILINA TRIHIDRATO,1
1,1.0818,456433.0,FUROXONA 100mg TAB x 100,FURAZOLIDONA TABLETA,100.0,40833,FUROXONA,100 mg,FURAZOLIDONA,100
2,1.0318,456433.0,FUROXONA 100mg TAB x 100,FURAZOLIDONA TABLETA,100.0,40832,FUROXONA,100 mg,FURAZOLIDONA,20
3,0.9423,456433.0,FUROXONA 100mg TAB x 100,FURAZOLIDONA TABLETA,100.0,47771,FUROXONA,30 mg/ mL,FURAZOLIDONA,1
1,1.0778,456540.0,GRAVOL 50mg TAB x 100,DIMENHIDRINATO - TABLETA,100.0,40840,GRAVOL,50 mg,DIMENHIDRINATO,100
2,1.0278,456540.0,GRAVOL 50mg TAB x 100,DIMENHIDRINATO - TABLETA,100.0,40839,GRAVOL,50 mg,DIMENHIDRINATO,12
3,1.0278,456540.0,GRAVOL 50mg TAB x 100,DIMENHIDRINATO - TABLETA,100.0,40841,GRAVOL,50 mg,DIMENHIDRINATO,20
1,1.06,480084.0,GENTAGRAM 160mg x 2ml x 1 AMP - LUSA,GENTAMICINA AMPOLLA,1.0,56149,GENTAGRAM,160 mg/ 2 mL,GENTAMICINA,1
2,1.06,480084.0,GENTAGRAM 160mg x 2ml x 1 AMP - LUSA,GENTAMICINA AMPOLLA,1.0,60499,GENTAGRAM,160 mg/ 2 mL,GENTAMICINA,1
3,1.0215,480084.0,GENTAGRAM 160mg x 2ml x 1 AMP - LUSA,GENTAMICINA AMPOLLA,1.0,37898,GENTAGRAM,160 mg/ 2 mL,GENTAMICINA SULFATO,1
1,1.0,492647.0,ULCOGANT SUSP. FRASCO x 200 ml,SUCRALFATO,1.0,10994,ULCOGANT,1 g/ 5 mL,SUCRALFATO,1
2,1.0,492647.0,ULCOGANT SUSP. FRASCO x 200 ml,SUCRALFATO,1.0,40680,ULCOGANT,1 g/ 5 mL,SUCRALFATO,1
3,1.0,492647.0,ULCOGANT SUSP. FRASCO x 200 ml,SUCRALFATO,1.0,60999,ULCOGANT,1 g/ 5 mL,SUCRALFATO,1
1,0.8,493119.0,VOLTAREN EMULGEL 1% TUBO x 30gr,<NINGUNO>,1.0,50406,VOLTAREN EMULGEL,1 %,DICLOFENACO DIETILAMINA,1
2,0.8,493119.0,VOLTAREN EMULGEL 1% TUBO x 30gr,<NINGUNO>,1.0,50407,VOLTAREN EMULGEL,1 %,DICLOFENACO DIETILAMINA,1
3,0.8,493119.0,VOLTAREN EMULGEL 1% TUBO x 30gr,<NINGUNO>,1.0,50408,VOLTAREN EMULGEL,1 %,DICLOFENACO DIETILAMINA,1
1,1.0485,505933.0,DICLOXACILINA 500mg x 100 CAP - IQFARMA,DICLOXACILINA TABLETA,100.0,28125,DICLOXACILINA,500 mg,DICLOXACILINA SODICA MONOHIDRATO,100
2,1.0485,505933.0,DICLOXACILINA 500mg x 100 CAP - IQFARMA,DICLOXACILINA TABLETA,100.0,39909,DICLOXACILINA,500 mg,DICLOXACILINA SODICA MONOHIDRATO,100
3,1.0121,505933.0,DICLOXACILINA 500mg x 100 CAP - IQFARMA,DICLOXACILINA TABLETA,100.0,43786,DICLOXACILINA,250 mg,DICLOXACILINA SODICA MONOHIDRATO,100
1,1.0485,506077.0,DICLOXACILINA 500mg x 50 CAP - GENFAR,DICLOXACILINA TABLETA,50.0,37816,DICLOXACILINA,500 mg,DICLOXACILINA SODICA MONOHIDRATO,50
2,1.0485,506077.0,DICLOXACILINA 500mg x 50 CAP - GENFAR,DICLOXACILINA TABLETA,50.0,44222,DICLOXACILINA,500 mg,DICLOXACILINA SODICA MONOHIDRATO,50
3,0.9985,506077.0,DICLOXACILINA 500mg x 50 CAP - GENFAR,DICLOXACILINA TABLETA,50.0,28125,DICLOXACILINA,500 mg,DICLOXACILINA SODICA MONOHIDRATO,100
1,0.8409,511370.0,ALERGICAL SF JBE x 60ml,PSEUDOEFREDRINA JARABE,1.0,39843,ALERGICAL SF,2 mg + 30 mg/ 5 mL,CLORFENAMINA MALEATO + CLORHIDRATO DE PSEUDOEFEDRINA,1
2,0.8409,511370.0,ALERGICAL SF JBE x 60ml,PSEUDOEFREDRINA JARABE,1.0,41840,ALERGICAL SF,2 mg + 30 mg/ 5 mL,CLORFENAMINA MALEATO + CLORHIDRATO DE PSEUDOEFEDRINA,1
3,0.8409,511370.0,ALERGICAL SF JBE x 60ml,PSEUDOEFREDRINA JARABE,1.0,57243,ALERGICAL SF,2 mg + 30 mg/ 5 mL,CLORFENAMINA MALEATO + CLORHIDRATO DE PSEUDOEFEDRINA,1
1,0.9842,511805.0,MAGAL D SUSP. FCO. x 200ML,MAGALDRATO/SIMETICONA JARABE,1.0,61562,MAGAL D,(540 mg + 40 mg)/ 5 mL,MAGALDRATO + SIMETICONA,1
2,0.8674,511805.0,MAGAL D SUSP. FCO. x 200ML,MAGALDRATO/SIMETICONA JARABE,1.0,44492,MAGAL D,,DIMETICONA + MAGALDRATO,1
1,1.0364,516947.0,NAPROXENO 550mg TAB x 100 - INDUQUIMICA,NAPROXENO - TABLETA,100.0,38188,NAPROXENO,550 mg,NAPROXENO SODICO,100
2,0.9455,516947.0,NAPROXENO 550mg TAB x 100 - INDUQUIMICA,NAPROXENO - TABLETA,100.0,40343,NAPROXENO,500 mg,NAPROXENO,100
3,0.9455,516947.0,NAPROXENO 550mg TAB x 100 - INDUQUIMICA,NAPROXENO - TABLETA,100.0,52551,NAPROXENO,500 mg,NAPROXENO,100
1,0.8643,521812.0,RYNATAN TABS x 100,CLORFENAMINA TABLETA,100.0,9776,RYNATAN,,CLORFENAMINA TANATO + FENILEFRINA TANATO + MEPIRAMINA TANATO,100
2,0.8643,521812.0,RYNATAN TABS x 100,CLORFENAMINA TABLETA,100.0,38483,RYNATAN,,CLORFENAMINA TANATO + FENILEFRINA TANATO + MEPIRAMINA TANATO,100
3,0.8143,521812.0,RYNATAN TABS x 100,CLORFENAMINA TABLETA,100.0,38482,RYNATAN,,CLORFENAMINA TANATO + FENILEFRINA TANATO + MEPIRAMINA TANATO,30
1,0.9091,596147.0,DEXAMETASONA 4mg/2ml CJA x 100 AMP- PHARMAGEN,DEXAMETASONA AMPOLLA,100.0,37907,DEXAMETASONA,1 mg,DEXAMETASONA,100
2,0.9091,596147.0,DEXAMETASONA 4mg/2ml CJA x 100 AMP- PHARMAGEN,DEXAMETASONA AMPOLLA,100.0,38611,DEXAMETASONA,4 mg,DEXAMETASONA,100
3,0.9091,596147.0,DEXAMETASONA 4mg/2ml CJA x 100 AMP- PHARMAGEN,DEXAMETASONA AMPOLLA,100.0,42074,DEXAMETASONA,4 mg,DEXAMETASONA,100
1,0.9818,597475.0,KETOCONAZOL 200mg x 100 TAB - PORTUGAL,KETOCONAZOL TABLETA,100.0,6369,KETOCONAZOL,200 mg,KETOCONAZOL,100
2,0.9818,597475.0,KETOCONAZOL 200mg x 100 TAB - PORTUGAL,KETOCONAZOL TABLETA,100.0,39428,KETOCONAZOL,200 mg,KETOCONAZOL,100
3,0.9818,597475.0,KETOCONAZOL 200mg x 100 TAB - PORTUGAL,KETOCONAZOL TABLETA,100.0,40879,KETOCONAZOL,200 mg,KETOCONAZOL,100
1,1.0818,598268.0,PARACETAMOL 500mg x 100 TAB - PORTUGAL,PARACETAMOL 500MG.TABLETAS,100.0,42111,PARACETAMOL,500 mg,PARACETAMOL,100
2,1.0318,598268.0,PARACETAMOL 500mg x 100 TAB - PORTUGAL,PARACETAMOL 500MG.TABLETAS,100.0,43539,PARACETAMOL,500 mg,PARACETAMOL,30
3,0.9818,598268.0,PARACETAMOL 500mg x 100 TAB - PORTUGAL,PARACETAMOL 500MG.TABLETAS,100.0,36917,PARACETAMOL,500 mg,PARACETAMOL,100
1,1.0818,618219.0,KETOPROFENO 100mg x 30 TAB - GEN FAR,KETOPROFENO - TABLETA,30.0,39408,KETOPROFENO,100 mg,KETOPROFENO,30
2,1.0818,618219.0,KETOPROFENO 100mg x 30 TAB - GEN FAR,KETOPROFENO - TABLETA,30.0,58722,KETOPROFENO,100 mg,KETOPROFENO,30
3,1.0318,618219.0,KETOPROFENO 100mg x 30 TAB - GEN FAR,KETOPROFENO - TABLETA,30.0,38637,KETOPROFENO,100 mg,KETOPROFENO,25
1,0.9917,618433.0,KETOROLACO 30mg IM/IV x 5 AMP - GENFAR,KETOROLACO - AMPOLLA,5.0,40138,KETOROLACO,30 mg/ mL,KETOROLACO TROMETAMOL,5
2,0.9917,618433.0,KETOROLACO 30mg IM/IV x 5 AMP - GENFAR,KETOROLACO - AMPOLLA,5.0,59417,KETOROLACO,30 mg/ mL,KETOROLACO TROMETAMOL,5
3,0.9417,618433.0,KETOROLACO 30mg IM/IV x 5 AMP - GENFAR,KETOROLACO - AMPOLLA,5.0,58190,KETOROLACO,30 mg/ mL,KETOROLACO TROMETAMOL,10
1,0.95,619012.0,METRONIDAZOL 250mg SUSP x 60ml - PORTUGAL,METRONIDAZOL JBE,12.0,42114,METRONIDAZOL,500 mg,METRONIDAZOL,100
2,0.9476,619012.0,METRONIDAZOL 250mg SUSP x 60ml - PORTUGAL,METRONIDAZOL JBE,12.0,45015,METRONIDAZOL,125 mg/ 5 mL,METRONIDAZOL BENZOATO,1
3,0.8717,619012.0,METRONIDAZOL 250mg SUSP x 60ml - PORTUGAL,METRONIDAZOL JBE,12.0,37206,METRONIDAZOL,500 mg/ 100 mL,METRONIDAZOL,20
1,1.0,619119.0,METRONIDAZOL 125mg SUSP x 120ml - GEN FAR,METRONIDAZOL JBE,1.0,38396,METRONIDAZOL,500 mg/ 100 mL,METRONIDAZOL,1
2,0.9734,619119.0,METRONIDAZOL 125mg SUSP x 120ml - GEN FAR,METRONIDAZOL JBE,1.0,45015,METRONIDAZOL,125 mg/ 5 mL,METRONIDAZOL BENZOATO,1
3,0.9441,619119.0,METRONIDAZOL 125mg SUSP x 120ml - GEN FAR,METRONIDAZOL JBE,1.0,7455,METRONIDAZOL,500 mg,METRONIDAZOL,100
1,1.0361,627647.0,HANALGEZE 10mg x 50 TAB,KETOROLACO - TABLETA,50.0,44649,HANALGEZE,10 mg,KETOROLACO TROMETAMINA,50
2,1.0361,627647.0,HANALGEZE 10mg x 50 TAB,KETOROLACO - TABLETA,50.0,61730,HANALGEZE,10 mg,KETOROLACO TROMETAMINA,50
3,0.944,627647.0,HANALGEZE 10mg x 50 TAB,KETOROLACO - TABLETA,50.0,31492,HANALGEZE,60 mg/ 2 mL,KETOROLACO TROMETAMINA,50
1,0.9726,627968.0,HANALGEZE INY 60mg x 1 AMP,KETOROLACO - AMPOLLA,1.0,31488,HANALGEZE,60 mg/ 2 mL,KETOROLACO TROMETAMINA,1
2,0.9417,627968.0,HANALGEZE INY 60mg x 1 AMP,KETOROLACO - AMPOLLA,1.0,44649,HANALGEZE,10 mg,KETOROLACO TROMETAMINA,50
3,0.9417,627968.0,HANALGEZE INY 60mg x 1 AMP,KETOROLACO - AMPOLLA,1.0,61730,HANALGEZE,10 mg,KETOROLACO TROMETAMINA,50
1,1.1,777047.0,LIDOCAINA 5% UNGUENTO x 10gr - LUSA,LIDOCAINA AMPOLLA,1.0,49521,LIDOCAINA,5 %,LIDOCAINA,1
2,0.8879,777047.0,LIDOCAINA 5% UNGUENTO x 10gr - LUSA,LIDOCAINA AMPOLLA,1.0,38517,LIDOCAINA,2 % (Sin Preservantes),LIDOCAINA CLORHIDRATO,1
3,0.8379,777047.0,LIDOCAINA 5% UNGUENTO x 10gr - LUSA,LIDOCAINA AMPOLLA,1.0,37155,LIDOCAINA,2 % (Sin Preservantes),LIDOCAINA CLORHIDRATO,25
1,0.9643,802933.0,FERANIN JBE 100 ML,HIERRO POLIMALTOSADO,1.0,56056,FERANIN,100 mg/ 5 mL,HIERRO (III) POLIMALTOSA,1
2,0.9643,802933.0,FERANIN JBE 100 ML,HIERRO POLIMALTOSADO,1.0,58870,FERANIN,100 mg/ 5 mL,HIERRO (III) POLIMALTOSA,1
3,0.9167,802933.0,FERANIN JBE 100 ML,HIERRO POLIMALTOSADO,1.0,54496,FERANIN,100 mg,COMPLEJO DE HIDROXIDO FERRICO [HIERRO (III)] POLIMALTOSADO,30
1,0.9865,844868.0,GENTAMICINA 160mg x 1 AMP - GEN FAR,GENTAMICINA AMPOLLA,1.0,40135,GENTAMICINA,160 mg/ 2 mL,GENTAMICINA SULFATO,1
2,0.9365,844868.0,GENTAMICINA 160mg x 1 AMP - GEN FAR,GENTAMICINA AMPOLLA,1.0,56276,GENTAMICINA,160 mg/ 2 mL,GENTAMICINA SULFATO,10
3,0.8865,844868.0,GENTAMICINA 160mg x 1 AMP - GEN FAR,GENTAMICINA AMPOLLA,1.0,45263,GENTAMICINA,160 mg/ 2 mL,GENTAMICINA SULFATO,1
1,0.85,845126.0,PANADOL ANTIGRIPAL NF x 50 SOBRESX2,PARACETAMOL 500MG.TABLETAS,50.0,54413,PANADOL,500 mg,PARACETAMOL,52
2,0.85,845126.0,PANADOL ANTIGRIPAL NF x 50 SOBRESX2,PARACETAMOL 500MG.TABLETAS,50.0,55728,PANADOL,100 mg/ mL,PARACETAMOL,1
3,0.85,845126.0,PANADOL ANTIGRIPAL NF x 50 SOBRESX2,PARACETAMOL 500MG.TABLETAS,50.0,56314,PANADOL,80 mg,PARACETAMOL,100
1,0.8006,873240.0,SALBUTAMOL 2mg x 120ml JBE PORTUGAL,SALBUTAMOL JARABE,12.0,37684,SALBUTAMOL,4 mg,SALBUTAMOL SULFATO,100
2,0.8006,873240.0,SALBUTAMOL 2mg x 120ml JBE PORTUGAL,SALBUTAMOL JARABE,12.0,40062,SALBUTAMOL,4 mg,SALBUTAMOL SULFATO,1000
3,0.8006,873240.0,SALBUTAMOL 2mg x 120ml JBE PORTUGAL,SALBUTAMOL JARABE,12.0,40754,SALBUTAMOL,4 mg,SALBUTAMOL SULFATO,100
1,0.8374,889289.0,KETOPROFENO 100mg/ml IM x 6 AMP - GEN FAR,<NINGUNO>,6.0,38637,KETOPROFENO,100 mg,KETOPROFENO,25
2,0.8374,889289.0,KETOPROFENO 100mg/ml IM x 6 AMP - GEN FAR,<NINGUNO>,6.0,39408,KETOPROFENO,100 mg,KETOPROFENO,30
3,0.8374,889289.0,KETOPROFENO 100mg/ml IM x 6 AMP - GEN FAR,<NINGUNO>,6.0,39446,KETOPROFENO,100 mg,KETOPROFENO,10
1,0.8245,891882.0,REPRIMAN 500MG/1ML GOTAS x 10ml,METAMIZOL GOTAS,1.0,48833,REPRIMAN,400 mg/ mL,METAMIZOL SODICO MONOHIDRATO,1
2,0.8245,891882.0,REPRIMAN 500MG/1ML GOTAS x 10ml,METAMIZOL GOTAS,1.0,54456,REPRIMAN®,500 mg/ mL,METAMIZOL SODICO MONOHIDRATO,1
3,0.8245,891882.0,REPRIMAN 500MG/1ML GOTAS x 10ml,METAMIZOL GOTAS,1.0,58133,REPRIMAN®,500 mg/ mL,METAMIZOL SODICO MONOHIDRATO,1
1,0.8675,892568.0,BLADURIL 200mg x 20 TAB,<NINGUNO>,20.0,41599,BLADURIL,200 mg,FLAVOXATO CLORHIDRATO,20
1,0.9537,893903.0,BRONCO TRIFAMOX 125mg SUSP x 60 ml,"AMOXICILINA, BROMHEXINA - JARABE",1.0,41270,BRONCO TRIFAMOX 125,125 mg + 4 mg/ 5 mL,AMOXICILINA TRIHIDRATO + BROMHEXINA CLORHIDRATO,1
2,0.937,893903.0,BRONCO TRIFAMOX 125mg SUSP x 60 ml,"AMOXICILINA, BROMHEXINA - JARABE",1.0,39976,BRONCO TRIFAMOX 250,250 mg + 4 mg/ 5 mL,AMOXICILINA TRIHIDRATO + BROMHEXINA CLORHIDRATO,1
3,0.9121,893903.0,BRONCO TRIFAMOX 125mg SUSP x 60 ml,"AMOXICILINA, BROMHEXINA - JARABE",1.0,44116,TRIFAMOX,125 mg/ 5 mL,AMOXICILINA TRIHIDRATO,25
1,0.9537,894154.0,BRONCO TRIFAMOX 250mg SUSP x 60 ml,"AMOXICILINA, BROMHEXINA - JARABE",1.0,39976,BRONCO TRIFAMOX 250,250 mg + 4 mg/ 5 mL,AMOXICILINA TRIHIDRATO + BROMHEXINA CLORHIDRATO,1
2,0.937,894154.0,BRONCO TRIFAMOX 250mg SUSP x 60 ml,"AMOXICILINA, BROMHEXINA - JARABE",1.0,41270,BRONCO TRIFAMOX 125,125 mg + 4 mg/ 5 mL,AMOXICILINA TRIHIDRATO + BROMHEXINA CLORHIDRATO,1
3,0.8939,894154.0,BRONCO TRIFAMOX 250mg SUSP x 60 ml,"AMOXICILINA, BROMHEXINA - JARABE",1.0,44116,TRIFAMOX,125 mg/ 5 mL,AMOXICILINA TRIHIDRATO,25
1,0.9742,894261.0,BRONCO TRIFAMOX 500mg x 100 CAP,"AMOXICILINA, BROMHEXINA - TABLETA",100.0,50615,BRONCO TRIFAMOX 500,500 mg + 8 mg,AMOXICILINA TRIHIDRATO + BROMHEXINA CLORHIDRATO,100
2,0.8592,894261.0,BRONCO TRIFAMOX 500mg x 100 CAP,"AMOXICILINA, BROMHEXINA - TABLETA",100.0,39976,BRONCO TRIFAMOX 250,250 mg + 4 mg/ 5 mL,AMOXICILINA TRIHIDRATO + BROMHEXINA CLORHIDRATO,1
3,0.8521,894261.0,BRONCO TRIFAMOX 500mg x 100 CAP,"AMOXICILINA, BROMHEXINA - TABLETA",100.0,44116,TRIFAMOX,125 mg/ 5 mL,AMOXICILINA TRIHIDRATO,25
1,1.031,900819.0,EUTIROX 100mg x 50 TAB - MERCK,LEVOTIROXINA - TABLETA,50.0,37242,EUTIROX,100 mcg,LEVOTIROXINA DE SODIO,50
2,1.031,900819.0,EUTIROX 100mg x 50 TAB - MERCK,LEVOTIROXINA - TABLETA,50.0,57181,EUTIROX,100 mcg,LEVOTIROXINA DE SODIO,50
3,0.9976,900819.0,EUTIROX 100mg x 50 TAB - MERCK,LEVOTIROXINA - TABLETA,50.0,38221,EUTIROX,150 mcg,LEVOTIROXINA DE SODIO,50
1,0.8631,907868.0,CADITAR 200mg TAB x 60,<NINGUNO>,60.0,39552,CADITAR,200 mg,CELECOXIB,60
1,0.931,910826.0,CEFABRONCOL x 75 ml SUSP,CEFALEXINA JARABE,1.0,45374,CEFABRONCOL-S,250 mg/ 5 mL,CEFALEXINA MONOHIDRATO,1
2,0.8758,910826.0,CEFABRONCOL x 75 ml SUSP,CEFALEXINA JARABE,1.0,45696,CEFABRONCOL-S,500 mg,CEFALEXINA MONOHIDRATO,80
3,0.8758,910826.0,CEFABRONCOL x 75 ml SUSP,CEFALEXINA JARABE,1.0,60673,CEFABRONCOL-S,500 mg,CEFALEXINA MONOHIDRATO,60
1,1.0107,911077.0,CEFALEXINA 250mg JBE x 60ml - GEN FAR,CEFALEXINA JARABE,1.0,37135,CEFALEXINA,250 mg/ 5 mL,CEFALEXINA MONOHIDRATO,1
2,1.0107,911077.0,CEFALEXINA 250mg JBE x 60ml - GEN FAR,CEFALEXINA JARABE,1.0,58703,CEFALEXINA,250 mg/ 5 mL,CEFALEXINA MONOHIDRATO,1
3,0.9524,911077.0,CEFALEXINA 250mg JBE x 60ml - GEN FAR,CEFALEXINA JARABE,1.0,33891,CEFALEXINA,250 mg/ 5 mL,CEFALEXINA,1
1,0.8688,912412.0,CIRIAX OTIC x 5ml GOTAS,CIPROFLOXACINO - JARABE,1.0,37339,CIRIAX OTIC,,CIPROFLOXACINO + HIDROCORTISONA,1
2,0.8088,912412.0,CIRIAX OTIC x 5ml GOTAS,CIPROFLOXACINO - JARABE,1.0,52138,CIRIAX OTIC,2 mg + 10 mg,CIPROFLOXACINO + HIDROCORTISONA,1
1,0.9462,914533.0,GENTAMICINA 0.3% GOTAS - LANSIER,<NINGUNO>,1.0,42177,GENTAMICINA,0.3 %,GENTAMICINA SULFATO,1
2,0.9462,914533.0,GENTAMICINA 0.3% GOTAS - LANSIER,<NINGUNO>,1.0,55952,GENTAMICINA,0.3 %,GENTAMICINA SULFATO,1
3,0.8462,914533.0,GENTAMICINA 0.3% GOTAS - LANSIER,<NINGUNO>,1.0,36968,GENTAMICINA,0.3 %,GENTAMICINA SULFATO,1
1,1.0333,915647.0,IRRIGOR FORTE 60mg COMP x 30,NIMODIPINO TABLETA,30.0,57265,IRRIGOR,30 mg,NIMODIPINO,30
2,0.9833,915647.0,IRRIGOR FORTE 60mg COMP x 30,NIMODIPINO TABLETA,30.0,45653,IRRIGOR,30 mg,NIMODIPINO,100
3,0.8515,915647.0,IRRIGOR FORTE 60mg COMP x 30,NIMODIPINO TABLETA,30.0,60182,IRRIGOR PLUS NF,30 mg,NIMODIPINO,30
1,0.9,915754.0,IRRIGOR PLUS x 30 COMP,NIMODIPINO TABLETA,30.0,57265,IRRIGOR,30 mg,NIMODIPINO,30
2,0.8583,915754.0,IRRIGOR PLUS x 30 COMP,NIMODIPINO TABLETA,30.0,51064,IRRIGOR PLUS,30 mg + 100 mg,CITICOLINA + NIMODIPINO,30
3,0.85,915754.0,IRRIGOR PLUS x 30 COMP,NIMODIPINO TABLETA,30.0,45653,IRRIGOR,30 mg,NIMODIPINO,100
1,0.8727,918133.0,ENCICORT B FCO x 20ML (Bencidamina),BENCIDAMINA,1.0,55100,ENCICORT B,3 mg/ mL,BENCIDAMINA CLORHIDRATO,1
1,0.8143,922198.0,CLORFENAMINA JBE x 60ml - PORTUGAL,CLORFENAMINA - JARABE,12.0,42690,CLORFENAMINA,10 mg/ mL,CLORFENAMINA MALEATO,100
2,0.8143,922198.0,CLORFENAMINA JBE x 60ml - PORTUGAL,CLORFENAMINA - JARABE,12.0,54885,CLORFENAMINA,10 mg/ mL,CLORFENAMINA MALEATO,100
3,0.8143,922198.0,CLORFENAMINA JBE x 60ml - PORTUGAL,CLORFENAMINA - JARABE,12.0,54930,CLORFENAMINA,10 mg/ mL,CLORFENAMINA MALEATO,100
1,0.8636,922633.0,INFECTRIM 200/40mg JBE x 60ML,SULF + TRIM.200/40MG.JARABE,1.0,45595,INFECTRIM,200 mg + 40 mg/ 5 mL,SULFAMETOXAZOL + TRIMETOPRIMA,1
2,0.8636,922633.0,INFECTRIM 200/40mg JBE x 60ML,SULF + TRIM.200/40MG.JARABE,1.0,61790,INFECTRIM,200 mg + 40 mg/ 5 mL,SULFAMETOXAZOL + TRIMETOPRIMA,1
1,0.9558,924326.0,BRONCO MEDIMOX 250mg x 60ml CHICO,"AMOXICILINA, BROMHEXINA - JARABE",1.0,43845,BRONCO MEDIMOX 250,250 mg + 4 mg/ 5 mL,AMOXICILINA TRIHIDRATO + BROMHEXINA CLORHIDRATO,1
2,0.9558,924326.0,BRONCO MEDIMOX 250mg x 60ml CHICO,"AMOXICILINA, BROMHEXINA - JARABE",1.0,43846,BRONCO MEDIMOX 250,250 mg + 4 mg/ 5 mL,AMOXICILINA TRIHIDRATO + BROMHEXINA CLORHIDRATO,1
3,0.9384,924326.0,BRONCO MEDIMOX 250mg x 60ml CHICO,"AMOXICILINA, BROMHEXINA - JARABE",1.0,42145,BRONCO MEDIMOX 125,125 mg + 4 mg/ 5 mL,AMOXICILINA TRIHIDRATO + BROMHEXINA CLORHIDRATO,1
1,0.8541,925012.0,DEXACORT 4.0mg x 10 TAB,<NINGUNO>,10.0,60878,DEXACORT,4 mg,DEXAMETASONA,10
1,0.8623,928247.0,DOLNIX SL 10mg x 10 TAB,<NINGUNO>,10.0,49295,DOLNIX,10 mg,KETOROLACO TROMETAMINA,10
2,0.8456,928247.0,DOLNIX SL 10mg x 10 TAB,<NINGUNO>,10.0,3834,DOLNIX SL,10 mg,KETOROLACO TROMETAMOL,10
3,0.8456,928247.0,DOLNIX SL 10mg x 10 TAB,<NINGUNO>,10.0,56049,DOLNIX SL,10 mg,KETOROLACO TROMETAMOL,10
1,0.9,928996.0,MEDICORT 4mg x 2ml CAJA x 1AMP,DEXAMETASONA AMPOLLA,1.0,52747,MEDICORT,2 mg/ 5 mL,DEXAMETASONA,1
2,0.8893,928996.0,MEDICORT 4mg x 2ml CAJA x 1AMP,DEXAMETASONA AMPOLLA,1.0,40860,MEDICORT,4 mg/ 2 mL,DEXAMETASONA FOSFATO SODICO,1
3,0.875,928996.0,MEDICORT 4mg x 2ml CAJA x 1AMP,DEXAMETASONA AMPOLLA,1.0,42380,MEDICORT,0.5 mg/ 5 mL,DEXAMETASONA,1
1,0.8241,929040.0,SITIDERM NF CREMA TOPICA TBO x 10 GR,CLOTRI+DEXA+GENTA,1.0,44686,SITIDERM NF,0.050 g + 0.100 g + 1.000 g,BETAMETASONA DIPROPIONATO + CLOTRIMAZOL + GENTAMICINA SULFATO,1
2,0.8241,929040.0,SITIDERM NF CREMA TOPICA TBO x 10 GR,CLOTRI+DEXA+GENTA,1.0,44872,SITIDERM NF,0.050 g + 0.100 g + 1.000 g,BETAMETASONA DIPROPIONATO + CLOTRIMAZOL + GENTAMICINA SULFATO,1
1,0.9976,929468.0,BETACORT DEPOT AMP x 1 ml,BETAMETASONA AMPOLLA,1.0,40864,BETACORT,4 mg/ mL,BETAMETASONA FOSFATO DISODICO,1
2,0.9643,929468.0,BETACORT DEPOT AMP x 1 ml,BETAMETASONA AMPOLLA,1.0,56508,BETACORT DEPOT 2,10 mg/ 2 mL + 4 mg/ 2 mL,BETAMETASONA DIPROPIONATO + BETAMETASONA FOSFATO DISODICO,1
3,0.9476,929468.0,BETACORT DEPOT AMP x 1 ml,BETAMETASONA AMPOLLA,1.0,47204,BETACORT,4 mg/ mL,BETAMETASONA FOSFATO DISODICO,25
1,0.8676,930191.0,NONPIRON SUSP x 60ml FRESA,<NINGUNO>,1.0,37827,NONPIRON,40 mg/ mL,IBUPROFENO,1
1,1.0818,935340.0,FLUCONAZOL 150mg x 1 CAP - GENFAR,FLUCONAZOL,1.0,40146,FLUCONAZOL,150 mg,FLUCONAZOL,1
2,1.0818,935340.0,FLUCONAZOL 150mg x 1 CAP - GENFAR,FLUCONAZOL,1.0,61382,FLUCONAZOL,150 mg,FLUCONAZOL,1
3,1.0318,935340.0,FLUCONAZOL 150mg x 1 CAP - GENFAR,FLUCONAZOL,1.0,58745,FLUCONAZOL,150 mg,FLUCONAZOL,2
1,1.0361,935875.0,AMLODIPINO 10mg x 10 TAB - GEN FAR,AMLODIPINO - TABLETA,10.0,43528,AMLODIPINO,10 mg,AMLODIPINO BESILATO,10
2,1.0361,935875.0,AMLODIPINO 10mg x 10 TAB - GEN FAR,AMLODIPINO - TABLETA,10.0,43874,AMLODIPINO,10 mg,AMLODIPINO BESILATO,10
3,1.0361,935875.0,AMLODIPINO 10mg x 10 TAB - GEN FAR,AMLODIPINO - TABLETA,10.0,60319,AMLODIPINO,10 mg,AMLODIPINO BESILATO,10
1,1.0461,936026.0,AZITROMICINA 500mg x 3 TAB - GEN FAR,AZITROMICINA TABLETA,3.0,44125,AZITROMICINA,500 mg,AZITROMICINA DIHIDRATO,3
2,1.0461,936026.0,AZITROMICINA 500mg x 3 TAB - GEN FAR,AZITROMICINA TABLETA,3.0,56272,AZITROMICINA,500 mg,AZITROMICINA DIHIDRATO,3
3,0.9961,936026.0,AZITROMICINA 500mg x 3 TAB - GEN FAR,AZITROMICINA TABLETA,3.0,49970,AZITROMICINA,500 mg,AZITROMICINA DIHIDRATO,30
1,0.9595,936133.0,AZITROMICINA 200mg SUSP x 15ml - GEN FAR,AZITROMICINA JARABE,1.0,38280,AZITROMICINA,200 mg/ 5 mL,AZITROMICINA DIHIDRATO,1
2,0.9595,936133.0,AZITROMICINA 200mg SUSP x 15ml - GEN FAR,AZITROMICINA JARABE,1.0,38602,AZITROMICINA,200 mg/ 5 mL,AZITROMICINA DIHIDRATO,1
3,0.9595,936133.0,AZITROMICINA 200mg SUSP x 15ml - GEN FAR,AZITROMICINA JARABE,1.0,39234,AZITROMICINA,200 mg/ 5 mL,AZITROMICINA DIHIDRATO,1
1,0.9529,936347.0,TRAMADOL 100mg AMP - GENFAR,TRAMADOL 50MG INY,1.0,56830,TRAMADOL,100 mg/ mL,CLORHIDRATO DE TRAMADOL,1
2,0.9529,936347.0,TRAMADOL 100mg AMP - GENFAR,TRAMADOL 50MG INY,1.0,60354,TRAMADOL,100 mg/ mL,CLORHIDRATO DE TRAMADOL,1
3,0.935,936347.0,TRAMADOL 100mg AMP - GENFAR,TRAMADOL 50MG INY,1.0,56835,TRAMADOL,100 mg/ 2 mL,CLORHIDRATO DE TRAMADOL,1
1,0.9107,936775.0,CLORFENAMINA 4mg x 100 TAB - INDUQUIMICA,CLORFENAMINA TABLETA,100.0,40559,CLORFENAMINA MALEATO,4 mg,CLORFENAMINA MALEATO,100
2,0.8857,936775.0,CLORFENAMINA 4mg x 100 TAB - INDUQUIMICA,CLORFENAMINA TABLETA,100.0,36998,CLORFENAMINA,4 mg,CLORFENAMINA MALEATO,300
3,0.8857,936775.0,CLORFENAMINA 4mg x 100 TAB - INDUQUIMICA,CLORFENAMINA TABLETA,100.0,42629,CLORFENAMINA,4 mg,CLORFENAMINA MALEATO,500
1,0.9393,937247.0,CLORFENAMINA 10mg/1ml CAJA x 25 AMP - LUSA,CLORFENAMINA AMPOLLA,25.0,59267,CLORFENAMINA,10 mg/ mL,CLORFENAMINA MALEATO,25
2,0.9143,937247.0,CLORFENAMINA 10mg/1ml CAJA x 25 AMP - LUSA,CLORFENAMINA AMPOLLA,25.0,39220,CLORFENAMINA MALEATO,10 mg/ mL,CLORFENAMINA MALEATO,25
3,0.8893,937247.0,CLORFENAMINA 10mg/1ml CAJA x 25 AMP - LUSA,CLORFENAMINA AMPOLLA,25.0,42690,CLORFENAMINA,10 mg/ mL,CLORFENAMINA MALEATO,100
1,0.9597,937568.0,CLINDAMICINA 600mg x 10 AMP - VITALIS,CLINDAMICINA - AMPOLLA,10.0,43374,CLINDAMICINA,300 mg,CLINDAMICINA CLORHIDRATO,100
2,0.8893,937568.0,CLINDAMICINA 600mg x 10 AMP - VITALIS,CLINDAMICINA - AMPOLLA,10.0,33856,CLINDAMICINA,600 mg/ 4 mL,CLINDAMICINA FOSFATO,10
3,0.8893,937568.0,CLINDAMICINA 600mg x 10 AMP - VITALIS,CLINDAMICINA - AMPOLLA,10.0,48705,CLINDAMICINA,600 mg/ 4 mL,CLINDAMICINA FOSFATO,10
1,1.0818,940847.0,IBUPROFENO 400mg TAB x 100 - PORTUGAL,IBUPROFENO 400MG.TABLETA,100.0,42422,IBUPROFENO,400 mg,IBUPROFENO,100
2,1.0455,940847.0,IBUPROFENO 400mg TAB x 100 - PORTUGAL,IBUPROFENO 400MG.TABLETA,100.0,39235,IBUPROFENO,800 mg,IBUPROFENO,100
3,0.9955,940847.0,IBUPROFENO 400mg TAB x 100 - PORTUGAL,IBUPROFENO 400MG.TABLETA,100.0,44221,IBUPROFENO,800 mg,IBUPROFENO,30
1,0.83,942112.0,CLOTRIMAZOL SOLUCION x 20ml PORTUGAL,CLOTRIMAZOL - CREMA,12.0,38183,CLOTRIMAZOL,500 mg,CLOTRIMAZOL,50
2,0.83,942112.0,CLOTRIMAZOL SOLUCION x 20ml PORTUGAL,CLOTRIMAZOL - CREMA,12.0,40654,CLOTRIMAZOL,500 mg,CLOTRIMAZOL,1000
3,0.83,942112.0,CLOTRIMAZOL SOLUCION x 20ml PORTUGAL,CLOTRIMAZOL - CREMA,12.0,40872,CLOTRIMAZOL,500 mg,CLOTRIMAZOL,100
1,0.9024,942219.0,ALBENDAZOL 100mg x 20ml SUSP - PORTUGAL,ALBENDAZOL JARABE,12.0,37878,ALBENDAZOL,100 mg/ 5 mL,ALBENDAZOL,2
2,0.9024,942219.0,ALBENDAZOL 100mg x 20ml SUSP - PORTUGAL,ALBENDAZOL JARABE,12.0,41544,ALBENDAZOL,100 mg/ 5 mL,ALBENDAZOL,1
3,0.9024,942219.0,ALBENDAZOL 100mg x 20ml SUSP - PORTUGAL,ALBENDAZOL JARABE,12.0,43918,ALBENDAZOL,100 mg/ 5 mL,ALBENDAZOL,1
1,0.93,942433.0,PARACETAMOL GOTAS x 10ml PORTUGAL,PARACETAMOL GOTAS,12.0,42111,PARACETAMOL,500 mg,PARACETAMOL,100
2,0.93,942433.0,PARACETAMOL GOTAS x 10ml PORTUGAL,PARACETAMOL GOTAS,12.0,43539,PARACETAMOL,500 mg,PARACETAMOL,30
3,0.8833,942433.0,PARACETAMOL GOTAS x 10ml PORTUGAL,PARACETAMOL GOTAS,12.0,36983,PARACETAMOL,10 mg/ mL,PARACETAMOL,1
1,0.93,942540.0,PARACETAMOL JBE x 60ml - PORTUGAL,PARACETAMOL JARABE,12.0,42111,PARACETAMOL,500 mg,PARACETAMOL,100
2,0.93,942540.0,PARACETAMOL JBE x 60ml - PORTUGAL,PARACETAMOL JARABE,12.0,43539,PARACETAMOL,500 mg,PARACETAMOL,30
3,0.8567,942540.0,PARACETAMOL JBE x 60ml - PORTUGAL,PARACETAMOL JARABE,12.0,51360,PARACETAMOL,160 mg/ 5 mL,PARACETAMOL,1
1,0.93,944340.0,IBUPROFENO JBE x 60ml - PORTUGAL,IBUPROFENO JARABE,12.0,39235,IBUPROFENO,800 mg,IBUPROFENO,100
2,0.93,944340.0,IBUPROFENO JBE x 60ml - PORTUGAL,IBUPROFENO JARABE,12.0,42422,IBUPROFENO,400 mg,IBUPROFENO,100
3,0.93,944340.0,IBUPROFENO JBE x 60ml - PORTUGAL,IBUPROFENO JARABE,12.0,44221,IBUPROFENO,800 mg,IBUPROFENO,30
1,0.9455,944768.0,NAPROXENO 550mg TAB x 100 - PORTUGAL,NAPROXENO - TABLETA,100.0,40343,NAPROXENO,500 mg,NAPROXENO,100
2,0.9455,944768.0,NAPROXENO 550mg TAB x 100 - PORTUGAL,NAPROXENO - TABLETA,100.0,52551,NAPROXENO,500 mg,NAPROXENO,100
3,0.9455,944768.0,NAPROXENO 550mg TAB x 100 - PORTUGAL,NAPROXENO - TABLETA,100.0,54153,NAPROXENO,500 mg,NAPROXENO,100
1,1.0778,947254.0,IRRIGOR 30mg x 100 TAB,NIMODIPINO TABLETA,100.0,45653,IRRIGOR,30 mg,NIMODIPINO,100
2,1.0278,947254.0,IRRIGOR 30mg x 100 TAB,NIMODIPINO TABLETA,100.0,57265,IRRIGOR,30 mg,NIMODIPINO,30
3,0.846,947254.0,IRRIGOR 30mg x 100 TAB,NIMODIPINO TABLETA,100.0,60182,IRRIGOR PLUS NF,30 mg,NIMODIPINO,30
1,0.9091,960326.0,FENITOINA 125mg JBE x 120ml IQFARMA,FENITOINA - TABLETA,1.0,38627,FENITOINA,125 mg/ 5 mL,FENITOINA,1
2,0.8222,960326.0,FENITOINA 125mg JBE x 120ml IQFARMA,FENITOINA - TABLETA,1.0,52873,FENITOINA,100 mg,FENITOINA SODICA,100
3,0.8222,960326.0,FENITOINA 125mg JBE x 120ml IQFARMA,FENITOINA - TABLETA,1.0,55208,FENITOINA,100 mg,FENITOINA SODICA,100
1,1.0818,961226.0,CLARITROMICINA 500mg x 10 TAB GEN FAR,CLARITROMICINA 500MG.TABLETAS,10.0,41993,CLARITROMICINA,500 mg,CLARITROMICINA,10
2,1.0818,961226.0,CLARITROMICINA 500mg x 10 TAB GEN FAR,CLARITROMICINA 500MG.TABLETAS,10.0,60324,CLARITROMICINA,500 mg,CLARITROMICINA,10
3,1.0318,961226.0,CLARITROMICINA 500mg x 10 TAB GEN FAR,CLARITROMICINA 500MG.TABLETAS,10.0,2651,CLARITROMICINA,500 mg,CLARITROMICINA,100
1,1.0615,961547.0,DICLOFENACO 1% GEL x 50gr - GENFAR,DICLOFENACO - GEL,1.0,38550,DICLOFENACO,1 %,DICLOFENACO DIETILAMONIO,1
2,1.0615,961547.0,DICLOFENACO 1% GEL x 50gr - GENFAR,DICLOFENACO - GEL,1.0,39236,DICLOFENACO,1 %,DICLOFENACO DIETILAMONIO,1
3,1.0615,961547.0,DICLOFENACO 1% GEL x 50gr - GENFAR,DICLOFENACO - GEL,1.0,59873,DICLOFENACO,1 %,DICLOFENACO DIETILAMINA,1
1,1.0818,961868.0,IBUPROFENO 800mg TAB x 50 - GENFAR,IBUPROFENO 800MG.TABLETA,50.0,56277,IBUPROFENO,800 mg,IBUPROFENO,50
2,1.0318,961868.0,IBUPROFENO 800mg TAB x 50 - GENFAR,IBUPROFENO 800MG.TABLETA,50.0,39235,IBUPROFENO,800 mg,IBUPROFENO,100
3,1.0318,961868.0,IBUPROFENO 800mg TAB x 50 - GENFAR,IBUPROFENO 800MG.TABLETA,50.0,44221,IBUPROFENO,800 mg,IBUPROFENO,30
1,1.0778,962019.0,LANSOPRAZOL 30mg x 7 CAP - GEN FAR,LANSOPRAZOL,7.0,40140,LANSOPRAZOL,30 mg,LANSOPRAZOL,7
2,1.0778,962019.0,LANSOPRAZOL 30mg x 7 CAP - GEN FAR,LANSOPRAZOL,7.0,60303,LANSOPRAZOL,30 mg,LANSOPRAZOL,7
3,1.0278,962019.0,LANSOPRAZOL 30mg x 7 CAP - GEN FAR,LANSOPRAZOL,7.0,40464,LANSOPRAZOL,30 mg,LANSOPRAZOL,100
1,0.9201,962554.0,SECNIDAZOL 500mg x 4 TAB - GENFAR,<NINGUNO>,4.0,43894,SECNIDAZOL,500 mg,SECNIDAZOL,4
2,0.9201,962554.0,SECNIDAZOL 500mg x 4 TAB - GENFAR,<NINGUNO>,4.0,59188,SECNIDAZOL,500 mg,SECNIDAZOL,4
3,0.8201,962554.0,SECNIDAZOL 500mg x 4 TAB - GENFAR,<NINGUNO>,4.0,45346,SECNIDAZOL,500 mg,SECNIDAZOL,4
1,0.9256,962768.0,TINIDAZOL 500mg x 8 TAB - GENFAR,<NINGUNO>,8.0,56840,TINIDAZOL,500 mg,TINIDAZOL,8
2,0.8256,962768.0,TINIDAZOL 500mg x 8 TAB - GENFAR,<NINGUNO>,8.0,52910,TINIDAZOL,500 mg,TINIDAZOL,8
1,0.9714,968489.0,DEXAMETASONA TAB. 4mg x 100 - PORTUGAL,DEXAMETASONA TABLETAS,100.0,38611,DEXAMETASONA,4 mg,DEXAMETASONA,100
2,0.9714,968489.0,DEXAMETASONA TAB. 4mg x 100 - PORTUGAL,DEXAMETASONA TABLETAS,100.0,42074,DEXAMETASONA,4 mg,DEXAMETASONA,100
3,0.9714,968489.0,DEXAMETASONA TAB. 4mg x 100 - PORTUGAL,DEXAMETASONA TABLETAS,100.0,43371,DEXAMETASONA,4 mg,DEXAMETASONA,100
1,0.8089,976810.0,COLUFASE SUSP x 60ml,<NINGUNO>,1.0,44194,COLUFASE,100 mg/ 5 mL,NITAZOXANIDA,1
2,0.8089,976810.0,COLUFASE SUSP x 60ml,<NINGUNO>,1.0,44214,COLUFASE,100 mg/ 5 mL,NITAZOXANIDA,1
1,0.8706,981026.0,BETASERC 16mg x 20 TAB,<NINGUNO>,20.0,51904,BETASERC,16 mg,DICLORHIDRATO DE BETAHISTINA,20
1,0.85,981240.0,FERANIN BEBIBLE x 5ml x 5 AMP,HIERRO POLIMALTOSADO,5.0,37167,FERANIN,100 mg/ 5 mL,HIERRO (III) POLIMALTOSA,5
2,0.85,981240.0,FERANIN BEBIBLE x 5ml x 5 AMP,HIERRO POLIMALTOSADO,5.0,53873,FERANIN,100 mg/ 5 mL,HIERRO (III) POLIMALTOSA,5
3,0.85,981240.0,FERANIN BEBIBLE x 5ml x 5 AMP,HIERRO POLIMALTOSADO,5.0,60389,FERANIN,100 mg/ 5 mL,HIERRO (III) POLIMALTOSA,5
1,0.9,997831.0,FERANIN FORTE GOTAS x 20ml,HIERRO POLIMALTOSADO,1.0,4799,FERANIN FORTE,50 mg/ mL,HIERRO POLIMALTOSA,1
2,0.9,997831.0,FERANIN FORTE GOTAS x 20ml,HIERRO POLIMALTOSADO,1.0,58131,FERANIN FORTE,50 mg/ mL,HIERRO POLIMALTOSA,1
3,0.8643,997831.0,FERANIN FORTE GOTAS x 20ml,HIERRO POLIMALTOSADO,1.0,44627,FERANIN FORTE,50 mg/ mL,HIERRO (III) POLIMALTOSA,1
1,1.0243,997938.0,EUTIROX 50mg x 50 TAB - MERCK,LEVOTIROXINA - TABLETA,50.0,38232,EUTIROX,50 mcg,LEVOTIROXINA DE SODIO,50
2,1.0243,997938.0,EUTIROX 50mg x 50 TAB - MERCK,LEVOTIROXINA - TABLETA,50.0,57187,EUTIROX,50 mcg,LEVOTIROXINA DE SODIO,50
3,1.0097,997938.0,EUTIROX 50mg x 50 TAB - MERCK,LEVOTIROXINA - TABLETA,50.0,38221,EUTIROX,150 mcg,LEVOTIROXINA DE SODIO,50
1,0.9818,1009612.0,ACICLOVIR 800mg x 10 TAB - FARMINDUSTRIA,ACICLOVIR - TABLETA,10.0,39695,ACICLOVIR,800 mg,ACICLOVIR,10
2,0.9818,1009612.0,ACICLOVIR 800mg x 10 TAB - FARMINDUSTRIA,ACICLOVIR - TABLETA,10.0,40009,ACICLOVIR,800 mg,ACICLOVIR,10
3,0.9818,1009612.0,ACICLOVIR 800mg x 10 TAB - FARMINDUSTRIA,ACICLOVIR - TABLETA,10.0,41346,ACICLOVIR,800 mg,ACICLOVIR,10
1,0.869,1015156.0,CLORANFENICOL 250mg x 60ml PORTUGAL,CLORANFENICOL - JARABE,12.0,44075,CLORANFENICOL,250 mg/ 5 mL,CLORANFENICOL PALMITATO,1
2,0.869,1015156.0,CLORANFENICOL 250mg x 60ml PORTUGAL,CLORANFENICOL - JARABE,12.0,45107,CLORANFENICOL,250 mg/ 5 mL,CLORANFENICOL PALMITATO,1
3,0.85,1015156.0,CLORANFENICOL 250mg x 60ml PORTUGAL,CLORANFENICOL - JARABE,12.0,44169,CLORANFENICOL,500 mg,CLORANFENICOL,100
1,0.8508,1015584.0,REFLUCIL 5mg x 30 TAB,<NINGUNO>,30.0,41612,REFLUCIL,5 mg,MOSAPRIDA CITRATO DIHIDRATO,30
2,0.8508,1015584.0,REFLUCIL 5mg x 30 TAB,<NINGUNO>,30.0,53364,REFLUCIL®,5 mg,MOSAPRIDA CITRATO DIHIDRATO,30
1,0.8424,1027719.0,HISALER D GOTAS x 15ml,PSEUDOEFREDRINA 30MG GOTAS,1.0,49298,HISALER®,5 mg/ 5 mL,CETIRIZINA CLORHIDRATO,1
2,0.8364,1027719.0,HISALER D GOTAS x 15ml,PSEUDOEFREDRINA 30MG GOTAS,1.0,50203,HISALER D,120 mg + 5 mg,CETIRIZINA CLORHIDRATO + CLORHIDRATO DE PSEUDOEFEDRINA,100
3,0.8364,1027719.0,HISALER D GOTAS x 15ml,PSEUDOEFREDRINA 30MG GOTAS,1.0,50250,HISALER D,120 mg + 5 mg,CETIRIZINA CLORHIDRATO + CLORHIDRATO DE PSEUDOEFEDRINA,30
1,1.0818,1032898.0,CELECOXIB 200mg x 100 CAP - INDUQUIMICA,CELECOXIB,100.0,42596,CELECOXIB,200 mg,CELECOXIB,100
2,0.9955,1032898.0,CELECOXIB 200mg x 100 CAP - INDUQUIMICA,CELECOXIB,100.0,47079,CELECOXIB,400 mg,CELECOXIB,50
3,0.9818,1032898.0,CELECOXIB 200mg x 100 CAP - INDUQUIMICA,CELECOXIB,100.0,37633,CELECOXIB,200 mg,CELECOXIB,100
1,0.8286,1034270.0,GRAVERGOL x 20 CAP,ERGOTAMINA 1MG TAB,20.0,51240,GRAVERGOL,1 mg + 100 mg,CAFEINA + ERGOTAMINA TARTRATO,20
1,1.0818,1040677.0,GEMFIBROZILO 600mg x 20 TAB. GEN FAR,GEMFIBROZILO - TABLETA,20.0,56275,GEMFIBROZILO,600 mg,GEMFIBROZILO,20
2,1.0318,1040677.0,GEMFIBROZILO 600mg x 20 TAB. GEN FAR,GEMFIBROZILO - TABLETA,20.0,43473,GEMFIBROZILO,600 mg,GEMFIBROZILO,100
3,1.0318,1040677.0,GEMFIBROZILO 600mg x 20 TAB. GEN FAR,GEMFIBROZILO - TABLETA,20.0,45800,GEMFIBROZILO,600 mg,GEMFIBROZILO,30
1,0.8436,1040891.0,INFURIN SUSP. x 120ml. HERSIL,<NINGUNO>,1.0,41235,INFURIN,25 mg/ 5 mL,NITROFURANTOINA,1
2,0.8436,1040891.0,INFURIN SUSP. x 120ml. HERSIL,<NINGUNO>,1.0,61836,INFURIN,25 mg/ 5 mL,NITROFURANTOINA,1
3,0.8227,1040891.0,INFURIN SUSP. x 120ml. HERSIL,<NINGUNO>,1.0,48272,INFURIN,100 mg,NITROFURANTOINA,20
1,0.9818,1050042.0,CLORANFENICOL 500mg x 100 CAP - PORTUGAL,CLORANFENICOL - CAPSULA,100.0,44169,CLORANFENICOL,500 mg,CLORANFENICOL,100
2,0.8167,1050042.0,CLORANFENICOL 500mg x 100 CAP - PORTUGAL,CLORANFENICOL - CAPSULA,100.0,44075,CLORANFENICOL,250 mg/ 5 mL,CLORANFENICOL PALMITATO,1
3,0.8167,1050042.0,CLORANFENICOL 500mg x 100 CAP - PORTUGAL,CLORANFENICOL - CAPSULA,100.0,45107,CLORANFENICOL,250 mg/ 5 mL,CLORANFENICOL PALMITATO,1
1,1.0461,1050363.0,TETRACICLINA 500mg x 100 CAP - PORTUGAL,TETRACICLINA  TABLETA,100.0,44450,TETRACICLINA,500 mg,TETRACICLINA CLORHIDRATO,100
2,0.8766,1050363.0,TETRACICLINA 500mg x 100 CAP - PORTUGAL,TETRACICLINA  TABLETA,100.0,50634,TETRACICLINA,500 mg,TETRACAINA CLORHIDRATO,100
1,0.8333,1052056.0,CLORURO DE SODIO 0.9% x 1000ml - B.BRAUN,<NINGUNO>,1.0,2857,CLORURO DE SODIO,0.9 %,CLORURO DE SODIO,1
2,0.8333,1052056.0,CLORURO DE SODIO 0.9% x 1000ml - B.BRAUN,<NINGUNO>,1.0,2858,CLORURO DE SODIO,0.9 %,CLORURO DE SODIO,1
3,0.8333,1052056.0,CLORURO DE SODIO 0.9% x 1000ml - B.BRAUN,<NINGUNO>,1.0,28583,CLORURO DE SODIO,0.9 %,CLORURO DE SODIO,1
1,1.0818,1054391.0,COLUFASE 500mg x 6 TAB,NITAZOXANIDA,6.0,44105,COLUFASE,500 mg,NITAZOXANIDA,6
2,0.9818,1054391.0,COLUFASE 500mg x 6 TAB,NITAZOXANIDA,6.0,50994,COLUFASE,500 mg,NITAZOXANIDA,6
3,0.95,1054391.0,COLUFASE 500mg x 6 TAB,NITAZOXANIDA,6.0,44194,COLUFASE,100 mg/ 5 mL,NITAZOXANIDA,1
1,0.8803,1061919.0,TENSODOX 5mg x 20 TAB,<NINGUNO>,20.0,37584,TENSODOX,5 mg,CICLOBENZAPRINA CLORHIDRATO,20
2,0.8088,1061919.0,TENSODOX 5mg x 20 TAB,<NINGUNO>,20.0,39576,TENSODOX,10 mg,CICLOBENZAPRINA CLORHIDRATO,20
1,0.8643,1078119.0,NASTIZOL NF ANTIGRIPAL x 200 TAB,CLORFENAMINA TABLETA,200.0,54030,NASTIZOL NF ANTIGRIPAL,500 mg + 15 mg + 5 mg + 2 mg,CLORFENAMINA MALEATO + DEXTROMETORFANO BROMHIDRATO + FENILEFRINA CLORHIDRATO + PARACETAMOL,200
2,0.8143,1078119.0,NASTIZOL NF ANTIGRIPAL x 200 TAB,CLORFENAMINA TABLETA,200.0,41999,NASTIZOL,1 mg + 30 mg/ mL,CLORFENAMINA MALEATO + PSEUDOEFEDRINA SULFATO,1
3,0.8143,1078119.0,NASTIZOL NF ANTIGRIPAL x 200 TAB,CLORFENAMINA TABLETA,200.0,43891,NASTIZOL,,CLORFENAMINA MALEATO + PSEUDOEFEDRINA SULFATO,1
1,0.8333,1082077.0,CLORURO DE SODIO 20% x 20ml (DESHIDRAL) LUSA,<NINGUNO>,1.0,59602,CLORURO DE SODIO,20 %,CLORURO DE SODIO,1
2,0.8133,1082077.0,CLORURO DE SODIO 20% x 20ml (DESHIDRAL) LUSA,<NINGUNO>,1.0,59598,CLORURO DE SODIO,0.9 %,CLORURO DE SODIO,1
1,0.8537,1097019.0,FLECTADOL 250mg/300mg CAJA  x 60 TABLETAS,<NINGUNO>,60.0,54685,FLECTADOL,250 mg/ 300 mg,CLORZOXAZONA + PARACETAMOL,60
1,0.9214,1097554.0,DEXAMETASONA TAB. 1mg x 40 - FARMINDUSTRIA,DEXAMETASONA TABLETAS,40.0,37907,DEXAMETASONA,1 mg,DEXAMETASONA,100
2,0.8643,1097554.0,DEXAMETASONA TAB. 1mg x 40 - FARMINDUSTRIA,DEXAMETASONA TABLETAS,40.0,38611,DEXAMETASONA,4 mg,DEXAMETASONA,100
3,0.8643,1097554.0,DEXAMETASONA TAB. 1mg x 40 - FARMINDUSTRIA,DEXAMETASONA TABLETAS,40.0,40686,DEXAMETASONA,4 mg,DEXAMETASONA,200
1,0.9714,1097661.0,DEXAMETASONA TAB. 4mg x 100 - INDUQUIMICA,DEXAMETASONA TABLETAS,100.0,38611,DEXAMETASONA,4 mg,DEXAMETASONA,100
2,0.9714,1097661.0,DEXAMETASONA TAB. 4mg x 100 - INDUQUIMICA,DEXAMETASONA TABLETAS,100.0,42074,DEXAMETASONA,4 mg,DEXAMETASONA,100
3,0.9714,1097661.0,DEXAMETASONA TAB. 4mg x 100 - INDUQUIMICA,DEXAMETASONA TABLETAS,100.0,43371,DEXAMETASONA,4 mg,DEXAMETASONA,100
1,0.8286,1101984.0,GRAVERGOL x 100 CAP,ERGOTAMINA 1MG TAB,100.0,51239,GRAVERGOL,1 mg + 100 mg,CAFEINA + ERGOTAMINA TARTRATO,100
1,1.0556,1108177.0,METOCLOPRAMIDA 10mg/2ml x 5 AMP - GENFAR,METOCLOPRAMIDA AMPOLLA,5.0,37574,METOCLOPRAMIDA,10 mg/ 2 mL,METOCLOPRAMIDA,5
2,1.0243,1108177.0,METOCLOPRAMIDA 10mg/2ml x 5 AMP - GENFAR,METOCLOPRAMIDA AMPOLLA,5.0,59344,METOCLOPRAMIDA,10 mg/ 2 mL,METOCLOPRAMIDA CLORHIDRATO MONOHIDRATO,5
3,0.9743,1108177.0,METOCLOPRAMIDA 10mg/2ml x 5 AMP - GENFAR,METOCLOPRAMIDA AMPOLLA,5.0,52406,METOCLOPRAMIDA,10 mg/ 2 mL,METOCLOPRAMIDA CLORHIDRATO MONOHIDRATO,50
1,0.9055,1108719.0,CEFADROXILO 250mg/5ml x 80ml - GEN FAR,CEFADROXILO - JARABE,1.0,40691,CEFADROXILO,250 mg/ 5 mL,CEFADROXILO MONOHIDRATO,1
2,0.9055,1108719.0,CEFADROXILO 250mg/5ml x 80ml - GEN FAR,CEFADROXILO - JARABE,1.0,47177,CEFADROXILO,250 mg/ 5 mL,CEFADROXILO MONOHIDRATO,1
3,0.9055,1108719.0,CEFADROXILO 250mg/5ml x 80ml - GEN FAR,CEFADROXILO - JARABE,1.0,51667,CEFADROXILO,250 mg/ 5 mL,CEFADROXILO MONOHIDRATO,1
1,0.8866,1112784.0,FUROSEMIDA 40mg TAB x 100 - GEN FAR,<NINGUNO>,100.0,40132,FUROSEMIDA,40 mg,FUROSEMIDA,100
2,0.8866,1112784.0,FUROSEMIDA 40mg TAB x 100 - GEN FAR,<NINGUNO>,100.0,58668,FUROSEMIDA,40 mg,FUROSEMIDA,100
1,1.0524,1113791.0,CLARITROMICINA 250mg JBE x 50ml - FARMINDUSTRIA,CLARITROMICINA - JARABE,1.0,38799,CLARITROMICINA,250 mg/ 5 mL,CLARITROMICINA,1
2,1.0524,1113791.0,CLARITROMICINA 250mg JBE x 50ml - FARMINDUSTRIA,CLARITROMICINA - JARABE,1.0,38945,CLARITROMICINA,250 mg/ 5 mL,CLARITROMICINA,1
3,1.0524,1113791.0,CLARITROMICINA 250mg JBE x 50ml - FARMINDUSTRIA,CLARITROMICINA - JARABE,1.0,40537,CLARITROMICINA,250 mg/ 5 mL,CLARITROMICINA,1
1,0.8781,1117612.0,ERYTROM 250mg SUSPENSION x 60ml,<NINGUNO>,1.0,38313,ERYTROM,250 mg/ 5 mL,ERITROMICINA ETILSUCCINATO,1
2,0.8781,1117612.0,ERYTROM 250mg SUSPENSION x 60ml,<NINGUNO>,1.0,41498,ERYTROM,250 mg/ 5 mL,ERITROMICINA ETILSUCCINATO,1
3,0.8781,1117612.0,ERYTROM 250mg SUSPENSION x 60ml,<NINGUNO>,1.0,57876,ERYTROM,250 mg/ 5 mL,ERITROMICINA ETILSUCCINATO,1
1,0.8752,1122470.0,INFECTRIM FORTE 800/160mg x 100 TAB,SULF.+ TRIM 400/80MG. JARABE,100.0,44644,INFECTRIM FORTE,800 mg + 160 mg,SULFAMETOXAZOL + TRIMETOPRIMA,100
2,0.8752,1122470.0,INFECTRIM FORTE 800/160mg x 100 TAB,SULF.+ TRIM 400/80MG. JARABE,100.0,60286,INFECTRIM® FORTE,800 mg + 160 mg,SULFAMETOXAZOL + TRIMETOPRIMA,100
3,0.8752,1122470.0,INFECTRIM FORTE 800/160mg x 100 TAB,SULF.+ TRIM 400/80MG. JARABE,100.0,61794,INFECTRIM FORTE,800 mg + 160 mg,SULFAMETOXAZOL + TRIMETOPRIMA,100
1,0.826,1122577.0,INFECTRIM FORTE JBE x 100ml,SULF + TRIM.200/40MG.JARABE,1.0,39859,INFECTRIM FORTE,400 mg + 80 mg/ 5 mL,SULFAMETOXAZOL + TRIMETOPRIMA,1
2,0.826,1122577.0,INFECTRIM FORTE JBE x 100ml,SULF + TRIM.200/40MG.JARABE,1.0,45595,INFECTRIM,200 mg + 40 mg/ 5 mL,SULFAMETOXAZOL + TRIMETOPRIMA,1
3,0.826,1122577.0,INFECTRIM FORTE JBE x 100ml,SULF + TRIM.200/40MG.JARABE,1.0,60814,INFECTRIM FORTE,400 mg + 80 mg/ 5 mL,SULFAMETOXAZOL + TRIMETOPRIMA,1
1,0.9,1125277.0,MICOTERAT 1% CREMA x 15gr,<NINGUNO>,1.0,50709,MICOTERAT,1 %,TERBINAFINA CLORHIDRATO,1
1,1.0818,1135719.0,APRONAX 550mg TAB x 120,NAPROXENO - TABLETA,120.0,37668,APRONAX,550 mg,NAPROXENO,120
2,0.9864,1135719.0,APRONAX 550mg TAB x 120,NAPROXENO - TABLETA,120.0,40368,APRONAX,550 mg,NAPROXENO SODICO,60
3,0.9864,1135719.0,APRONAX 550mg TAB x 120,NAPROXENO - TABLETA,120.0,46893,APRONAX,550 mg,NAPROXENO SODICO,4
1,0.9583,1142812.0,HISALER JBE x 60ml,CETIRIZINA - JARABE,1.0,55239,HISALER,10 mg/ mL,CETIRIZINA CLORHIDRATO,1
2,0.9311,1142812.0,HISALER JBE x 60ml,CETIRIZINA - JARABE,1.0,49298,HISALER®,5 mg/ 5 mL,CETIRIZINA CLORHIDRATO,1
3,0.8972,1142812.0,HISALER JBE x 60ml,CETIRIZINA - JARABE,1.0,33827,HISALER,10 mg,CETIRIZINA DICLORHIDRATO,120
1,1.0152,1144933.0,SILDENAFILO 100mg x 1 TAB - GEN FAR,SILDENAFILO 100MG - TABLETA,1.0,40208,SILDENAFILO,100 mg,SILDENAFILO CITRATO,1
2,1.0152,1144933.0,SILDENAFILO 100mg x 1 TAB - GEN FAR,SILDENAFILO 100MG - TABLETA,1.0,58784,SILDENAFILO,100 mg,SILDENAFILO CITRATO,1
3,1.0152,1144933.0,SILDENAFILO 100mg x 1 TAB - GEN FAR,SILDENAFILO 100MG - TABLETA,1.0,61177,SILDENAFILO,100 mg,SILDENAFILO CITRATO,1
1,0.8579,1149754.0,CEFACLOR 250mg x 75ml - IQFARMA,<NINGUNO>,1.0,41545,CEFACLOR,250 mg/ 5 mL,CEFACLOR MONOHIDRATO,1
2,0.8579,1149754.0,CEFACLOR 250mg x 75ml - IQFARMA,<NINGUNO>,1.0,61620,CEFACLOR,250 mg/ 5 mL,CEFACLOR MONOHIDRATO,1
1,0.9135,1150049.0,AMITRIPTILINA 25mg x 100 TAB - IQFARMA,AMITRIPTILINA 25MG - TAB,100.0,30866,AMITRIPTILINA,25 mg,AMITRIPTILINA CLORHIDRATO,100
2,0.9135,1150049.0,AMITRIPTILINA 25mg x 100 TAB - IQFARMA,AMITRIPTILINA 25MG - TAB,100.0,38210,AMITRIPTILINA,25 mg,AMITRIPTILINA CLORHIDRATO,100
3,0.9135,1150049.0,AMITRIPTILINA 25mg x 100 TAB - IQFARMA,AMITRIPTILINA 25MG - TAB,100.0,38641,AMITRIPTILINA,25 mg,AMITRIPTILINA CLORHIDRATO,100
1,0.8354,1156419.0,HISALER D JBE x 60ml,PSEUDOEFREDRINA JARABE,1.0,55239,HISALER,10 mg/ mL,CETIRIZINA CLORHIDRATO,1
2,0.8081,1156419.0,HISALER D JBE x 60ml,PSEUDOEFREDRINA JARABE,1.0,49298,HISALER®,5 mg/ 5 mL,CETIRIZINA CLORHIDRATO,1
3,0.8023,1156419.0,HISALER D JBE x 60ml,PSEUDOEFREDRINA JARABE,1.0,50203,HISALER D,120 mg + 5 mg,CETIRIZINA CLORHIDRATO + CLORHIDRATO DE PSEUDOEFEDRINA,100
1,0.9731,1159012.0,FLUIMUCIL 200mg x 30 SOB. ADULTO,ACETILCISTEINA ORAL,30.0,5022,FLUIMUCIL ORAL,200 mg,ACETILCISTEINA,30
2,0.9731,1159012.0,FLUIMUCIL 200mg x 30 SOB. ADULTO,ACETILCISTEINA ORAL,30.0,48119,FLUIMUCIL ORAL,200 mg,ACETILCISTEINA,30
3,0.95,1159012.0,FLUIMUCIL 200mg x 30 SOB. ADULTO,ACETILCISTEINA ORAL,30.0,5020,FLUIMUCIL,100 mg/ 5 mL,ACETILCISTEINA,1
1,1.0,1160377.0,IBUPROFENO JBE x 120ml - GENFAR,IBUPROFENO JARABE,1.0,42459,IBUPROFENO,100 mg/ 5 mL,IBUPROFENO,1
2,1.0,1160377.0,IBUPROFENO JBE x 120ml - GENFAR,IBUPROFENO JARABE,1.0,55766,IBUPROFENO,100 mg/ 5 mL,IBUPROFENO,1
3,1.0,1160377.0,IBUPROFENO JBE x 120ml - GENFAR,IBUPROFENO JARABE,1.0,57242,IBUPROFENO,100 mg/ 5 mL,IBUPROFENO,1
1,0.9758,1164626.0,DOLOFARMALAN 75mg. INY x 5 AMP.,DICLOFENACO - AMPOLLA,5.0,38491,DOLOFARMALAN,75 mg/ 3 mL,DICLOFENACO SODICO,5
2,0.9258,1164626.0,DOLOFARMALAN 75mg. INY x 5 AMP.,DICLOFENACO - AMPOLLA,5.0,38492,DOLOFARMALAN,75 mg/ 3 mL,DICLOFENACO SODICO,25
3,0.9258,1164626.0,DOLOFARMALAN 75mg. INY x 5 AMP.,DICLOFENACO - AMPOLLA,5.0,38493,DOLOFARMALAN,75 mg/ 3 mL,DICLOFENACO SODICO,50
1,1.1,1179775.0,TEGRETOL 2 % JBE x 100 ml,CARBAMAZEPINA - TABLETA,1.0,46653,TEGRETOL,2 %,CARBAMAZEPINA,1
2,1.0714,1179775.0,TEGRETOL 2 % JBE x 100 ml,CARBAMAZEPINA - TABLETA,1.0,61150,TEGRETOL,100 mg/ 5 mL,CARBAMAZEPINA,1
3,0.9643,1179775.0,TEGRETOL 2 % JBE x 100 ml,CARBAMAZEPINA - TABLETA,1.0,49308,TEGRETOL,200 mg,CARBAMAZEPINA,20
1,0.8857,1185754.0,XILONEST JALEA 2 % Tub. x 30 ml,<NINGUNO>,1.0,35594,XILONEST,2 %,LIDOCAINA CLORHIDRATO,1
2,0.8857,1185754.0,XILONEST JALEA 2 % Tub. x 30 ml,<NINGUNO>,1.0,37632,XILONEST,2 %,LIDOCAINA CLORHIDRATO,1
3,0.8857,1185754.0,XILONEST JALEA 2 % Tub. x 30 ml,<NINGUNO>,1.0,50259,XILONEST,2 %,LIDOCAINA CLORHIDRATO,1
1,0.9423,1186440.0,DERMOVATE 0.05% Loc. Cap. x 30 ml,CLOBETASOL CREMA,1.0,39435,DERMOVATE,0.05 %,17-PROPIONATO DE CLOBETASOL,1
2,0.9423,1186440.0,DERMOVATE 0.05% Loc. Cap. x 30 ml,CLOBETASOL CREMA,1.0,41595,DERMOVATE,0.05 %,17-PROPIONATO DE CLOBETASOL,1
3,0.9423,1186440.0,DERMOVATE 0.05% Loc. Cap. x 30 ml,CLOBETASOL CREMA,1.0,41596,DERMOVATE,0.05 %,17-PROPIONATO DE CLOBETASOL,1
1,0.8716,1191519.0,BIANOS 1gr x 2 TAB - UNIMED,<NINGUNO>,2.0,44414,BIANOS,1 g,SECNIDAZOL,2
1,0.9432,1196768.0,DILTIAZEM 60mg x 20 TAB - GEN FAR,DILTIAZEN 60MG  - TABLETA,20.0,39721,DILTIAZEM,60 mg,DILTIAZEM CLORHIDRATO,20
2,0.9432,1196768.0,DILTIAZEM 60mg x 20 TAB - GEN FAR,DILTIAZEN 60MG  - TABLETA,20.0,58430,DILTIAZEM,60 mg,DILTIAZEM CLORHIDRATO,20
3,0.8432,1196768.0,DILTIAZEM 60mg x 20 TAB - GEN FAR,DILTIAZEN 60MG  - TABLETA,20.0,45257,DILTIAZEM,60 mg,DILTIAZEM CLORHIDRATO,20
1,0.9382,1197133.0,TRUCTUM 0.3% Gts. x 5 ml,<NINGUNO>,1.0,42436,TRUCTUM,0.3 %,OFLOXACINO,1
1,0.8141,1198568.0,DEXAFAR 4mg / ml x 2 AMP,<NINGUNO>,2.0,49081,DEXAFAR,4 mg/ mL,DEXAMETASONA FOSFATO SODICO,2
1,0.8473,1199903.0,GLUCOVANCE 500/5.0mg x 30 COMP,<NINGUNO>,30.0,42833,GLUCOVANCE,500 mg + 5 mg,GLIBENCLAMIDA + CLORHIDRATO DE METFORMINA,30
2,0.8268,1199903.0,GLUCOVANCE 500/5.0mg x 30 COMP,<NINGUNO>,30.0,44335,GLUCOVANCE,500 mg/ 2.5 mg,GLIBENCLAMIDA + CLORHIDRATO DE METFORMINA,30
1,0.8631,1200128.0,GLUCOPHAGE 850mg x 30 Comp.,<NINGUNO>,30.0,47143,GLUCOPHAGE,850 mg,CLORHIDRATO DE METFORMINA,30
2,0.8631,1200128.0,GLUCOPHAGE 850mg x 30 Comp.,<NINGUNO>,30.0,58120,GLUCOPHAGE,850 mg,CLORHIDRATO DE METFORMINA,30
1,1.0,1200770.0,MACRODANTINA 25mg Susp.x 120ml,NITROFURANTOINA - TABLETA,1.0,37716,MACRODANTINA,25 mg/ 5 mL,NITROFURANTOINA,1
2,0.975,1200770.0,MACRODANTINA 25mg Susp.x 120ml,NITROFURANTOINA - TABLETA,1.0,40842,MACRODANTINA,100 mg,NITROFURANTOINA,120
3,0.975,1200770.0,MACRODANTINA 25mg Susp.x 120ml,NITROFURANTOINA - TABLETA,1.0,40843,MACRODANTINA,100 mg,NITROFURANTOINA,40
1,1.0067,1200877.0,DOLORAL GOTAS x 15ml,IBUPROFENO JARABE,1.0,39684,DOLORAL,100 mg/ 5 mL,IBUPROFENO,1
2,1.0067,1200877.0,DOLORAL GOTAS x 15ml,IBUPROFENO JARABE,1.0,61258,DOLORAL,100 mg/ 5 mL,IBUPROFENO,1
3,1.0067,1200877.0,DOLORAL GOTAS x 15ml,IBUPROFENO JARABE,1.0,61661,DOLORAL,100 mg/ 5 mL,IBUPROFENO,1
1,0.8941,1201028.0,GASEOPLUS 80mg GOTAS x 15ml FRESA,MAGALDRATO/SIMETICONA GOTAS,1.0,37303,GASEOPLUS,80 mg/ mL,SIMETICONA,1
2,0.8941,1201028.0,GASEOPLUS 80mg GOTAS x 15ml FRESA,MAGALDRATO/SIMETICONA GOTAS,1.0,42464,GASEOPLUS FRESA,80 mg/ mL,SIMETICONA,1
3,0.8941,1201028.0,GASEOPLUS 80mg GOTAS x 15ml FRESA,MAGALDRATO/SIMETICONA GOTAS,1.0,61607,GASEOPLUS,80 mg/ mL,SIMETICONA,1
1,1.0818,1206384.0,DOLOMAX 400mg x 20 TABLETAS,IBUPROFENO 400MG.TABLETA,20.0,35511,DOLOMAX,400 mg,IBUPROFENO,20
2,1.0318,1206384.0,DOLOMAX 400mg x 20 TABLETAS,IBUPROFENO 400MG.TABLETA,20.0,35512,DOLOMAX,400 mg,IBUPROFENO,120
3,1.0318,1206384.0,DOLOMAX 400mg x 20 TABLETAS,IBUPROFENO 400MG.TABLETA,20.0,37398,DOLOMAX,400 mg,IBUPROFENO,100
1,1.0778,1206605.0,GASEOVET 80mg x 120 TAB,MAGALDRATO/SIMETICONA TABLETAS,120.0,35558,GASEOVET,80 mg,SIMETICONA,120
2,1.0278,1206605.0,GASEOVET 80mg x 120 TAB,MAGALDRATO/SIMETICONA TABLETAS,120.0,35557,GASEOVET,80 mg,SIMETICONA,30
3,0.9833,1206605.0,GASEOVET 80mg x 120 TAB,MAGALDRATO/SIMETICONA TABLETAS,120.0,40825,GASEOVET,80 mg/ mL,SIMETICONA,1
1,1.0818,1206926.0,METRONIDAZOL 500mg TAB x 100 - PORTUGAL,METRONIDAZOL - TABLETA,100.0,42114,METRONIDAZOL,500 mg,METRONIDAZOL,100
2,0.9818,1206926.0,METRONIDAZOL 500mg TAB x 100 - PORTUGAL,METRONIDAZOL - TABLETA,100.0,7455,METRONIDAZOL,500 mg,METRONIDAZOL,100
3,0.9818,1206926.0,METRONIDAZOL 500mg TAB x 100 - PORTUGAL,METRONIDAZOL - TABLETA,100.0,38649,METRONIDAZOL,500 mg,METRONIDAZOL,100
1,0.8833,1213477.0,DEXTROSA 5% x 1000ml - MEDIFARMA,<NINGUNO>,1.0,38484,DEXTROSA,5 %,DEXTROSA,1
2,0.8833,1213477.0,DEXTROSA 5% x 1000ml - MEDIFARMA,<NINGUNO>,1.0,38485,DEXTROSA,5 %,DEXTROSA,1
3,0.8833,1213477.0,DEXTROSA 5% x 1000ml - MEDIFARMA,<NINGUNO>,1.0,38487,DEXTROSA,5 %,DEXTROSA,1
1,0.9333,1213584.0,CLORURO DE SODIO 0.9% x 1000ml - MEDIFARMA,<NINGUNO>,1.0,45899,CLORURO DE SODIO,9 ‰,CLORURO DE SODIO,1
2,0.9333,1213584.0,CLORURO DE SODIO 0.9% x 1000ml - MEDIFARMA,<NINGUNO>,1.0,48386,CLORURO DE SODIO,9 ‰,CLORURO DE SODIO,1
3,0.9333,1213584.0,CLORURO DE SODIO 0.9% x 1000ml - MEDIFARMA,<NINGUNO>,1.0,50154,CLORURO DE SODIO,0.9 %,CLORURO DE SODIO,1
1,0.8615,1216719.0,NORFLEX PLUS x 10 TAB,ORFENADRINA - TABLETA,10.0,40410,NORFLEX PLUS,35 mg + 450 mg,ORFENADRINA CITRATO + PARACETAMOL,10
2,0.8615,1216719.0,NORFLEX PLUS x 10 TAB,ORFENADRINA - TABLETA,10.0,49317,NORFLEX,100 mg,ORFENADRINA CITRATO,10
3,0.8115,1216719.0,NORFLEX PLUS x 10 TAB,ORFENADRINA - TABLETA,10.0,38544,NORFLEX,60 mg/ 2 mL,ORFENADRINA CITRATO,1
1,0.9402,1234177.0,CEFALEXINA 500mg x 100 CAP - IQFARMA,CEFALEXINA TABLETA,100.0,37770,CEFALEXINA,500 mg,CEFALEXINA MONOHIDRATO,100
2,0.9402,1234177.0,CEFALEXINA 500mg x 100 CAP - IQFARMA,CEFALEXINA TABLETA,100.0,39036,CEFALEXINA,500 mg,CEFALEXINA MONOHIDRATO,100
3,0.9402,1234177.0,CEFALEXINA 500mg x 100 CAP - IQFARMA,CEFALEXINA TABLETA,100.0,41548,CEFALEXINA,500 mg,CEFALEXINA MONOHIDRATO,100
1,0.9,1236412.0,CLOTRIMAZOL CREMA VAGINAL x 40gr - GEN FAR,CLOTRIMAZOL - CREMA,1.0,55993,CLOTRIMAZOL,1 %,CLOTRIMAZOL,1
2,0.9,1236412.0,CLOTRIMAZOL CREMA VAGINAL x 40gr - GEN FAR,CLOTRIMAZOL - CREMA,1.0,55994,CLOTRIMAZOL,1 %,CLOTRIMAZOL,1
3,0.9,1236412.0,CLOTRIMAZOL CREMA VAGINAL x 40gr - GEN FAR,CLOTRIMAZOL - CREMA,1.0,56768,CLOTRIMAZOL,1 %,CLOTRIMAZOL,1
1,0.8423,1239540.0,QUANTRUM 500mg x 5Comp.,<NINGUNO>,5.0,38532,QUANTRUM,750 mg,LEVOFLOXACINO HEMIHIDRATO,5
1,1.0167,1242712.0,ZITROMAX SUSP. 200mg x 30ml.,AZITROMICINA JARABE,1.0,11822,ZITROMAX,200 mg/ 5 mL,AZITROMICINA DIHIDRATO,1
2,1.0167,1242712.0,ZITROMAX SUSP. 200mg x 30ml.,AZITROMICINA JARABE,1.0,11823,ZITROMAX,200 mg/ 5 mL,AZITROMICINA DIHIDRATO,1
3,1.0167,1242712.0,ZITROMAX SUSP. 200mg x 30ml.,AZITROMICINA JARABE,1.0,42751,ZITROMAX,200 mg/ 5 mL,AZITROMICINA DIHIDRATO,1
1,1.0818,1244512.0,DOLORAL 200mg x 100 TAB.,IBUPROFENO 400MG.TABLETA,100.0,48646,DOLORAL,200 mg,IBUPROFENO,100
2,1.0818,1244512.0,DOLORAL 200mg x 100 TAB.,IBUPROFENO 400MG.TABLETA,100.0,61647,DOLORAL,200 mg,IBUPROFENO,100
3,1.0455,1244512.0,DOLORAL 200mg x 100 TAB.,IBUPROFENO 400MG.TABLETA,100.0,38547,DOLORAL,400 mg,IBUPROFENO,100
1,1.0434,1245084.0,DOXICICLINA 100mg x 100 CAP - PORTUGAL,DOXICICLINA TABLETA,100.0,40242,DOXICICLINA,100 mg,DOXICICLINA HICLATO,100
2,0.9434,1245084.0,DOXICICLINA 100mg x 100 CAP - PORTUGAL,DOXICICLINA TABLETA,100.0,37468,DOXICICLINA,100 mg,DOXICICLINA HICLATO,100
3,0.9434,1245084.0,DOXICICLINA 100mg x 100 CAP - PORTUGAL,DOXICICLINA TABLETA,100.0,40560,DOXICICLINA,100 mg,DOXICICLINA HICLATO,100
1,0.8374,1260060.0,CLORFENAMINA JBE x 120ml - PORTUGAL,CLORFENAMINA - JARABE,12.0,42690,CLORFENAMINA,10 mg/ mL,CLORFENAMINA MALEATO,100
2,0.8374,1260060.0,CLORFENAMINA JBE x 120ml - PORTUGAL,CLORFENAMINA - JARABE,12.0,54885,CLORFENAMINA,10 mg/ mL,CLORFENAMINA MALEATO,100
3,0.8374,1260060.0,CLORFENAMINA JBE x 120ml - PORTUGAL,CLORFENAMINA - JARABE,12.0,54930,CLORFENAMINA,10 mg/ mL,CLORFENAMINA MALEATO,100
1,1.0,1260063.0,ACICLOVIR AL 5% CREMA x 5gr - FARMINDUSTRIA,ACICLOVIR CREMA,1.0,33775,ACICLOVIR,5 %,ACICLOVIR,1
2,1.0,1260063.0,ACICLOVIR AL 5% CREMA x 5gr - FARMINDUSTRIA,ACICLOVIR CREMA,1.0,40290,ACICLOVIR,5 %,ACICLOVIR,1
3,1.0,1260063.0,ACICLOVIR AL 5% CREMA x 5gr - FARMINDUSTRIA,ACICLOVIR CREMA,1.0,40572,ACICLOVIR,5 %,ACICLOVIR,1
1,0.8097,1262184.0,EPINEFRINA 1mg x 1ml AMP - DANY,<NINGUNO>,1.0,49964,EPINEFRINA,1 mg/ mL,EPINEFRINA,1
1,0.8891,1271291.0,MUCOTRIM PLUS x 120ml (SALBUT. + AMBROXOL) ROXFARMA,AMBROXOL + AMOXICILINA TABLETA,1.0,60002,MUCOTRIM,15 mg/ 5 mL,AMBROXOL CLORHIDRATO,1
2,0.8662,1271291.0,MUCOTRIM PLUS x 120ml (SALBUT. + AMBROXOL) ROXFARMA,AMBROXOL + AMOXICILINA TABLETA,1.0,40053,MUCOTRIM,7.5 mg/ mL,AMBROXOL CLORHIDRATO,1
3,0.8662,1271291.0,MUCOTRIM PLUS x 120ml (SALBUT. + AMBROXOL) ROXFARMA,AMBROXOL + AMOXICILINA TABLETA,1.0,53620,MUCOTRIM,7.5 mg/ mL,AMBROXOL CLORHIDRATO,1
1,0.831,1275219.0,GRAVOL GOTAS x 10ml,<NINGUNO>,1.0,35600,GRAVOL,15 mg/ 5 mL,DIMENHIDRINATO,1
2,0.831,1275219.0,GRAVOL GOTAS x 10ml,<NINGUNO>,1.0,40824,GRAVOL,12.5 mg/ mL,DIMENHIDRINATO,1
3,0.831,1275219.0,GRAVOL GOTAS x 10ml,<NINGUNO>,1.0,61309,GRAVOL,15 mg/ 5 mL,DIMENHIDRINATO,1
1,0.9818,1283640.0,ZENTEL 400mg x 50 TAB,ALBENDAZOL - TABLETA,50.0,37787,ZENTEL,400 mg,ALBENDAZOL,50
2,0.9818,1283640.0,ZENTEL 400mg x 50 TAB,ALBENDAZOL - TABLETA,50.0,60834,ZENTEL,400 mg,ALBENDAZOL,50
3,0.8676,1283640.0,ZENTEL 400mg x 50 TAB,ALBENDAZOL - TABLETA,50.0,56563,ZENTEL,400 mg/ 10 mL,ALBENDAZOL,1
1,0.8485,1283747.0,BRONCO AMOXICLIN 500mg x 100 TAB - SIEGFRIED,AMOXICILINA + ACIDO CLAV. JARABE,100.0,42496,AMOXICLIN,500 mg,AMOXICILINA TRIHIDRATO,96
1,0.8252,1291205.0,GRAVOL 1 IM IV x 1ml CJA x 3 AMP,<NINGUNO>,3.0,53768,GRAVOL,12.5 mg,DIMENHIDRINATO,3
2,0.818,1291205.0,GRAVOL 1 IM IV x 1ml CJA x 3 AMP,<NINGUNO>,3.0,35499,GRAVOL 1,50 mg/ mL,DIMENHIDRINATO,3
1,0.9461,1305605.0,ERITROMICINA 500mg TAB x 100 - PORTUGAL,ERITROMICINA CAPSULA,100.0,41341,ERITROMICINA,500 mg,ERITROMICINA ETILSUCCINATO,100
2,0.9461,1305605.0,ERITROMICINA 500mg TAB x 100 - PORTUGAL,ERITROMICINA CAPSULA,100.0,44753,ERITROMICINA,500 mg,ERITROMICINA ESTEARATO,100
3,0.8961,1305605.0,ERITROMICINA 500mg TAB x 100 - PORTUGAL,ERITROMICINA CAPSULA,100.0,40156,ERITROMICINA,500 mg,ERITROMICINA ESTEARATO,50
1,1.0818,1305712.0,SULFATO FERROSO 300mg.TAB x 100 -PORTUGAL,SULFATO FERROSO TABLETAS,100.0,45014,SULFATO FERROSO,300 mg,SULFATO FERROSO,100
2,0.9818,1305712.0,SULFATO FERROSO 300mg.TAB x 100 -PORTUGAL,SULFATO FERROSO TABLETAS,100.0,48810,SULFATO FERROSO,300 mg,SULFATO FERROSO,100
3,0.9524,1305712.0,SULFATO FERROSO 300mg.TAB x 100 -PORTUGAL,SULFATO FERROSO TABLETAS,100.0,57152,SULFATO FERROSO,300 mg,SULFATO FERROSO HEPTAHIDRATO,100
1,0.88,1306498.0,KETOCONAZOL CREMA x 20gr - PORTUGAL,KETOCONAZOL CREMA,1.0,39240,KETOCONAZOL,2 %,KETOCONAZOL,1
2,0.88,1306498.0,KETOCONAZOL CREMA x 20gr - PORTUGAL,KETOCONAZOL CREMA,1.0,41239,KETOCONAZOL,2 %,KETOCONAZOL,1
3,0.88,1306498.0,KETOCONAZOL CREMA x 20gr - PORTUGAL,KETOCONAZOL CREMA,1.0,49109,KETOCONAZOL,2 %,KETOCONAZOL,1
1,0.912,1306612.0,MUCOTRIM DILAT SOLU. GOTAS ORALES x 15ml,AMBROXOL + AMOXICILINA JARABE,1.0,60002,MUCOTRIM,15 mg/ 5 mL,AMBROXOL CLORHIDRATO,1
2,0.89,1306612.0,MUCOTRIM DILAT SOLU. GOTAS ORALES x 15ml,AMBROXOL + AMOXICILINA JARABE,1.0,40053,MUCOTRIM,7.5 mg/ mL,AMBROXOL CLORHIDRATO,1
3,0.89,1306612.0,MUCOTRIM DILAT SOLU. GOTAS ORALES x 15ml,AMBROXOL + AMOXICILINA JARABE,1.0,53620,MUCOTRIM,7.5 mg/ mL,AMBROXOL CLORHIDRATO,1
1,0.9088,1312798.0,DESTOLIT 5% LOCION x 100ml,<NINGUNO>,1.0,39579,DESTOLIT,5 %,PERMETRINA,1
2,0.9088,1312798.0,DESTOLIT 5% LOCION x 100ml,<NINGUNO>,1.0,39725,DESTOLIT,5 %,PERMETRINA,1
3,0.9088,1312798.0,DESTOLIT 5% LOCION x 100ml,<NINGUNO>,1.0,42082,DESTOLIT,5 %,PERMETRINA,1
1,0.8495,1312912.0,DOLONET FORTE 400mg x 100 CAPSULAS BLANDAS,<NINGUNO>,100.0,41978,DOLONET FORTE,400 mg,IBUPROFENO,100
2,0.8131,1312912.0,DOLONET FORTE 400mg x 100 CAPSULAS BLANDAS,<NINGUNO>,100.0,45545,DOLONET,200 mg,IBUPROFENO,100
1,1.0778,1313377.0,CAPTOPRIL 25mg x 100 TAB - PORTUGAL,CAPTOPRIL TABLETA,100.0,37553,CAPTOPRIL,25 mg,CAPTOPRIL,100
2,0.9778,1313377.0,CAPTOPRIL 25mg x 100 TAB - PORTUGAL,CAPTOPRIL TABLETA,100.0,37108,CAPTOPRIL,25 mg,CAPTOPRIL,100
3,0.9778,1313377.0,CAPTOPRIL 25mg x 100 TAB - PORTUGAL,CAPTOPRIL TABLETA,100.0,37341,CAPTOPRIL,25 mg,CAPTOPRIL,100
1,1.0434,1313698.0,AMOXIDAL DUO 875mg x 98 COMP.,AMOXICILINA CAPSULA,98.0,40554,AMOXIDAL DUO,875 mg,AMOXICILINA TRIHIDRATO,98
2,0.9434,1313698.0,AMOXIDAL DUO 875mg x 98 COMP.,AMOXICILINA CAPSULA,98.0,52161,AMOXIDAL DUO,875 mg,AMOXICILINA TRIHIDRATO,98
3,0.8536,1313698.0,AMOXIDAL DUO 875mg x 98 COMP.,AMOXICILINA CAPSULA,98.0,39689,AMOXIDAL DUO 500,500 mg/ 5 mL,AMOXICILINA,1
1,0.9949,1319426.0,CEFALOGEN 1gr INTRAVENOSO AMP,CEFTRIAXONA AMPOLLA,1.0,44034,CEFALOGEN,1 g,CEFTRIAXONA SODICA HEMIHEPTAHIDRATO,1
2,0.9949,1319426.0,CEFALOGEN 1gr INTRAVENOSO AMP,CEFTRIAXONA AMPOLLA,1.0,44035,CEFALOGEN,1 g,CEFTRIAXONA SODICA HEMIHEPTAHIDRATO,1
3,0.906,1319426.0,CEFALOGEN 1gr INTRAVENOSO AMP,CEFTRIAXONA AMPOLLA,1.0,51710,CEFALOGEN,500 mg,CEFTRIAXONA + LIDOCAINA CLORHIDRATO,1
1,1.1,1331919.0,CLOTRIMAZOL 1% CREMA x 40gr - GEN FAR,CLOTRIMAZOL - CREMA,1.0,55993,CLOTRIMAZOL,1 %,CLOTRIMAZOL,1
2,1.1,1331919.0,CLOTRIMAZOL 1% CREMA x 40gr - GEN FAR,CLOTRIMAZOL - CREMA,1.0,55994,CLOTRIMAZOL,1 %,CLOTRIMAZOL,1
3,1.1,1331919.0,CLOTRIMAZOL 1% CREMA x 40gr - GEN FAR,CLOTRIMAZOL - CREMA,1.0,56768,CLOTRIMAZOL,1 %,CLOTRIMAZOL,1
1,0.85,1335084.0,LIBBERA 5mg CAJA x 100 TAB,<NINGUNO>,100.0,39396,LIBBERA,5 mg,LEVOCETIRIZINA DICLORHIDRATO,100
2,0.85,1335084.0,LIBBERA 5mg CAJA x 100 TAB,<NINGUNO>,100.0,61384,LIBBERA,5 mg,LEVOCETIRIZINA DICLORHIDRATO,100
3,0.85,1335084.0,LIBBERA 5mg CAJA x 100 TAB,<NINGUNO>,100.0,61803,LIBBERA,5 mg,LEVOCETIRIZINA DICLORHIDRATO,100
1,0.9068,1337212.0,PENTOXIFILINA 400mg x 30 TAB - GEN FAR,<NINGUNO>,30.0,56834,PENTOXIFILINA,400 mg,PENTOXIFILINA,30
2,0.8068,1337212.0,PENTOXIFILINA 400mg x 30 TAB - GEN FAR,<NINGUNO>,30.0,52378,PENTOXIFILINA,400 mg,PENTOXIFILINA,30
3,0.8068,1337212.0,PENTOXIFILINA 400mg x 30 TAB - GEN FAR,<NINGUNO>,30.0,52663,PENTOXIFILINA,400 mg,PENTOXIFILINA,30
1,0.8878,1338540.0,VOLTAREN 50mg x 100 TAB.,<NINGUNO>,100.0,49530,VOLTAREN,50 mg,DICLOFENACO SODICO,100
1,0.8217,1353298.0,ZETIX 5mg/5ml JBE x 60 ML.,<NINGUNO>,1.0,39410,ZETIX,5 mg/ 5 mL,CETIRIZINA CLORHIDRATO,1
2,0.8217,1353298.0,ZETIX 5mg/5ml JBE x 60 ML.,<NINGUNO>,1.0,60256,ZETIX,5 mg/ 5 mL,CETIRIZINA CLORHIDRATO,1
1,1.025,1361833.0,FLUIMUCIL 300mg x 5 AMP,ACETILCISTEINA AMPOLLA,5.0,41047,FLUIMUCIL,300 mg/ 3 mL,ACETILCISTEINA,5
2,0.95,1361833.0,FLUIMUCIL 300mg x 5 AMP,ACETILCISTEINA AMPOLLA,5.0,5020,FLUIMUCIL,100 mg/ 5 mL,ACETILCISTEINA,1
3,0.95,1361833.0,FLUIMUCIL 300mg x 5 AMP,ACETILCISTEINA AMPOLLA,5.0,55370,FLUIMUCIL,100 mg/ 5 mL,ACETILCISTEINA,1
1,0.9846,1363419.0,DIGOXINA 0.25mg x 100 TAB - FARMINDUSTRIA,DIGOXINA TABLETA,100.0,51672,DIGOXINA,0.25 mg,DIGOXINA,100
2,0.9346,1363419.0,DIGOXINA 0.25mg x 100 TAB - FARMINDUSTRIA,DIGOXINA TABLETA,100.0,37265,DIGOXINA,0.25 mg,DIGOXINA,500
1,0.8,1364098.0,LAMISIL 1% DERMAGEL x 15gr,<NINGUNO>,1.0,48659,LAMISIL,1 %,TERBINAFINA CLORHIDRATO,1
2,0.8,1364098.0,LAMISIL 1% DERMAGEL x 15gr,<NINGUNO>,1.0,51701,LAMISIL,1 %,TERBINAFINA CLORHIDRATO,1
3,0.8,1364098.0,LAMISIL 1% DERMAGEL x 15gr,<NINGUNO>,1.0,54314,LAMISIL,1 %,TERBINAFINA CLORHIDRATO,1
1,1.0,1364961.0,FLUIMUCIL JBE x 120ml,ACETILCISTEINA JARABE,1.0,5020,FLUIMUCIL,100 mg/ 5 mL,ACETILCISTEINA,1
2,1.0,1364961.0,FLUIMUCIL JBE x 120ml,ACETILCISTEINA JARABE,1.0,55370,FLUIMUCIL,100 mg/ 5 mL,ACETILCISTEINA,1
3,0.925,1364961.0,FLUIMUCIL JBE x 120ml,ACETILCISTEINA JARABE,1.0,41047,FLUIMUCIL,300 mg/ 3 mL,ACETILCISTEINA,5
1,0.8011,1366868.0,MALTOFER 50mg x150ml JBE,<NINGUNO>,1.0,51469,MALTOFER,50 mg/ mL,HIERRO POLIMALTOSA,1
1,0.8857,1368454.0,SULFADIAZINA DE PLATA 1% CREMA x 30gr - GEN FAR,<NINGUNO>,1.0,40212,SULFADIAZINA DE PLATA,1 %,SULFADIAZINA DE PLATA,1
2,0.8857,1368454.0,SULFADIAZINA DE PLATA 1% CREMA x 30gr - GEN FAR,<NINGUNO>,1.0,58702,SULFADIAZINA DE PLATA,1 %,SULFADIAZINA DE PLATA,1
1,0.9107,1373319.0,CLORFENAMINA 4mg x 100 TAB - PORTUGAL,CLORFENAMINA TABLETA,100.0,41232,CLORFENAMINA MALEATO,4 mg,CLORFENAMINA MALEATO,100
2,0.9107,1373319.0,CLORFENAMINA 4mg x 100 TAB - PORTUGAL,CLORFENAMINA TABLETA,100.0,46756,CLORFENAMINA MALEATO,4 mg,CLORFENAMINA MALEATO,100
3,0.8857,1373319.0,CLORFENAMINA 4mg x 100 TAB - PORTUGAL,CLORFENAMINA TABLETA,100.0,36998,CLORFENAMINA,4 mg,CLORFENAMINA MALEATO,300
1,0.8631,1380084.0,CADITAR 400mg x 10 TABLETAS,<NINGUNO>,10.0,40386,CADITAR,400 mg,CELECOXIB,10
2,0.8131,1380084.0,CADITAR 400mg x 10 TABLETAS,<NINGUNO>,10.0,39553,CADITAR,400 mg,CELECOXIB,50
1,0.8432,1383647.0,NOXOM JBE x 60 ML,<NINGUNO>,1.0,48880,NOXOM,100 mg/ 5 mL,NITAZOXANIDA,1
1,1.0434,1386240.0,AMOXICILINA CAP 500mg x 100 - IQFARMA,AMOXICILINA CAPSULA,100.0,27616,AMOXICILINA,500 mg,AMOXICILINA TRIHIDRATO,100
2,1.0434,1386240.0,AMOXICILINA CAP 500mg x 100 - IQFARMA,AMOXICILINA CAPSULA,100.0,40244,AMOXICILINA,500 mg,AMOXICILINA TRIHIDRATO,100
3,0.9818,1386240.0,AMOXICILINA CAP 500mg x 100 - IQFARMA,AMOXICILINA CAPSULA,100.0,47312,AMOXICILINA,500 mg,AMOXICILINA,100
1,0.9734,1386347.0,METRONIDAZOL 125mg SUSP x 120ml PORTUGAL,METRONIDAZOL JBE,1.0,45015,METRONIDAZOL,125 mg/ 5 mL,METRONIDAZOL BENZOATO,1
2,0.9441,1386347.0,METRONIDAZOL 125mg SUSP x 120ml PORTUGAL,METRONIDAZOL JBE,1.0,42114,METRONIDAZOL,500 mg,METRONIDAZOL,100
3,0.9,1386347.0,METRONIDAZOL 125mg SUSP x 120ml PORTUGAL,METRONIDAZOL JBE,1.0,37315,METRONIDAZOL,500 mg/ 100 mL,METRONIDAZOL,1
1,0.8623,1393975.0,DOLNIX 10mg x 50 TAB.,<NINGUNO>,50.0,41763,DOLNIX,10 mg,KETOROLACO TROMETAMINA,50
2,0.8123,1393975.0,DOLNIX 10mg x 50 TAB.,<NINGUNO>,50.0,41762,DOLNIX,10 mg,KETOROLACO TROMETAMINA,2
3,0.8123,1393975.0,DOLNIX 10mg x 50 TAB.,<NINGUNO>,50.0,49295,DOLNIX,10 mg,KETOROLACO TROMETAMINA,10
1,1.0818,1402477.0,GYNOCANESTEN 1 DIA 500mg x 1 CP. VAG,CLOTRIMAZOL - TABLETA,1.0,58168,GYNOCANESTEN,500 mg,CLOTRIMAZOL,1
2,0.9,1402477.0,GYNOCANESTEN 1 DIA 500mg x 1 CP. VAG,CLOTRIMAZOL - TABLETA,1.0,44990,GYNOCANESTEN®,1 %,CLOTRIMAZOL,1
1,1.1,1402584.0,GYNOCANESTEN 6 DIAS CREMA VAG 1% x 50gr,CLOTRIMAZOL - CREMA,1.0,44990,GYNOCANESTEN®,1 %,CLOTRIMAZOL,1
2,1.0,1402584.0,GYNOCANESTEN 6 DIAS CREMA VAG 1% x 50gr,CLOTRIMAZOL - CREMA,1.0,58168,GYNOCANESTEN,500 mg,CLOTRIMAZOL,1
1,0.8713,1404277.0,DYNASTAT IM/IV 40mg. AMP,<NINGUNO>,1.0,4165,DYNASTAT,40 mg,PARECOXIB SODICO,1
2,0.8713,1404277.0,DYNASTAT IM/IV 40mg. AMP,<NINGUNO>,1.0,21904,DYNASTAT,40 mg,PARECOXIB SODICO,1
3,0.8713,1404277.0,DYNASTAT IM/IV 40mg. AMP,<NINGUNO>,1.0,55339,DYNASTAT,40 mg,PARECOXIB SODICO,1
1,0.8943,1404712.0,TRANSAMIN 250mg x 12 CAP .REFASA.,<NINGUNO>,12.0,38796,TRANSAMIN,250 mg,ACIDO TRANEXAMICO,12
2,0.808,1404712.0,TRANSAMIN 250mg x 12 CAP .REFASA.,<NINGUNO>,12.0,52925,TRANSAMIN,500 mg,ACIDO TRANEXAMICO,10
1,0.8026,1411691.0,FUROXONA GOTAS x 20ml.,<NINGUNO>,1.0,47771,FUROXONA,30 mg/ mL,FURAZOLIDONA,1
1,0.8191,1411912.0,DECORTEN 4mg/2ml. AMP.,<NINGUNO>,1.0,38954,DECORTEN,4 mg/ 2 mL,DEXAMETASONA FOSFATO SODICO,1
1,0.9,1416084.0,DEGRALER x 100 TAB - BAGO,LEVOCETIRIZINA,100.0,41795,DEGRALER,5 mg,LEVOCETIRIZINA DICLORHIDRATO,100
2,0.85,1416084.0,DEGRALER x 100 TAB - BAGO,LEVOCETIRIZINA,100.0,41796,DEGRALER,5 mg/ mL,LEVOCETIRIZINA DICLORHIDRATO,1
3,0.85,1416084.0,DEGRALER x 100 TAB - BAGO,LEVOCETIRIZINA,100.0,41797,DEGRALER,2.5 mg/ 5 mL,LEVOCETIRIZINA DICLORHIDRATO,1
1,0.9227,1421163.0,PARACETAMOL JBE x 120ml C/CAJA PORTUGAL.,PARACETAMOL JARABE,12.0,42111,PARACETAMOL,500 mg,PARACETAMOL,100
2,0.9227,1421163.0,PARACETAMOL JBE x 120ml C/CAJA PORTUGAL.,PARACETAMOL JARABE,12.0,43539,PARACETAMOL,500 mg,PARACETAMOL,30
3,0.875,1421163.0,PARACETAMOL JBE x 120ml C/CAJA PORTUGAL.,PARACETAMOL JARABE,12.0,37112,PARACETAMOL,120 mg/ 5 mL,PARACETAMOL,1
1,0.8759,1426312.0,PIROXICAM 20mg TAB x 100 - IQFARMA,PIROXICAN 20MG.TABLETA,100.0,41558,PIROXICAM,20 mg,PIROXICAM,100
2,0.8759,1426312.0,PIROXICAM 20mg TAB x 100 - IQFARMA,PIROXICAN 20MG.TABLETA,100.0,45232,PIROXICAM,20 mg,PIROXICAM,100
1,0.8844,1434947.0,GRAVAMIN 15mg/5ml x 60ml JBE,<NINGUNO>,1.0,41953,GRAVAMIN,15 mg/ 5 mL,DIMENHIDRINATO,1
2,0.8844,1434947.0,GRAVAMIN 15mg/5ml x 60ml JBE,<NINGUNO>,1.0,60964,GRAVAMIN,15 mg/ 5 mL,DIMENHIDRINATO,1
3,0.817,1434947.0,GRAVAMIN 15mg/5ml x 60ml JBE,<NINGUNO>,1.0,35602,GRAVAMIN,50 mg/ 5 mL,DIMENHIDRINATO,3
1,0.9361,1439875.0,KETOROLACO 10mg x 100 TAB - PORTUGAL.,KETOROLACO - TABLETA,100.0,27722,KETOROLACO,10 mg,KETOROLACO TROMETAMOL,100
2,0.9361,1439875.0,KETOROLACO 10mg x 100 TAB - PORTUGAL.,KETOROLACO - TABLETA,100.0,38366,KETOROLACO,10 mg,KETOROLACO TROMETAMOL,100
3,0.9361,1439875.0,KETOROLACO 10mg x 100 TAB - PORTUGAL.,KETOROLACO - TABLETA,100.0,38467,KETOROLACO,10 mg,KETOROLACO TROMETAMOL,100
1,0.9778,1442833.0,GRAVAMIN 50mg x 100 TABLETAS,DIMENHIDRINATO - TABLETA,100.0,45655,GRAVAMIN,50 mg,DIMENHIDRINATO,100
2,0.9278,1442833.0,GRAVAMIN 50mg x 100 TABLETAS,DIMENHIDRINATO - TABLETA,100.0,44446,GRAVAMIN,50 mg,DIMENHIDRINATO,300
3,0.8643,1442833.0,GRAVAMIN 50mg x 100 TABLETAS,DIMENHIDRINATO - TABLETA,100.0,35602,GRAVAMIN,50 mg/ 5 mL,DIMENHIDRINATO,3
1,0.8818,1446754.0,TERBINAFINA 250mg x 14 TAB - GENFAR,<NINGUNO>,14.0,40213,TERBINAFINA,250 mg,TERBINAFINA CLORHIDRATO,14
2,0.8818,1446754.0,TERBINAFINA 250mg x 14 TAB - GENFAR,<NINGUNO>,14.0,59095,TERBINAFINA,250 mg,TERBINAFINA CLORHIDRATO,14
3,0.8318,1446754.0,TERBINAFINA 250mg x 14 TAB - GENFAR,<NINGUNO>,14.0,39266,TERBINAFINA,250 mg,TERBINAFINA CLORHIDRATO,100
1,0.9597,1449133.0,CLINDAMICINA 600mg x 25 AMP - DANY,CLINDAMICINA - AMPOLLA,25.0,43374,CLINDAMICINA,300 mg,CLINDAMICINA CLORHIDRATO,100
2,0.8893,1449133.0,CLINDAMICINA 600mg x 25 AMP - DANY,CLINDAMICINA - AMPOLLA,25.0,41339,CLINDAMICINA,600 mg/ 4 mL,CLINDAMICINA FOSFATO,25
3,0.8893,1449133.0,CLINDAMICINA 600mg x 25 AMP - DANY,CLINDAMICINA - AMPOLLA,25.0,41870,CLINDAMICINA,600 mg/ 4 mL,CLINDAMICINA FOSFATO,25
1,0.9652,1449668.0,SILDENAFILO 100mg x 10 TAB - HERSIL,SILDENAFILO 100MG - TABLETA,10.0,40306,SILDENAFILO,100 mg,SILDENAFILO CITRATO,4
2,0.9152,1449668.0,SILDENAFILO 100mg x 10 TAB - HERSIL,SILDENAFILO 100MG - TABLETA,10.0,46067,SILDENAFILO,100 mg,SILDENAFILO CITRATO,10
3,0.9152,1449668.0,SILDENAFILO 100mg x 10 TAB - HERSIL,SILDENAFILO 100MG - TABLETA,10.0,49527,SILDENAFILO,100 mg,SILDENAFILO CITRATO,10
1,0.9433,1450177.0,TRAMADOL 50mg AMP - GENFAR,TRAMADOL 50MG INY,1.0,40216,TRAMADOL,50 mg/ mL,CLORHIDRATO DE TRAMADOL,1
2,0.9378,1450177.0,TRAMADOL 50mg AMP - GENFAR,TRAMADOL 50MG INY,1.0,40214,TRAMADOL,50 mg,CLORHIDRATO DE TRAMADOL,10
3,0.9378,1450177.0,TRAMADOL 50mg AMP - GENFAR,TRAMADOL 50MG INY,1.0,59425,TRAMADOL,50 mg,CLORHIDRATO DE TRAMADOL,10
1,0.9865,1452084.0,GENTAMICINA 160mg x 10 AMP - VITALIS,GENTAMICINA AMPOLLA,10.0,33881,GENTAMICINA,160 mg/ 2 mL,GENTAMICINA SULFATO,10
2,0.9865,1452084.0,GENTAMICINA 160mg x 10 AMP - VITALIS,GENTAMICINA AMPOLLA,10.0,59440,GENTAMICINA,160 mg/ 2 mL,GENTAMICINA SULFATO,10
3,0.9415,1452084.0,GENTAMICINA 160mg x 10 AMP - VITALIS,GENTAMICINA AMPOLLA,10.0,38852,GENTAMICINA,80 mg/ 2 mL,GENTAMICINA SULFATO,10
1,0.9878,1460833.0,TRAMADOL 50mg x 10 CAP - GENFAR,TRAMADOL 50MG TAB,10.0,40214,TRAMADOL,50 mg,CLORHIDRATO DE TRAMADOL,10
2,0.9878,1460833.0,TRAMADOL 50mg x 10 CAP - GENFAR,TRAMADOL 50MG TAB,10.0,59425,TRAMADOL,50 mg,CLORHIDRATO DE TRAMADOL,10
3,0.9778,1460833.0,TRAMADOL 50mg x 10 CAP - GENFAR,TRAMADOL 50MG TAB,10.0,46714,TRAMADOL,50 mg,TRAMADOL,10
1,0.9361,1462198.0,CETIRIZINA 10mg x 100 TAB - PORTUGAL,CETIRIZINA TABLETA,100.0,38341,CETIRIZINA,10 mg,CETIRIZINA DICLORHIDRATO,100
2,0.9361,1462198.0,CETIRIZINA 10mg x 100 TAB - PORTUGAL,CETIRIZINA TABLETA,100.0,39603,CETIRIZINA,10 mg,CETIRIZINA CLORHIDRATO,100
3,0.9361,1462198.0,CETIRIZINA 10mg x 100 TAB - PORTUGAL,CETIRIZINA TABLETA,100.0,40899,CETIRIZINA,10 mg,CETIRIZINA DICLORHIDRATO,100
1,0.8844,1466661.0,GESLUTIN PNM 200mg x 10 CAP.,<NINGUNO>,10.0,47949,GESLUTIN-PNM,200 mg,PROGESTERONA,10
1,1.0111,1470626.0,SILDENAFILO 50mg x 4 TAB - GENFAR,SILDENAFILO 50MG - TABLETA,4.0,10017,SILDENAFILO,50 mg,SILDENAFILO CITRATO,4
2,1.0111,1470626.0,SILDENAFILO 50mg x 4 TAB - GENFAR,SILDENAFILO 50MG - TABLETA,4.0,40209,SILDENAFILO,50 mg,SILDENAFILO CITRATO,4
3,1.0111,1470626.0,SILDENAFILO 50mg x 4 TAB - GENFAR,SILDENAFILO 50MG - TABLETA,4.0,40232,SILDENAFILO,50 mg,SILDENAFILO CITRATO,4
1,1.0778,1471205.0,LORATADINA 10mg x 100 TAB - PORTUGAL.,LORATADINA TABLETA,100.0,43372,LORATADINA,10 mg,LORATADINA,100
2,1.0278,1471205.0,LORATADINA 10mg x 100 TAB - PORTUGAL.,LORATADINA TABLETA,100.0,43536,LORATADINA,10 mg,LORATADINA,10
3,0.9778,1471205.0,LORATADINA 10mg x 100 TAB - PORTUGAL.,LORATADINA TABLETA,100.0,38774,LORATADINA,10 mg,LORATADINA,100
1,0.9116,1471419.0,ADAX 100mg/5ml SUSPENSION x 60ml CHICO,<NINGUNO>,1.0,46086,ADAX,100 mg/ 5 mL,IBUPROFENO,1
2,0.9116,1471419.0,ADAX 100mg/5ml SUSPENSION x 60ml CHICO,<NINGUNO>,1.0,46087,ADAX,100 mg/ 5 mL,IBUPROFENO,1
1,1.0318,1479154.0,METRONIDAZOL OVULOS 500mg x 10 - PORTUGAL,METRONIDAZOL - TABLETA,10.0,42114,METRONIDAZOL,500 mg,METRONIDAZOL,100
2,0.9818,1479154.0,METRONIDAZOL OVULOS 500mg x 10 - PORTUGAL,METRONIDAZOL - TABLETA,10.0,40565,METRONIDAZOL,500 mg,METRONIDAZOL,10
3,0.9318,1479154.0,METRONIDAZOL OVULOS 500mg x 10 - PORTUGAL,METRONIDAZOL - TABLETA,10.0,7455,METRONIDAZOL,500 mg,METRONIDAZOL,100
1,0.9,1481961.0,PANADOL EFERVESCENTE x 24 TAB.,PARACETAMOL 500MG.TABLETAS,24.0,56263,PANADOL EFERVESCENTE,500 mg,PARACETAMOL,24
2,0.85,1481961.0,PANADOL EFERVESCENTE x 24 TAB.,PARACETAMOL 500MG.TABLETAS,24.0,54413,PANADOL,500 mg,PARACETAMOL,52
3,0.85,1481961.0,PANADOL EFERVESCENTE x 24 TAB.,PARACETAMOL 500MG.TABLETAS,24.0,55728,PANADOL,100 mg/ mL,PARACETAMOL,1
1,0.9167,1482433.0,BRONCO MEDIMOX 250mg x 105ml GRANDE,"AMOXICILINA, BROMHEXINA - JARABE",1.0,42145,BRONCO MEDIMOX 125,125 mg + 4 mg/ 5 mL,AMOXICILINA TRIHIDRATO + BROMHEXINA CLORHIDRATO,1
2,0.9167,1482433.0,BRONCO MEDIMOX 250mg x 105ml GRANDE,"AMOXICILINA, BROMHEXINA - JARABE",1.0,42843,BRONCO MEDIMOX 500,500 mg + 4 mg/ 5 mL,AMOXICILINA TRIHIDRATO + BROMHEXINA CLORHIDRATO,1
3,0.9167,1482433.0,BRONCO MEDIMOX 250mg x 105ml GRANDE,"AMOXICILINA, BROMHEXINA - JARABE",1.0,44138,BRONCO MEDIMOX 500,500 mg + 4 mg/ 5 mL,AMOXICILINA TRIHIDRATO + BROMHEXINA CLORHIDRATO,1
1,0.9692,1482647.0,BRONCO AMOXIDIN 250mg x 105ml GRANDE,AMOXICILINA JARABE,1.0,44137,BRONCO AMOXIDIN,125 mg + 150 mg/ 5 mL,AMOXICILINA TRIHIDRATO + CARBOCISTEINA,1
2,0.9643,1482647.0,BRONCO AMOXIDIN 250mg x 105ml GRANDE,AMOXICILINA JARABE,1.0,50861,BRONCO AMOXIDIN 500,500 mg + 150 mg/ 5 mL,AMOXICILINA,1
3,0.9258,1482647.0,BRONCO AMOXIDIN 250mg x 105ml GRANDE,AMOXICILINA JARABE,1.0,49310,BRONCO AMOXIDIN,500 mg + 300 mg,AMOXICILINA + CARBOCISTEINA,100
1,0.9818,1494347.0,FLUCONAZOL 150mg x 2 CAP - HERSIL,FLUCONAZOL,2.0,4987,FLUCONAZOL,150 mg,FLUCONAZOL,2
2,0.9818,1494347.0,FLUCONAZOL 150mg x 2 CAP - HERSIL,FLUCONAZOL,2.0,38759,FLUCONAZOL,150 mg,FLUCONAZOL,2
3,0.9818,1494347.0,FLUCONAZOL 150mg x 2 CAP - HERSIL,FLUCONAZOL,2.0,39613,FLUCONAZOL,150 mg,FLUCONAZOL,2
1,1.0049,1495247.0,ZATRIX 0.5mg x 100TAB - FARMINDUSTRIA,CLONAZEPAN 0.5MG,100.0,40427,ZATRIX,0.5 mg,CLONAZEPAM,100
2,0.9564,1495247.0,ZATRIX 0.5mg x 100TAB - FARMINDUSTRIA,CLONAZEPAN 0.5MG,100.0,40424,ZATRIX,2 mg,CLONAZEPAM,100
3,0.9549,1495247.0,ZATRIX 0.5mg x 100TAB - FARMINDUSTRIA,CLONAZEPAN 0.5MG,100.0,40428,ZATRIX,0.5 mg,CLONAZEPAM,20
1,0.9667,1496575.0,METRONIDAZOL 125mg SUSP x 60ml - PORTUGAL,METRONIDAZOL JBE,12.0,45015,METRONIDAZOL,125 mg/ 5 mL,METRONIDAZOL BENZOATO,1
2,0.925,1496575.0,METRONIDAZOL 125mg SUSP x 60ml - PORTUGAL,METRONIDAZOL JBE,12.0,42114,METRONIDAZOL,500 mg,METRONIDAZOL,100
3,0.8717,1496575.0,METRONIDAZOL 125mg SUSP x 60ml - PORTUGAL,METRONIDAZOL JBE,12.0,37206,METRONIDAZOL,500 mg/ 100 mL,METRONIDAZOL,20
1,0.9423,1497261.0,CLOBETASOL 0.05% CREMA x 25gr - FARMINDUSTRIA,CLOBETASOL CREMA,1.0,37896,CLOBETASOL,0.05 %,17-PROPIONATO DE CLOBETASOL,1
2,0.9423,1497261.0,CLOBETASOL 0.05% CREMA x 25gr - FARMINDUSTRIA,CLOBETASOL CREMA,1.0,38123,CLOBETASOL,0.05 %,17-PROPIONATO DE CLOBETASOL,1
3,0.9423,1497261.0,CLOBETASOL 0.05% CREMA x 25gr - FARMINDUSTRIA,CLOBETASOL CREMA,1.0,41549,CLOBETASOL,0.05 %,17-PROPIONATO DE CLOBETASOL,1
1,0.9434,1498482.0,DOXICICLINA 100mg x 100 CAP - QUILAB,DOXICICLINA TABLETA,100.0,37468,DOXICICLINA,100 mg,DOXICICLINA HICLATO,100
2,0.9434,1498482.0,DOXICICLINA 100mg x 100 CAP - QUILAB,DOXICICLINA TABLETA,100.0,40242,DOXICICLINA,100 mg,DOXICICLINA HICLATO,100
3,0.9434,1498482.0,DOXICICLINA 100mg x 100 CAP - QUILAB,DOXICICLINA TABLETA,100.0,40560,DOXICICLINA,100 mg,DOXICICLINA HICLATO,100
1,0.8346,1498917.0,CETIRIZINA 5mg/5ml x 60ml JBE - PORTUGAL,CETIRIZINA - JARABE,12.0,37576,CETIRIZINA,5 mg/ 5 mL,CETIRIZINA DICLORHIDRATO,1
2,0.8346,1498917.0,CETIRIZINA 5mg/5ml x 60ml JBE - PORTUGAL,CETIRIZINA - JARABE,12.0,37894,CETIRIZINA,5 mg/ 5 mL,CETIRIZINA DICLORHIDRATO,1
3,0.8346,1498917.0,CETIRIZINA 5mg/5ml x 60ml JBE - PORTUGAL,CETIRIZINA - JARABE,12.0,38888,CETIRIZINA,5 mg/ 5 mL,CETIRIZINA DICLORHIDRATO,1
1,1.0818,1503712.0,GEMFIBROZILO 600mg x 100 TAB - PORTUGAL,GEMFIBROZILO - TABLETA,100.0,43473,GEMFIBROZILO,600 mg,GEMFIBROZILO,100
2,1.0318,1503712.0,GEMFIBROZILO 600mg x 100 TAB - PORTUGAL,GEMFIBROZILO - TABLETA,100.0,45800,GEMFIBROZILO,600 mg,GEMFIBROZILO,30
3,0.9818,1503712.0,GEMFIBROZILO 600mg x 100 TAB - PORTUGAL,GEMFIBROZILO - TABLETA,100.0,41425,GEMFIBROZILO,600 mg,GEMFIBROZILO,100
1,0.9524,1505940.0,CEFRADINA SUSP 250mg x 60ml - FARMINDUSTRIA,CEFRADINA JARABE,1.0,51035,CEFRADINA,250 mg/ 5 mL,CEFRADINA,1
2,0.85,1505940.0,CEFRADINA SUSP 250mg x 60ml - FARMINDUSTRIA,CEFRADINA JARABE,1.0,51669,CEFRADINA,500 mg,CEFRADINA,120
3,0.8045,1505940.0,CEFRADINA SUSP 250mg x 60ml - FARMINDUSTRIA,CEFRADINA JARABE,1.0,45519,CEFRADINA,500 mg,CEFRADINA MONOHIDRATO,120
1,0.8818,1508961.0,TAMSUCAR 0.4mg x 30 CAP,<NINGUNO>,30.0,41744,TAMSUCAR,0.4 mg,TAMSULOSINA CLORHIDRATO,30
1,0.9455,1511698.0,NAPROXENO 550mg TAB x 100 - FARMINDUSTRIA,NAPROXENO - TABLETA,100.0,40343,NAPROXENO,500 mg,NAPROXENO,100
2,0.9455,1511698.0,NAPROXENO 550mg TAB x 100 - FARMINDUSTRIA,NAPROXENO - TABLETA,100.0,52551,NAPROXENO,500 mg,NAPROXENO,100
3,0.9455,1511698.0,NAPROXENO 550mg TAB x 100 - FARMINDUSTRIA,NAPROXENO - TABLETA,100.0,54153,NAPROXENO,500 mg,NAPROXENO,100
1,1.0009,1518968.0,ENALAPRIL 10mg x 100 TAB - PORTUGAL.,ENALAPRIL 10MG TABLETA,100.0,35636,ENALAPRIL,10 mg,ENALAPRIL MALEATO,100
2,0.9564,1518968.0,ENALAPRIL 10mg x 100 TAB - PORTUGAL.,ENALAPRIL 10MG TABLETA,100.0,39447,ENALAPRIL,20 mg,ENALAPRIL MALEATO,100
3,0.9064,1518968.0,ENALAPRIL 10mg x 100 TAB - PORTUGAL.,ENALAPRIL 10MG TABLETA,100.0,44230,ENALAPRIL,20 mg,ENALAPRIL MALEATO,30
1,1.0009,1521277.0,ENALAPRIL 20mg x 100 TAB - PORTUGAL,ENALAPRIL 10MG TABLETA,100.0,39447,ENALAPRIL,20 mg,ENALAPRIL MALEATO,100
2,0.9564,1521277.0,ENALAPRIL 20mg x 100 TAB - PORTUGAL,ENALAPRIL 10MG TABLETA,100.0,35636,ENALAPRIL,10 mg,ENALAPRIL MALEATO,100
3,0.9509,1521277.0,ENALAPRIL 20mg x 100 TAB - PORTUGAL,ENALAPRIL 10MG TABLETA,100.0,44230,ENALAPRIL,20 mg,ENALAPRIL MALEATO,30
1,1.0714,1521384.0,PREDNISONA 5mg x 100 TAB - PORTUGAL,PREDNISONA 5MG - TABLETA,100.0,38982,PREDNISONA,5 mg,PREDNISONA,100
2,1.0,1521384.0,PREDNISONA 5mg x 100 TAB - PORTUGAL,PREDNISONA 5MG - TABLETA,100.0,40240,PREDNISONA,20 mg,PREDNISONA,100
3,0.9714,1521384.0,PREDNISONA 5mg x 100 TAB - PORTUGAL,PREDNISONA 5MG - TABLETA,100.0,9180,PREDNISONA,5 mg,PREDNISONA,100
1,0.8143,1523184.0,NASTIZOL JUNIOR NF x 150 TAB,CLORFENAMINA TABLETA,150.0,41812,NASTIZOL JUNIOR,2 mg + 30 mg + 125 mg,CLORFENAMINA MALEATO + PARACETAMOL + PSEUDOEFEDRINA SULFATO,1
2,0.8143,1523184.0,NASTIZOL JUNIOR NF x 150 TAB,CLORFENAMINA TABLETA,150.0,41999,NASTIZOL,1 mg + 30 mg/ mL,CLORFENAMINA MALEATO + PSEUDOEFEDRINA SULFATO,1
3,0.8143,1523184.0,NASTIZOL JUNIOR NF x 150 TAB,CLORFENAMINA TABLETA,150.0,43891,NASTIZOL,,CLORFENAMINA MALEATO + PSEUDOEFEDRINA SULFATO,1
1,0.8949,1524840.0,BETASPORINA 1gr IM x 1 AMP,CEFTRIAXONA AMPOLLA,1.0,41624,BETASPORINA,1 g,CEFTRIAXONA SODICA 3 1/2 HIDRATO,1
2,0.8949,1524840.0,BETASPORINA 1gr IM x 1 AMP,CEFTRIAXONA AMPOLLA,1.0,41625,BETASPORINA,1 g,CEFTRIAXONA SODICA 3 1/2 HIDRATO,1
3,0.8949,1524840.0,BETASPORINA 1gr IM x 1 AMP,CEFTRIAXONA AMPOLLA,1.0,47843,BETASPORINA,1 g,CEFTRIAXONA SODICA 3 1/2 HIDRATO + LIDOCAINA CLORHIDRATO,1
1,0.8032,1525633.0,FENAZOPIRIDINA 100mg TAB x 100 - FARMINDUSTRIA,<NINGUNO>,100.0,57213,FENAZOPIRIDINA,100 mg,FENAZOPIRIDINA,100
1,0.8595,1525847.0,GRAVOL 30mg AMP PEDIATRICO,<NINGUNO>,1.0,44041,GRAVOL PEDIATRICO,30 mg/ 3 mL,DIMENHIDRINATO,1
2,0.8286,1525847.0,GRAVOL 30mg AMP PEDIATRICO,<NINGUNO>,1.0,40839,GRAVOL,50 mg,DIMENHIDRINATO,12
3,0.8286,1525847.0,GRAVOL 30mg AMP PEDIATRICO,<NINGUNO>,1.0,40840,GRAVOL,50 mg,DIMENHIDRINATO,100
1,0.8865,1527647.0,GENTAMICINA 160mg x 25 AMP - FARMINDUSTRIA,GENTAMICINA AMPOLLA,25.0,41053,GENTAMICINA,160 mg/ 2 mL,GENTAMICINA SULFATO,25
2,0.8865,1527647.0,GENTAMICINA 160mg x 25 AMP - FARMINDUSTRIA,GENTAMICINA AMPOLLA,25.0,49086,GENTAMICINA,160 mg/ 2 mL,GENTAMICINA SULFATO,25
3,0.875,1527647.0,GENTAMICINA 160mg x 25 AMP - FARMINDUSTRIA,GENTAMICINA AMPOLLA,25.0,41938,GENTAMICINA,160 mg/ 2 mL,GENTAMICINA,10
1,0.9509,1527754.0,ENALAPRIL 10mg x 140 TAB - FARMINDUSTRIA,ENALAPRIL 10MG TABLETA,140.0,35636,ENALAPRIL,10 mg,ENALAPRIL MALEATO,100
2,0.9064,1527754.0,ENALAPRIL 10mg x 140 TAB - FARMINDUSTRIA,ENALAPRIL 10MG TABLETA,140.0,39447,ENALAPRIL,20 mg,ENALAPRIL MALEATO,100
3,0.9064,1527754.0,ENALAPRIL 10mg x 140 TAB - FARMINDUSTRIA,ENALAPRIL 10MG TABLETA,140.0,44230,ENALAPRIL,20 mg,ENALAPRIL MALEATO,30
1,0.9423,1528226.0,CLOBETASOL 0.05% UNGTO x 25gr - FARMINDUSTRIA,CLOBETASOL CREMA,1.0,37896,CLOBETASOL,0.05 %,17-PROPIONATO DE CLOBETASOL,1
2,0.9423,1528226.0,CLOBETASOL 0.05% UNGTO x 25gr - FARMINDUSTRIA,CLOBETASOL CREMA,1.0,38123,CLOBETASOL,0.05 %,17-PROPIONATO DE CLOBETASOL,1
3,0.9423,1528226.0,CLOBETASOL 0.05% UNGTO x 25gr - FARMINDUSTRIA,CLOBETASOL CREMA,1.0,41549,CLOBETASOL,0.05 %,17-PROPIONATO DE CLOBETASOL,1
1,0.8758,1528654.0,ORFENADRINA 60mg x 25 AMP - FARMINDUSTRIA,ORFENADRINA - AMPOLLA,25.0,37322,ORFENADRINA,60 mg/ 2 mL,ORFENADRINA CITRATO,25
2,0.8315,1528654.0,ORFENADRINA 60mg x 25 AMP - FARMINDUSTRIA,ORFENADRINA - AMPOLLA,25.0,55608,ORFENADRINA,100 mg,ORFENADRINA CITRATO,100
3,0.8315,1528654.0,ORFENADRINA 60mg x 25 AMP - FARMINDUSTRIA,ORFENADRINA - AMPOLLA,25.0,55910,ORFENADRINA,100 mg,ORFENADRINA CITRATO,100
1,0.81,1528761.0,AMBROXOL 15mg x 120ml INFANTIL - FARMINDUSTRIA,AMBROXOL 15MG.JARABE,1.0,37109,AMBROXOL,30 mg/ 5 mL,AMBROXOL CLORHIDRATO,1
2,0.81,1528761.0,AMBROXOL 15mg x 120ml INFANTIL - FARMINDUSTRIA,AMBROXOL 15MG.JARABE,1.0,37451,AMBROXOL,15 mg/ 5 mL,AMBROXOL CLORHIDRATO,1
3,0.81,1528761.0,AMBROXOL 15mg x 120ml INFANTIL - FARMINDUSTRIA,AMBROXOL 15MG.JARABE,1.0,39345,AMBROXOL,15 mg/ 5 mL,AMBROXOL CLORHIDRATO,1
1,1.0818,1528975.0,GEMFIBROZILO 600mg x 30 TAB - FARMINDUSTRIA,GEMFIBROZILO - TABLETA,30.0,45800,GEMFIBROZILO,600 mg,GEMFIBROZILO,30
2,1.0318,1528975.0,GEMFIBROZILO 600mg x 30 TAB - FARMINDUSTRIA,GEMFIBROZILO - TABLETA,30.0,43473,GEMFIBROZILO,600 mg,GEMFIBROZILO,100
3,0.9818,1528975.0,GEMFIBROZILO 600mg x 30 TAB - FARMINDUSTRIA,GEMFIBROZILO - TABLETA,30.0,45243,GEMFIBROZILO,600 mg,GEMFIBROZILO,30
1,0.9361,1529019.0,KETOROLACO 10mg x 100 TAB - FARMINDUSTRIA,KETOROLACO - TABLETA,100.0,27722,KETOROLACO,10 mg,KETOROLACO TROMETAMOL,100
2,0.9361,1529019.0,KETOROLACO 10mg x 100 TAB - FARMINDUSTRIA,KETOROLACO - TABLETA,100.0,38366,KETOROLACO,10 mg,KETOROLACO TROMETAMOL,100
3,0.9361,1529019.0,KETOROLACO 10mg x 100 TAB - FARMINDUSTRIA,KETOROLACO - TABLETA,100.0,38467,KETOROLACO,10 mg,KETOROLACO TROMETAMOL,100
1,0.9455,1530170.0,DEXAMETASONA 4mg/1ml CJA x 100 AMP - FARMINDUSTRIA,DEXAMETASONA AMPOLLA,100.0,37907,DEXAMETASONA,1 mg,DEXAMETASONA,100
2,0.9091,1530170.0,DEXAMETASONA 4mg/1ml CJA x 100 AMP - FARMINDUSTRIA,DEXAMETASONA AMPOLLA,100.0,38611,DEXAMETASONA,4 mg,DEXAMETASONA,100
3,0.9091,1530170.0,DEXAMETASONA 4mg/1ml CJA x 100 AMP - FARMINDUSTRIA,DEXAMETASONA AMPOLLA,100.0,42074,DEXAMETASONA,4 mg,DEXAMETASONA,100
1,0.8248,1530277.0,AMOXIDIN 7 250mg/5ml x 105ml JBE - MEDIFARMA,<NINGUNO>,1.0,37865,AMOXIDIN 7,250 mg/ 5 mL,AMOXICILINA TRIHIDRATO,1
1,0.8157,1535854.0,BIOBRONCOL 250mg x 75ml JBE - IQFARMA,<NINGUNO>,1.0,58343,BIOBRONCOL S,250 mg/ 5 mL,CEFALEXINA,1
2,0.8157,1535854.0,BIOBRONCOL 250mg x 75ml JBE - IQFARMA,<NINGUNO>,1.0,58344,BIOBRONCOL S,250 mg/ 5 mL,CEFALEXINA,1
1,0.8587,1537547.0,DOLOFENAC FLEX AMP x 1ml,DICLOFENACO - AMPOLLA,1.0,55246,DOLOFENAC FLEX,1.5 mg/ mL,PRIDINOL,1
1,0.93,1539561.0,ISOCONAZOL 1% CREMA x 20gr - GEN FAR,<NINGUNO>,1.0,40152,ISOCONAZOL,1 %,ISOCONAZOL NITRATO,1
2,0.93,1539561.0,ISOCONAZOL 1% CREMA x 20gr - GEN FAR,<NINGUNO>,1.0,59010,ISOCONAZOL,1 %,ISOCONAZOL NITRATO,1
3,0.83,1539561.0,ISOCONAZOL 1% CREMA x 20gr - GEN FAR,<NINGUNO>,1.0,42077,ISOCONAZOL,1 %,ISOCONAZOL NITRATO,1
1,0.8706,1540391.0,MICROSER 16mg x 40 TAB,<NINGUNO>,40.0,39146,MICROSER,16 mg,DICLORHIDRATO DE BETAHISTINA,40
2,0.8206,1540391.0,MICROSER 16mg x 40 TAB,<NINGUNO>,40.0,42886,MICROSER,16 mg,DICLORHIDRATO DE BETAHISTINA,20
1,0.8591,1544319.0,FERANIN FOL 1000 x 150GRG,HIERRO POLIMALTOSADO,150.0,54496,FERANIN,100 mg,COMPLEJO DE HIDROXIDO FERRICO [HIERRO (III)] POLIMALTOSADO,30
2,0.8591,1544319.0,FERANIN FOL 1000 x 150GRG,HIERRO POLIMALTOSADO,150.0,60163,FERANIN,100 mg,COMPLEJO DE HIDROXIDO FERRICO [HIERRO (III)] POLIMALTOSADO,30
3,0.825,1544319.0,FERANIN FOL 1000 x 150GRG,HIERRO POLIMALTOSADO,150.0,54497,FERANIN FOL,100 mg/ 0.35 mg,ACIDO FOLICO + COMPLEJO DE HIDROXIDO FERRICO [HIERRO (III)] POLIMALTOSADO,30
1,0.8214,1547019.0,GLUCONATO DE CALCIO 10%/10ml x 25 AMP - DANY,<NINGUNO>,25.0,27425,GLUCONATO DE CALCIO,10 %,CALCIO GLUCONATO MONOHIDRATO,25
2,0.8214,1547019.0,GLUCONATO DE CALCIO 10%/10ml x 25 AMP - DANY,<NINGUNO>,25.0,54353,GLUCONATO DE CALCIO,10 %,CALCIO GLUCONATO MONOHIDRATO,25
3,0.8214,1547019.0,GLUCONATO DE CALCIO 10%/10ml x 25 AMP - DANY,<NINGUNO>,25.0,57901,GLUCONATO DE CALCIO,10 %,CALCIO GLUCONATO MONOHIDRATO,25
1,1.0818,1555975.0,CLARITROMICINA 500mg x 100 TAB - PORTUGAL,CLARITROMICINA 500MG.TABLETAS,100.0,2651,CLARITROMICINA,500 mg,CLARITROMICINA,100
2,1.0818,1555975.0,CLARITROMICINA 500mg x 100 TAB - PORTUGAL,CLARITROMICINA 500MG.TABLETAS,100.0,39233,CLARITROMICINA,500 mg,CLARITROMICINA,100
3,0.9818,1555975.0,CLARITROMICINA 500mg x 100 TAB - PORTUGAL,CLARITROMICINA 500MG.TABLETAS,100.0,37904,CLARITROMICINA,500 mg,CLARITROMICINA,100
1,1.0115,1556019.0,DICLOFENACO 1% GEL x 20gr - PORTUGAL,DICLOFENACO - GEL,12.0,39236,DICLOFENACO,1 %,DICLOFENACO DIETILAMONIO,1
2,0.9115,1556019.0,DICLOFENACO 1% GEL x 20gr - PORTUGAL,DICLOFENACO - GEL,12.0,37573,DICLOFENACO,1 %,DICLOFENACO SODICO,1
3,0.9115,1556019.0,DICLOFENACO 1% GEL x 20gr - PORTUGAL,DICLOFENACO - GEL,12.0,38550,DICLOFENACO,1 %,DICLOFENACO DIETILAMONIO,1
1,0.9721,1558568.0,TRILAT 37.5mg/325mg CAJA x 50 TAB,TRAMADOL 37.5MG TAB,50.0,48007,TRILAT,37.5 mg + 325 mg,PARACETAMOL + CLORHIDRATO DE TRAMADOL,50
1,0.9333,1559147.0,AMOXICILINA 250mg SUSP x 60ml - FARMINDUSTRIA,AMOXICILINA JARABE,1.0,50857,AMOXICILINA,125 mg/ 5 mL,AMOXICILINA,1
2,0.9139,1559147.0,AMOXICILINA 250mg SUSP x 60ml - FARMINDUSTRIA,AMOXICILINA JARABE,1.0,37740,AMOXICILINA,250 mg/ 5 mL,AMOXICILINA TRIHIDRATO,1
3,0.9139,1559147.0,AMOXICILINA 250mg SUSP x 60ml - FARMINDUSTRIA,AMOXICILINA JARABE,1.0,37741,AMOXICILINA,250 mg/ 5 mL,AMOXICILINA TRIHIDRATO,1
1,0.9444,1564868.0,CEFACROL IM 1gr x 1 AMP,CEFTRIAXONA AMPOLLA,1.0,34838,CEFACROL IM,500 mg,CEFTRIAXONA,1
2,0.9023,1564868.0,CEFACROL IM 1gr x 1 AMP,CEFTRIAXONA AMPOLLA,1.0,56257,CEFACROL IM 1000,1 g,CEFTRIAXONA SODICA,1
3,0.8874,1564868.0,CEFACROL IM 1gr x 1 AMP,CEFTRIAXONA AMPOLLA,1.0,35141,CEFACROL IM 1000,1000 mg,CEFTRIAXONA,1
1,1.0,1567247.0,ACI BASIC SUSP x 150 ml,MAGALDRATO/SIMETICONA JARABE,1.0,48792,ACI BASIC,400 mg + 30 mg/ 5 mL,MAGALDRATO + SIMETICONA,1
2,1.0,1567247.0,ACI BASIC SUSP x 150 ml,MAGALDRATO/SIMETICONA JARABE,1.0,48793,ACI BASIC,400 mg + 30 mg/ 5 mL,MAGALDRATO + SIMETICONA,1
3,0.9091,1567247.0,ACI BASIC SUSP x 150 ml,MAGALDRATO/SIMETICONA JARABE,1.0,48473,ACI BASIC UVA,800 mg + 60 mg/ 10 mL,MAGALDRATO + SIMETICONA,1
1,0.9,1570526.0,MICOMISIL 1% CREMA x 15 gr,<NINGUNO>,1.0,7504,MICOMISIL,1 %,TERBINAFINA CLORHIDRATO,1
2,0.9,1570526.0,MICOMISIL 1% CREMA x 15 gr,<NINGUNO>,1.0,45999,MICOMISIL,1 %,TERBINAFINA CLORHIDRATO,1
3,0.9,1570526.0,MICOMISIL 1% CREMA x 15 gr,<NINGUNO>,1.0,56689,MICOMISIL,1 %,TERBINAFINA CLORHIDRATO,1
1,1.0361,1573654.0,HISALER 10mg x 120 TAB - BAGO,CETIRIZINA TABLETA,120.0,33827,HISALER,10 mg,CETIRIZINA DICLORHIDRATO,120
2,0.9861,1573654.0,HISALER 10mg x 120 TAB - BAGO,CETIRIZINA TABLETA,120.0,58350,HISALER,10 mg,CETIRIZINA CLORHIDRATO,150
3,0.9861,1573654.0,HISALER 10mg x 120 TAB - BAGO,CETIRIZINA TABLETA,120.0,58351,HISALER,10 mg,CETIRIZINA CLORHIDRATO,30
1,0.8846,1578047.0,CETIRIZINA 5mg/5ml x 60ml JBE - FARMINDUSTRIA,CETIRIZINA - JARABE,1.0,37576,CETIRIZINA,5 mg/ 5 mL,CETIRIZINA DICLORHIDRATO,1
2,0.8846,1578047.0,CETIRIZINA 5mg/5ml x 60ml JBE - FARMINDUSTRIA,CETIRIZINA - JARABE,1.0,37894,CETIRIZINA,5 mg/ 5 mL,CETIRIZINA DICLORHIDRATO,1
3,0.8846,1578047.0,CETIRIZINA 5mg/5ml x 60ml JBE - FARMINDUSTRIA,CETIRIZINA - JARABE,1.0,38888,CETIRIZINA,5 mg/ 5 mL,CETIRIZINA DICLORHIDRATO,1
1,0.9139,1583233.0,AMOXICILINA 250mg SUSP x 60ml - PORTUGAL,AMOXICILINA JARABE,12.0,37739,AMOXICILINA,250 mg/ 5 mL,AMOXICILINA TRIHIDRATO,12
2,0.9115,1583233.0,AMOXICILINA 250mg SUSP x 60ml - PORTUGAL,AMOXICILINA JARABE,12.0,27616,AMOXICILINA,500 mg,AMOXICILINA TRIHIDRATO,100
3,0.9115,1583233.0,AMOXICILINA 250mg SUSP x 60ml - PORTUGAL,AMOXICILINA JARABE,12.0,40244,AMOXICILINA,500 mg,AMOXICILINA TRIHIDRATO,100
1,0.944,1583340.0,COLUQUIM 100mg/5ml x 60ml -QUILAB,NITAZOXANIDA,1.0,41950,COLUQUIM,100 mg/ 5 mL,NITAZOXANIDA,1
2,0.944,1583340.0,COLUQUIM 100mg/5ml x 60ml -QUILAB,NITAZOXANIDA,1.0,41951,COLUQUIM,100 mg/ 5 mL,NITAZOXANIDA,1
3,0.944,1583340.0,COLUQUIM 100mg/5ml x 60ml -QUILAB,NITAZOXANIDA,1.0,57925,COLUQUIM,100 mg/ 5 mL,NITAZOXANIDA,1
1,1.0231,1586903.0,CLARIMED 250mg/5ml SUSP x 100ml,CLARITROMICINA - JARABE,1.0,40848,CLARIMED,125 mg/ 5 mL,CLARITROMICINA,1
2,1.0231,1586903.0,CLARIMED 250mg/5ml SUSP x 100ml,CLARITROMICINA - JARABE,1.0,40850,CLARIMED,125 mg/ 5 mL,CLARITROMICINA,1
3,0.9452,1586903.0,CLARIMED 250mg/5ml SUSP x 100ml,CLARITROMICINA - JARABE,1.0,40853,CLARIMED,500 mg,CLARITROMICINA,100
1,1.0402,1589603.0,AMPICILINA 500mg x 100 CAP - PORTUGAL,AMPICILINA - TABLETA,100.0,40238,AMPICILINA,500 mg,AMPICILINA TRIHIDRATO,100
2,0.9818,1589603.0,AMPICILINA 500mg x 100 CAP - PORTUGAL,AMPICILINA - TABLETA,100.0,48564,AMPICILINA,500 mg,AMPICILINA,100
3,0.9402,1589603.0,AMPICILINA 500mg x 100 CAP - PORTUGAL,AMPICILINA - TABLETA,100.0,45285,AMPICILINA,500 mg,AMPICILINA TRIHIDRATO,100
1,0.9595,1589710.0,AZITROMICINA 200mg SUSP x 15ml - FARMINDUSTRIA,AZITROMICINA JARABE,1.0,38280,AZITROMICINA,200 mg/ 5 mL,AZITROMICINA DIHIDRATO,1
2,0.9595,1589710.0,AZITROMICINA 200mg SUSP x 15ml - FARMINDUSTRIA,AZITROMICINA JARABE,1.0,38602,AZITROMICINA,200 mg/ 5 mL,AZITROMICINA DIHIDRATO,1
3,0.9595,1589710.0,AZITROMICINA 200mg SUSP x 15ml - FARMINDUSTRIA,AZITROMICINA JARABE,1.0,39234,AZITROMICINA,200 mg/ 5 mL,AZITROMICINA DIHIDRATO,1
1,0.8365,1589924.0,CLAVUMOX 500mg x 12 TAB,<NINGUNO>,1.0,54868,CLAVUMOX,500 mg + 125 mg,ACIDO CLAVULANICO + AMOXICILINA TRIHIDRATO,1
1,0.9818,1590326.0,COLUQUIM 500mg x 6 TAB -QUILAB,NITAZOXANIDA,6.0,37039,COLUQUIM,500 mg,NITAZOXANIDA,6
2,0.9818,1590326.0,COLUQUIM 500mg x 6 TAB -QUILAB,NITAZOXANIDA,6.0,58222,COLUQUIM,500 mg,NITAZOXANIDA,6
3,0.85,1590326.0,COLUQUIM 500mg x 6 TAB -QUILAB,NITAZOXANIDA,6.0,41950,COLUQUIM,100 mg/ 5 mL,NITAZOXANIDA,1
1,0.8367,1592340.0,MICOFLUZOL 150mg x 100 CAP - FARMEDIC,<NINGUNO>,100.0,39766,MICOFLUZOL 150,150 mg,FLUCONAZOL,100
1,0.9667,1593882.0,ALPRAZOLAM 0.50mg x 200 TAB - FARMINDUSTRIA,ALPRAZOLAM 0.5MG - TAB,200.0,35301,ALPRAZOLAM,0.5 mg,ALPRAZOLAM,200
2,0.9667,1593882.0,ALPRAZOLAM 0.50mg x 200 TAB - FARMINDUSTRIA,ALPRAZOLAM 0.5MG - TAB,200.0,41002,ALPRAZOLAM,0.5 mg,ALPRAZOLAM,200
3,0.9667,1593882.0,ALPRAZOLAM 0.50mg x 200 TAB - FARMINDUSTRIA,ALPRAZOLAM 0.5MG - TAB,200.0,53902,ALPRAZOLAM,0.5 mg,ALPRAZOLAM,200
1,1.0361,1593989.0,AMLODIPINO 10mg x 100 TAB - PORTUGAL,AMLODIPINO - TABLETA,100.0,37336,AMLODIPINO,10 mg,AMLODIPINO BESILATO,100
2,0.9861,1593989.0,AMLODIPINO 10mg x 100 TAB - PORTUGAL,AMLODIPINO - TABLETA,100.0,43528,AMLODIPINO,10 mg,AMLODIPINO BESILATO,10
3,0.9583,1593989.0,AMLODIPINO 10mg x 100 TAB - PORTUGAL,AMLODIPINO - TABLETA,100.0,36995,AMLODIPINO,5 mg,AMLODIPINO BESILATO,100
1,0.9342,1596582.0,NEURYL 0.50mg x 120COMP - BAGO,CLONAZEPAN 0.5MG,120.0,39982,NEURYL 0.5,0.5 mg,CLONAZEPAM,120
2,0.8842,1596582.0,NEURYL 0.50mg x 120COMP - BAGO,CLONAZEPAN 0.5MG,120.0,39980,NEURYL 0.5,0.5 mg,CLONAZEPAM,20
3,0.8797,1596582.0,NEURYL 0.50mg x 120COMP - BAGO,CLONAZEPAN 0.5MG,120.0,39983,NEURYL,2.5 mg/ mL,CLONAZEPAM,1
1,0.8857,1598275.0,SULFAMED NF 1% CREMA x 15gr - MEDIFARMA,<NINGUNO>,1.0,40830,SULFAMED,1 %,SULFADIAZINA DE PLATA,1
2,0.8857,1598275.0,SULFAMED NF 1% CREMA x 15gr - MEDIFARMA,<NINGUNO>,1.0,52010,SULFAMED NF,1 %,SULFADIAZINA DE PLATA,1
1,1.0778,1599175.0,CAPTOPRIL 25mg x 100 TAB - FARMINDUSTRIA,CAPTOPRIL TABLETA,100.0,37553,CAPTOPRIL,25 mg,CAPTOPRIL,100
2,0.9778,1599175.0,CAPTOPRIL 25mg x 100 TAB - FARMINDUSTRIA,CAPTOPRIL TABLETA,100.0,37108,CAPTOPRIL,25 mg,CAPTOPRIL,100
3,0.9778,1599175.0,CAPTOPRIL 25mg x 100 TAB - FARMINDUSTRIA,CAPTOPRIL TABLETA,100.0,37341,CAPTOPRIL,25 mg,CAPTOPRIL,100
1,0.9361,1599503.0,CETIRIZINA 10mg x 100 TAB - FARMINDUSTRIA,CETIRIZINA TABLETA,100.0,38341,CETIRIZINA,10 mg,CETIRIZINA DICLORHIDRATO,100
2,0.9361,1599503.0,CETIRIZINA 10mg x 100 TAB - FARMINDUSTRIA,CETIRIZINA TABLETA,100.0,39603,CETIRIZINA,10 mg,CETIRIZINA CLORHIDRATO,100
3,0.9361,1599503.0,CETIRIZINA 10mg x 100 TAB - FARMINDUSTRIA,CETIRIZINA TABLETA,100.0,40899,CETIRIZINA,10 mg,CETIRIZINA DICLORHIDRATO,100
1,0.9818,1599610.0,CIPROFLOXACINO 500mg x 100 TAB - FARMINDUSTRIA,CIPROFLOXACINO 500MG.TABLETA,100.0,58062,CIPROFLOXACINO,500 mg,CIPROFLOXACINO,100
2,0.916,1599610.0,CIPROFLOXACINO 500mg x 100 TAB - FARMINDUSTRIA,CIPROFLOXACINO 500MG.TABLETA,100.0,2534,CIPROFLOXACINO,500 mg,CIPROFLOXACINO CLORHIDRATO MONOHIDRATO,100
3,0.916,1599610.0,CIPROFLOXACINO 500mg x 100 TAB - FARMINDUSTRIA,CIPROFLOXACINO 500MG.TABLETA,100.0,26190,CIPROFLOXACINO,500 mg,CIPROFLOXACINO CLORHIDRATO MONOHIDRATO,100
1,0.9402,1599717.0,CEFALEXINA 500mg x 100 CAP - FARMINDUSTRIA,CEFALEXINA TABLETA,100.0,37770,CEFALEXINA,500 mg,CEFALEXINA MONOHIDRATO,100
2,0.9402,1599717.0,CEFALEXINA 500mg x 100 CAP - FARMINDUSTRIA,CEFALEXINA TABLETA,100.0,39036,CEFALEXINA,500 mg,CEFALEXINA MONOHIDRATO,100
3,0.9402,1599717.0,CEFALEXINA 500mg x 100 CAP - FARMINDUSTRIA,CEFALEXINA TABLETA,100.0,41548,CEFALEXINA,500 mg,CEFALEXINA MONOHIDRATO,100
1,0.9778,1599931.0,METOCLOPRAMIDA 10mg TAB x 100 - FARMINDUSTRIA,METOCLOPRAMIDA TABLETA,100.0,38960,METOCLOPRAMIDA,10 mg,METOCLOPRAMIDA,100
2,0.9465,1599931.0,METOCLOPRAMIDA 10mg TAB x 100 - FARMINDUSTRIA,METOCLOPRAMIDA TABLETA,100.0,33702,METOCLOPRAMIDA,10 mg,METOCLOPRAMIDA CLORHIDRATO MONOHIDRATO,100
3,0.9465,1599931.0,METOCLOPRAMIDA 10mg TAB x 100 - FARMINDUSTRIA,METOCLOPRAMIDA TABLETA,100.0,58361,METOCLOPRAMIDA,10 mg,METOCLOPRAMIDA CLORHIDRATO MONOHIDRATO,100
1,0.9818,1600049.0,KETOPROFENO 100mg x 30 TAB - FARMINDUSTRIA,KETOPROFENO - TABLETA,30.0,39408,KETOPROFENO,100 mg,KETOPROFENO,30
2,0.9818,1600049.0,KETOPROFENO 100mg x 30 TAB - FARMINDUSTRIA,KETOPROFENO - TABLETA,30.0,45270,KETOPROFENO,100 mg,KETOPROFENO,30
3,0.9818,1600049.0,KETOPROFENO 100mg x 30 TAB - FARMINDUSTRIA,KETOPROFENO - TABLETA,30.0,58722,KETOPROFENO,100 mg,KETOPROFENO,30
1,0.8555,1600798.0,DOLO TENSODOX 5mg/15mg x 50 TAB PHARMALAB,<NINGUNO>,50.0,49183,DOLO TENSODOX,5 mg + 15 mg,CICLOBENZAPRINA CLORHIDRATO + MELOXICAM,50
2,0.8055,1600798.0,DOLO TENSODOX 5mg/15mg x 50 TAB PHARMALAB,<NINGUNO>,50.0,49182,DOLO TENSODOX,5 mg + 15 mg,CICLOBENZAPRINA CLORHIDRATO + MELOXICAM,10
1,0.95,1600912.0,BETACORT 4mg/1ml AMP,BETAMETASONA AMPOLLA,1.0,40864,BETACORT,4 mg/ mL,BETAMETASONA FOSFATO DISODICO,1
2,0.9,1600912.0,BETACORT 4mg/1ml AMP,BETAMETASONA AMPOLLA,1.0,47204,BETACORT,4 mg/ mL,BETAMETASONA FOSFATO DISODICO,25
3,0.8202,1600912.0,BETACORT 4mg/1ml AMP,BETAMETASONA AMPOLLA,1.0,40858,BETACORT DEPOT,5 mg + 2 mg,BETAMETASONA DIPROPIONATO + BETAMETASONA FOSFATO DISODICO,1
1,0.9,1601056.0,BIPERIDENO 2mg x 100TAB - AC FARMA,BIPERIDENO 2MG.TABLETAS,100.0,20714,BIPERIDENO,2 mg,BIPERIDENO CLORHIDRATO,100
2,0.9,1601056.0,BIPERIDENO 2mg x 100TAB - AC FARMA,BIPERIDENO 2MG.TABLETAS,100.0,38154,BIPERIDENO,2 mg,BIPERIDENO CLORHIDRATO,100
3,0.9,1601056.0,BIPERIDENO 2mg x 100TAB - AC FARMA,BIPERIDENO 2MG.TABLETAS,100.0,39322,BIPERIDENO,2 mg,BIPERIDENO CLORHIDRATO,100
1,0.9167,1601484.0,BRONCO MEDIMOX 125mg x 105ml,"AMOXICILINA, BROMHEXINA - JARABE",1.0,42145,BRONCO MEDIMOX 125,125 mg + 4 mg/ 5 mL,AMOXICILINA TRIHIDRATO + BROMHEXINA CLORHIDRATO,1
2,0.9167,1601484.0,BRONCO MEDIMOX 125mg x 105ml,"AMOXICILINA, BROMHEXINA - JARABE",1.0,46175,BRONCO MEDIMOX 125,125 mg + 4 mg/ 5 mL,AMOXICILINA TRIHIDRATO + BROMHEXINA CLORHIDRATO,1
3,0.9134,1601484.0,BRONCO MEDIMOX 125mg x 105ml,"AMOXICILINA, BROMHEXINA - JARABE",1.0,54004,BRONCO MEDIMOX,500 mg + 8 mg,AMOXICILINA + BROMHEXINA CLORHIDRATO,80
1,0.9714,1602170.0,DEXAMETASONA TAB. 4mg x 100 - FARMINDUSTRIA,DEXAMETASONA TABLETAS,100.0,38611,DEXAMETASONA,4 mg,DEXAMETASONA,100
2,0.9714,1602170.0,DEXAMETASONA TAB. 4mg x 100 - FARMINDUSTRIA,DEXAMETASONA TABLETAS,100.0,42074,DEXAMETASONA,4 mg,DEXAMETASONA,100
3,0.9714,1602170.0,DEXAMETASONA TAB. 4mg x 100 - FARMINDUSTRIA,DEXAMETASONA TABLETAS,100.0,43371,DEXAMETASONA,4 mg,DEXAMETASONA,100
1,0.9089,1606091.0,CLONAZEPAM 2mg x 100 TAB - FARMINDUSTRIA,CLONAZEPAN 2MG,100.0,37883,CLONAZEPAM,2 mg,CLONAZEPAM,100
2,0.9089,1606091.0,CLONAZEPAM 2mg x 100 TAB - FARMINDUSTRIA,CLONAZEPAN 2MG,100.0,38051,CLONAZEPAM,2 mg,CLONAZEPAM,100
3,0.9089,1606091.0,CLONAZEPAM 2mg x 100 TAB - FARMINDUSTRIA,CLONAZEPAN 2MG,100.0,40432,CLONAZEPAM,2 mg,CLONAZEPAM,100
1,0.8615,1606312.0,DOLO BENALGIN AMP - LUSA,DICLOFENACO - AMPOLLA,1.0,49534,DOLO BENALGIN,,CIANOCOBALAMINA + DICLOFENACO SODICO + PIRIDOXINA CLORHIDRATO + TIAMINA CLORHIDRATO,1
1,0.85,1608005.0,PANADOL FORTE MIGRAÑA x 56 TABS (28 SOBRES x 2),PARACETAMOL 500MG.TABLETAS,28.0,54413,PANADOL,500 mg,PARACETAMOL,52
2,0.85,1608005.0,PANADOL FORTE MIGRAÑA x 56 TABS (28 SOBRES x 2),PARACETAMOL 500MG.TABLETAS,28.0,55728,PANADOL,100 mg/ mL,PARACETAMOL,1
3,0.85,1608005.0,PANADOL FORTE MIGRAÑA x 56 TABS (28 SOBRES x 2),PARACETAMOL 500MG.TABLETAS,28.0,56314,PANADOL,80 mg,PARACETAMOL,100
1,0.8691,1608326.0,ASSIS 400mg x 220ml JBE - ELIFARMA,MAGALDRATO/SIMETICONA JARABE,1.0,38217,ASSIS 400,400 mg + 30 mg/ 5 mL,MAGALDRATO + SIMETICONA,1
1,1.0434,1608433.0,AMOXICILINA CAP 500mg x 100 - PORTUGAL,AMOXICILINA CAPSULA,100.0,27616,AMOXICILINA,500 mg,AMOXICILINA TRIHIDRATO,100
2,1.0434,1608433.0,AMOXICILINA CAP 500mg x 100 - PORTUGAL,AMOXICILINA CAPSULA,100.0,40244,AMOXICILINA,500 mg,AMOXICILINA TRIHIDRATO,100
3,0.9818,1608433.0,AMOXICILINA CAP 500mg x 100 - PORTUGAL,AMOXICILINA CAPSULA,100.0,47312,AMOXICILINA,500 mg,AMOXICILINA,100
1,0.9778,1608968.0,ATORVASTATINA 20mg x 100 TAB - PORTUGAL,ATORVASTATINA - 20MG TABLETA,100.0,47307,ATORVASTATINA,20 mg,ATORVASTATINA,100
2,0.9135,1608968.0,ATORVASTATINA 20mg x 100 TAB - PORTUGAL,ATORVASTATINA - 20MG TABLETA,100.0,35708,ATORVASTATINA,20 mg,ATORVASTATINA DE CALCIO,100
3,0.9135,1608968.0,ATORVASTATINA 20mg x 100 TAB - PORTUGAL,ATORVASTATINA - 20MG TABLETA,100.0,44470,ATORVASTATINA,20 mg,ATORVASTATINA DE CALCIO,100
1,1.0615,1609547.0,DICLOFENACO 1% GEL x 50gr - PORTUGAL,DICLOFENACO - GEL,1.0,39236,DICLOFENACO,1 %,DICLOFENACO DIETILAMONIO,1
2,0.9615,1609547.0,DICLOFENACO 1% GEL x 50gr - PORTUGAL,DICLOFENACO - GEL,1.0,37573,DICLOFENACO,1 %,DICLOFENACO SODICO,1
3,0.9615,1609547.0,DICLOFENACO 1% GEL x 50gr - PORTUGAL,DICLOFENACO - GEL,1.0,38550,DICLOFENACO,1 %,DICLOFENACO DIETILAMONIO,1
1,1.0124,1611170.0,LEVOFLOXACINO 500mg x 7 TAB - GENFAR,LEVOFLOXACINO 500MG - TAB,7.0,40149,LEVOFLOXACINO,500 mg,LEVOFLOXACINO HEMIHIDRATO,7
2,1.0124,1611170.0,LEVOFLOXACINO 500mg x 7 TAB - GENFAR,LEVOFLOXACINO 500MG - TAB,7.0,59456,LEVOFLOXACINO,500 mg,LEVOFLOXACINO HEMIHIDRATO,7
3,0.9624,1611170.0,LEVOFLOXACINO 500mg x 7 TAB - GENFAR,LEVOFLOXACINO 500MG - TAB,7.0,46103,LEVOFLOXACINO,500 mg,LEVOFLOXACINO HEMIHIDRATO,10
1,0.9818,1611491.0,FLUCONAZOL 150mg x 2 CAP - FARMINDUSTRIA,FLUCONAZOL,2.0,4987,FLUCONAZOL,150 mg,FLUCONAZOL,2
2,0.9818,1611491.0,FLUCONAZOL 150mg x 2 CAP - FARMINDUSTRIA,FLUCONAZOL,2.0,38759,FLUCONAZOL,150 mg,FLUCONAZOL,2
3,0.9818,1611491.0,FLUCONAZOL 150mg x 2 CAP - FARMINDUSTRIA,FLUCONAZOL,2.0,39613,FLUCONAZOL,150 mg,FLUCONAZOL,2
1,1.0818,1611819.0,MACRODANTINA 100mg CAPS x 120,NITROFURANTOINA - TABLETA,120.0,40842,MACRODANTINA,100 mg,NITROFURANTOINA,120
2,1.0318,1611819.0,MACRODANTINA 100mg CAPS x 120,NITROFURANTOINA - TABLETA,120.0,40843,MACRODANTINA,100 mg,NITROFURANTOINA,40
3,0.97,1611819.0,MACRODANTINA 100mg CAPS x 120,NITROFURANTOINA - TABLETA,120.0,40834,MACRODANTINA,50 mg,NITROFURANTOINA,40
1,0.9,1612070.0,ACI-TIP COMPRIMIDOS MAST. x 140,MAGALDRATO/SIMETICONA TABLETAS,140.0,42868,ACI TIP,800 mg + 40 mg,MAGALDRATO + SIMETICONA,140
2,0.85,1612070.0,ACI-TIP COMPRIMIDOS MAST. x 140,MAGALDRATO/SIMETICONA TABLETAS,140.0,44213,ACI-TIP,800 mg + 60 mg/ 10 mL,MAGALDRATO + SIMETICONA,1
3,0.85,1612070.0,ACI-TIP COMPRIMIDOS MAST. x 140,MAGALDRATO/SIMETICONA TABLETAS,140.0,44799,ACI-TIP,800 mg + 60 mg/ 10 mL,MAGALDRATO + SIMETICONA,1
1,0.9002,1612284.0,FLUOXETINA 20mg x 100 CAP - FARMINDUSTRIA,FLUOXETINA 20MG TABLETA,100.0,37031,FLUOXETINA,20 mg,FLUOXETINA CLORHIDRATO,100
2,0.9002,1612284.0,FLUOXETINA 20mg x 100 CAP - FARMINDUSTRIA,FLUOXETINA 20MG TABLETA,100.0,38961,FLUOXETINA,20 mg,FLUOXETINA CLORHIDRATO,100
3,0.9002,1612284.0,FLUOXETINA 20mg x 100 CAP - FARMINDUSTRIA,FLUOXETINA 20MG TABLETA,100.0,41775,FLUOXETINA,20 mg,FLUOXETINA CLORHIDRATO,100
1,0.8563,1612505.0,MEDITOS JBE x 120ml,DEXTROMETORFANO JARABE,1.0,39405,MEDITOS,10 mg + 100 mg,DEXTROMETORFANO BROMHIDRATO + GUAIFENESINA,1
1,1.05,1613405.0,PREDNISONA 50mg x 100 TAB - PORTUGAL,PREDNISONA 50MG -TABLETA,100.0,38982,PREDNISONA,5 mg,PREDNISONA,100
2,1.0333,1613405.0,PREDNISONA 50mg x 100 TAB - PORTUGAL,PREDNISONA 50MG -TABLETA,100.0,40240,PREDNISONA,20 mg,PREDNISONA,100
3,0.9778,1613405.0,PREDNISONA 50mg x 100 TAB - PORTUGAL,PREDNISONA 50MG -TABLETA,100.0,9182,PREDNISONA,50 mg,PREDNISONA,100
1,0.969,1613619.0,DICLOXACILINA 250mg SUSP x 60ml - PORTUGAL,DICLOXACILINA JBE,12.0,40241,DICLOXACILINA,250 mg/ 5 mL,DICLOXACILINA SODICA MONOHIDRATO,1
2,0.969,1613619.0,DICLOXACILINA 250mg SUSP x 60ml - PORTUGAL,DICLOXACILINA JBE,12.0,40463,DICLOXACILINA,250 mg/ 5 mL,DICLOXACILINA SODICA MONOHIDRATO,1
3,0.969,1613619.0,DICLOXACILINA 250mg SUSP x 60ml - PORTUGAL,DICLOXACILINA JBE,12.0,46449,DICLOXACILINA,250 mg/ 5 mL,DICLOXACILINA SODICA MONOHIDRATO,1
1,1.0778,1613726.0,PREDNISONA 20mg x 100 TAB - PORTUGAL,PREDNISONA 20MG - TABLETA,100.0,40240,PREDNISONA,20 mg,PREDNISONA,100
2,1.0,1613726.0,PREDNISONA 20mg x 100 TAB - PORTUGAL,PREDNISONA 20MG - TABLETA,100.0,38982,PREDNISONA,5 mg,PREDNISONA,100
3,0.9778,1613726.0,PREDNISONA 20mg x 100 TAB - PORTUGAL,PREDNISONA 20MG - TABLETA,100.0,9181,PREDNISONA,20 mg,PREDNISONA,100
1,1.0778,1613833.0,DIMENHIDRINATO 50mg TAB x 100 - PORTUGAL,DIMENHIDRINATO - TABLETA,100.0,40228,DIMENHIDRINATO,50 mg,DIMENHIDRINATO,100
2,0.9778,1613833.0,DIMENHIDRINATO 50mg TAB x 100 - PORTUGAL,DIMENHIDRINATO - TABLETA,100.0,38610,DIMENHIDRINATO,50 mg,DIMENHIDRINATO,100
3,0.9778,1613833.0,DIMENHIDRINATO 50mg TAB x 100 - PORTUGAL,DIMENHIDRINATO - TABLETA,100.0,43189,DIMENHIDRINATO,50 mg,DIMENHIDRINATO,100
1,1.0485,1613940.0,DICLOXACILINA 500mg x 100 CAP - PORTUGAL,DICLOXACILINA TABLETA,100.0,28125,DICLOXACILINA,500 mg,DICLOXACILINA SODICA MONOHIDRATO,100
2,1.0485,1613940.0,DICLOXACILINA 500mg x 100 CAP - PORTUGAL,DICLOXACILINA TABLETA,100.0,39909,DICLOXACILINA,500 mg,DICLOXACILINA SODICA MONOHIDRATO,100
3,1.0121,1613940.0,DICLOXACILINA 500mg x 100 CAP - PORTUGAL,DICLOXACILINA TABLETA,100.0,43786,DICLOXACILINA,250 mg,DICLOXACILINA SODICA MONOHIDRATO,100
1,0.9597,1615847.0,CLINDAMICINA 600mg x 25 AMP - FARMINDUSTRIA,CLINDAMICINA - AMPOLLA,25.0,43374,CLINDAMICINA,300 mg,CLINDAMICINA CLORHIDRATO,100
2,0.8893,1615847.0,CLINDAMICINA 600mg x 25 AMP - FARMINDUSTRIA,CLINDAMICINA - AMPOLLA,25.0,41339,CLINDAMICINA,600 mg/ 4 mL,CLINDAMICINA FOSFATO,25
3,0.8893,1615847.0,CLINDAMICINA 600mg x 25 AMP - FARMINDUSTRIA,CLINDAMICINA - AMPOLLA,25.0,41870,CLINDAMICINA,600 mg/ 4 mL,CLINDAMICINA FOSFATO,25
1,1.0434,1615954.0,DICLOFENACO 100mg x 20 TAB - GEN FAR,DICLOFENACO - TABLETA,20.0,40163,DICLOFENACO,100 mg,DICLOFENACO SODICO,20
2,1.0434,1615954.0,DICLOFENACO 100mg x 20 TAB - GEN FAR,DICLOFENACO - TABLETA,20.0,59991,DICLOFENACO,100 mg,DICLOFENACO SODICO,20
3,1.0434,1615954.0,DICLOFENACO 100mg x 20 TAB - GEN FAR,DICLOFENACO - TABLETA,20.0,61709,DICLOFENACO,100 mg,DICLOFENACO SODICO,20
1,0.8759,1631726.0,PIROXICAM 20mg TAB x 100 - FARMINDUSTRIA,PIROXICAN 20MG.TABLETA,100.0,41558,PIROXICAM,20 mg,PIROXICAM,100
2,0.8759,1631726.0,PIROXICAM 20mg TAB x 100 - FARMINDUSTRIA,PIROXICAN 20MG.TABLETA,100.0,45232,PIROXICAM,20 mg,PIROXICAM,100
1,1.05,1631940.0,PREDNISONA 50mg x 100 TAB - FARMINDUSTRIA,PREDNISONA 50MG -TABLETA,100.0,38982,PREDNISONA,5 mg,PREDNISONA,100
2,1.0333,1631940.0,PREDNISONA 50mg x 100 TAB - FARMINDUSTRIA,PREDNISONA 50MG -TABLETA,100.0,40240,PREDNISONA,20 mg,PREDNISONA,100
3,0.9778,1631940.0,PREDNISONA 50mg x 100 TAB - FARMINDUSTRIA,PREDNISONA 50MG -TABLETA,100.0,9182,PREDNISONA,50 mg,PREDNISONA,100
1,0.9333,1650191.0,AMPICILINA 1gr x 25 AMP - DANY,AMPICILINA AMPOLLA,25.0,43695,AMPICILINA,1 g,AMPICILINA,25
2,0.8833,1650191.0,AMPICILINA 1gr x 25 AMP - DANY,AMPICILINA AMPOLLA,25.0,49900,AMPICILINA,1 g,AMPICILINA,10
3,0.8528,1650191.0,AMPICILINA 1gr x 25 AMP - DANY,AMPICILINA AMPOLLA,25.0,40238,AMPICILINA,500 mg,AMPICILINA TRIHIDRATO,100
1,0.9037,1650298.0,CEFADROXILO 500mg x 100 CAP - FARMINDUSTRIA,CEFADROXILO 500MG.TABLETAS,100.0,45738,CEFADROXILO,500 mg,CEFADROXILO MONOHIDRATO,100
2,0.9037,1650298.0,CEFADROXILO 500mg x 100 CAP - FARMINDUSTRIA,CEFADROXILO 500MG.TABLETAS,100.0,51668,CEFADROXILO,500 mg,CEFADROXILO MONOHIDRATO,100
3,0.8537,1650298.0,CEFADROXILO 500mg x 100 CAP - FARMINDUSTRIA,CEFADROXILO 500MG.TABLETAS,100.0,43823,CEFADROXILO,500 mg,CEFADROXILO MONOHIDRATO,50
1,1.025,1650626.0,AMIKACINA 500mg x 10 AMP - GEN FAR,AMIKACINA AMPOLLA,10.0,58882,AMIKACINA,500 mg/ 2 mL,AMIKACINA,10
2,0.9795,1650626.0,AMIKACINA 500mg x 10 AMP - GEN FAR,AMIKACINA AMPOLLA,10.0,34437,AMIKACINA,500 mg/ 2 mL,AMIKACINA SULFATO,10
3,0.9795,1650626.0,AMIKACINA 500mg x 10 AMP - GEN FAR,AMIKACINA AMPOLLA,10.0,40093,AMIKACINA,500 mg/ 2 mL,AMIKACINA SULFATO,10
1,0.95,1650733.0,ACICLOVIR AL 5% CREMA x 5gr - PORTUGAL,ACICLOVIR CREMA,12.0,33775,ACICLOVIR,5 %,ACICLOVIR,1
2,0.95,1650733.0,ACICLOVIR AL 5% CREMA x 5gr - PORTUGAL,ACICLOVIR CREMA,12.0,40290,ACICLOVIR,5 %,ACICLOVIR,1
3,0.95,1650733.0,ACICLOVIR AL 5% CREMA x 5gr - PORTUGAL,ACICLOVIR CREMA,12.0,40572,ACICLOVIR,5 %,ACICLOVIR,1
1,1.0024,1650840.0,CLARITROMICINA 250mg JBE x 50ml - PORTUGAL,CLARITROMICINA - JARABE,12.0,38799,CLARITROMICINA,250 mg/ 5 mL,CLARITROMICINA,1
2,1.0024,1650840.0,CLARITROMICINA 250mg JBE x 50ml - PORTUGAL,CLARITROMICINA - JARABE,12.0,38945,CLARITROMICINA,250 mg/ 5 mL,CLARITROMICINA,1
3,1.0024,1650840.0,CLARITROMICINA 250mg JBE x 50ml - PORTUGAL,CLARITROMICINA - JARABE,12.0,40537,CLARITROMICINA,250 mg/ 5 mL,CLARITROMICINA,1
1,0.8032,1653968.0,TIBEX 1.5mg x 1 TAB - FARMINDUSTRIA,PILDORA DE EMERGENCIA,1.0,46172,TIBEX,1.5 mg,LEVONORGESTREL,1
1,0.8719,1655340.0,SOLUTRES 150mg AMP x 1ml,<NINGUNO>,1.0,35477,SOLUTRES,150 mg/ mL,MEDROXIPROGESTERONA ACETATO,1
1,1.0055,1660847.0,CLINFOL DUO 100mg/400mg x 7 OV. VAG,CLINDAMICINA TABLETA,7.0,41611,CLINFOL,100 mg,CLINDAMICINA FOSFATO,7
2,0.9555,1660847.0,CLINFOL DUO 100mg/400mg x 7 OV. VAG,CLINDAMICINA TABLETA,7.0,57892,CLINFOL,100 mg,CLINDAMICINA FOSFATO,3
1,0.8844,1660954.0,PROGENDO 200mg x 30 CAP,<NINGUNO>,30.0,46019,PROGENDO,200 mg,PROGESTERONA,30
1,0.9818,1663761.0,FLUCONAZOL 150mg x 2 CAP - PORTUGAL,FLUCONAZOL,2.0,4987,FLUCONAZOL,150 mg,FLUCONAZOL,2
2,0.9818,1663761.0,FLUCONAZOL 150mg x 2 CAP - PORTUGAL,FLUCONAZOL,2.0,38759,FLUCONAZOL,150 mg,FLUCONAZOL,2
3,0.9818,1663761.0,FLUCONAZOL 150mg x 2 CAP - PORTUGAL,FLUCONAZOL,2.0,39613,FLUCONAZOL,150 mg,FLUCONAZOL,2
1,0.8607,1664447.0,ADAX FLU FORTE JBE. x 60ml,PSEUDOEFREDRINA JARABE,1.0,39736,ADAX FLU,100 mg + 15 mg/ 5 mL,IBUPROFENO + CLORHIDRATO DE PSEUDOEFEDRINA,1
2,0.8334,1664447.0,ADAX FLU FORTE JBE. x 60ml,PSEUDOEFREDRINA JARABE,1.0,46086,ADAX,100 mg/ 5 mL,IBUPROFENO,1
3,0.8334,1664447.0,ADAX FLU FORTE JBE. x 60ml,PSEUDOEFREDRINA JARABE,1.0,46087,ADAX,100 mg/ 5 mL,IBUPROFENO,1
1,0.8199,1682768.0,VENTIMAX 100mg INHALADOR AER. x 250 DOSIS,<NINGUNO>,1.0,11352,VENTIMAX,100 mcg/ dosis,SALBUTAMOL,1
2,0.8199,1682768.0,VENTIMAX 100mg INHALADOR AER. x 250 DOSIS,<NINGUNO>,1.0,25188,VENTIMAX,100 mcg/ dosis,SALBUTAMOL,1
3,0.8011,1682768.0,VENTIMAX 100mg INHALADOR AER. x 250 DOSIS,<NINGUNO>,1.0,58428,VENTIMAX,100 mcg/ dosis,SALBUTAMOL SULFATO,1
1,0.9595,1687161.0,AZITROMICINA 200mg SUSP x 15ml - PORTUGAL,AZITROMICINA JARABE,1.0,38280,AZITROMICINA,200 mg/ 5 mL,AZITROMICINA DIHIDRATO,1
2,0.9595,1687161.0,AZITROMICINA 200mg SUSP x 15ml - PORTUGAL,AZITROMICINA JARABE,1.0,38602,AZITROMICINA,200 mg/ 5 mL,AZITROMICINA DIHIDRATO,1
3,0.9595,1687161.0,AZITROMICINA 200mg SUSP x 15ml - PORTUGAL,AZITROMICINA JARABE,1.0,39234,AZITROMICINA,200 mg/ 5 mL,AZITROMICINA DIHIDRATO,1
1,0.8661,1690333.0,NASTIZOL JUNIOR GOTAS x 15ml,PSEUDOEFREDRINA 30MG GOTAS,1.0,41999,NASTIZOL,1 mg + 30 mg/ mL,CLORFENAMINA MALEATO + PSEUDOEFEDRINA SULFATO,1
2,0.8535,1690333.0,NASTIZOL JUNIOR GOTAS x 15ml,PSEUDOEFREDRINA 30MG GOTAS,1.0,41812,NASTIZOL JUNIOR,2 mg + 30 mg + 125 mg,CLORFENAMINA MALEATO + PARACETAMOL + PSEUDOEFEDRINA SULFATO,1
1,0.8857,1690440.0,NASTIZOL JUNIOR JBE x 100ml,PSEUDOEFREDRINA JARABE,1.0,41999,NASTIZOL,1 mg + 30 mg/ mL,CLORFENAMINA MALEATO + PSEUDOEFEDRINA SULFATO,1
2,0.8331,1690440.0,NASTIZOL JUNIOR JBE x 100ml,PSEUDOEFREDRINA JARABE,1.0,41812,NASTIZOL JUNIOR,2 mg + 30 mg + 125 mg,CLORFENAMINA MALEATO + PARACETAMOL + PSEUDOEFEDRINA SULFATO,1
1,0.9985,1690975.0,SERTRALINA 100mg x 10 TAB - GEN FAR,SERTRALINA 100MG TAB,10.0,40196,SERTRALINA,100 mg,SERTRALINA CLORHIDRATO,10
2,0.9985,1690975.0,SERTRALINA 100mg x 10 TAB - GEN FAR,SERTRALINA 100MG TAB,10.0,58785,SERTRALINA,100 mg,SERTRALINA CLORHIDRATO,10
3,0.9367,1690975.0,SERTRALINA 100mg x 10 TAB - GEN FAR,SERTRALINA 100MG TAB,10.0,40197,SERTRALINA,50 mg,SERTRALINA CLORHIDRATO,10
1,1.0778,1692454.0,GRAVOL A/P 75mg CAP x 84,DIMENHIDRINATO - TABLETA,84.0,37382,GRAVOL A/P,75 mg,DIMENHIDRINATO,84
2,1.0778,1692454.0,GRAVOL A/P 75mg CAP x 84,DIMENHIDRINATO - TABLETA,84.0,56695,GRAVOL A/P,75 mg,DIMENHIDRINATO,84
3,1.0278,1692454.0,GRAVOL A/P 75mg CAP x 84,DIMENHIDRINATO - TABLETA,84.0,37381,GRAVOL A/P,75 mg,DIMENHIDRINATO,12
1,0.9758,1693782.0,DICLOFENACO 75mg x 100 AMP - LABOT,DICLOFENACO - AMPOLLA,100.0,43500,DICLOFENACO,75 mg/ 3 mL,DICLOFENACO SODICO,100
2,0.9758,1693782.0,DICLOFENACO 75mg x 100 AMP - LABOT,DICLOFENACO - AMPOLLA,100.0,55884,DICLOFENACO,75 mg/ 3 mL,DICLOFENACO SODICO,100
3,0.8949,1693782.0,DICLOFENACO 75mg x 100 AMP - LABOT,DICLOFENACO - AMPOLLA,100.0,43367,DICLOFENACO,50 mg,DICLOFENACO SODICO,100
1,0.9135,1699831.0,AMITRIPTILINA 25mg x 100 TAB - FARMINDUSTRIA,AMITRIPTILINA 25MG - TAB,100.0,30866,AMITRIPTILINA,25 mg,AMITRIPTILINA CLORHIDRATO,100
2,0.9135,1699831.0,AMITRIPTILINA 25mg x 100 TAB - FARMINDUSTRIA,AMITRIPTILINA 25MG - TAB,100.0,38210,AMITRIPTILINA,25 mg,AMITRIPTILINA CLORHIDRATO,100
3,0.9135,1699831.0,AMITRIPTILINA 25mg x 100 TAB - FARMINDUSTRIA,AMITRIPTILINA 25MG - TAB,100.0,38641,AMITRIPTILINA,25 mg,AMITRIPTILINA CLORHIDRATO,100
1,0.9714,1700056.0,RISPERIDONA 1mg x 20 TAB - FARMINDUSTRIA,RISPERIDONA TABLETA,20.0,39625,RISPERIDONA,1 mg,RISPERIDONA,20
2,0.9143,1700056.0,RISPERIDONA 1mg x 20 TAB - FARMINDUSTRIA,RISPERIDONA TABLETA,20.0,39626,RISPERIDONA,2 mg,RISPERIDONA,20
3,0.9143,1700056.0,RISPERIDONA 1mg x 20 TAB - FARMINDUSTRIA,RISPERIDONA TABLETA,20.0,51675,RISPERIDONA,2 mg,RISPERIDONA,20
1,1.0818,1700812.0,FURAZOLIDONA 100mg TAB x 100 - PORTUGAL,FURAZOLIDONA TABLETA,100.0,36982,FURAZOLIDONA,100 mg,FURAZOLIDONA,100
2,1.0318,1700812.0,FURAZOLIDONA 100mg TAB x 100 - PORTUGAL,FURAZOLIDONA TABLETA,100.0,43534,FURAZOLIDONA,100 mg,FURAZOLIDONA,30
3,0.9818,1700812.0,FURAZOLIDONA 100mg TAB x 100 - PORTUGAL,FURAZOLIDONA TABLETA,100.0,35654,FURAZOLIDONA,100 mg,FURAZOLIDONA,100
1,0.9545,1702391.0,LIDOCAINA 2% S/EP AMP x 20ml x 25UND - DANY,LIDOCAINA AMPOLLA,25.0,37844,LIDOCAINA,2 %,LIDOCAINA CLORHIDRATO,25
2,0.9545,1702391.0,LIDOCAINA 2% S/EP AMP x 20ml x 25UND - DANY,LIDOCAINA AMPOLLA,25.0,47610,LIDOCAINA,2 %,LIDOCAINA CLORHIDRATO,25
3,0.9045,1702391.0,LIDOCAINA 2% S/EP AMP x 20ml x 25UND - DANY,LIDOCAINA AMPOLLA,25.0,29081,LIDOCAINA,2 %,LIDOCAINA CLORHIDRATO,20
1,0.8273,1703398.0,AMIKACINA 1gr x 1 AMP - DANY,AMIKACINA AMPOLLA,1.0,61585,AMIKACINA,1 g/ 4 mL,AMIKACINA SULFATO,1
1,0.8183,1703405.0,DIMENHIDRINATO 50mg/5ml x 25AMP - DANY,<NINGUNO>,25.0,40228,DIMENHIDRINATO,50 mg,DIMENHIDRINATO,100
2,0.8008,1703405.0,DIMENHIDRINATO 50mg/5ml x 25AMP - DANY,<NINGUNO>,25.0,34297,DIMENHIDRINATO,50 mg/ 5 mL,DIMENHIDRINATO,25
3,0.8008,1703405.0,DIMENHIDRINATO 50mg/5ml x 25AMP - DANY,<NINGUNO>,25.0,37172,DIMENHIDRINATO,50 mg/ 5 mL,DIMENHIDRINATO,25
1,1.0818,1705205.0,CELECOXIB 200mg x 100 CAP - PORTUGAL,CELECOXIB,100.0,38545,CELECOXIB,200 mg,CELECOXIB,100
2,0.9818,1705205.0,CELECOXIB 200mg x 100 CAP - PORTUGAL,CELECOXIB,100.0,37633,CELECOXIB,200 mg,CELECOXIB,100
3,0.9818,1705205.0,CELECOXIB 200mg x 100 CAP - PORTUGAL,CELECOXIB,100.0,42596,CELECOXIB,200 mg,CELECOXIB,100
1,0.8485,1705847.0,AMOX.+ACIDO CLAVUL.500mg x 10 TAB - PORTUGAL,AMOXICILINA + ACIDO CLAV. - TABLETA,10.0,47689,AMOX,500 mg,AMOXICILINA TRIHIDRATO,100
1,1.0298,1706105.0,AMLODIPINO 5mg x 100 TAB - PORTUGAL,AMLODIPINO - TABLETA,100.0,36995,AMLODIPINO,5 mg,AMLODIPINO BESILATO,100
2,0.9798,1706105.0,AMLODIPINO 5mg x 100 TAB - PORTUGAL,AMLODIPINO - TABLETA,100.0,43529,AMLODIPINO,5 mg,AMLODIPINO BESILATO,10
3,0.9714,1706105.0,AMLODIPINO 5mg x 100 TAB - PORTUGAL,AMLODIPINO - TABLETA,100.0,55449,AMLODIPINO,5 mg,AMLODIPINO,100
1,1.0778,1706854.0,LANSOPRAZOL 30mg x 100 CAP - PORTUGAL,LANSOPRAZOL,100.0,40464,LANSOPRAZOL,30 mg,LANSOPRAZOL,100
2,1.0278,1706854.0,LANSOPRAZOL 30mg x 100 CAP - PORTUGAL,LANSOPRAZOL,100.0,43551,LANSOPRAZOL,30 mg,LANSOPRAZOL,20
3,0.9778,1706854.0,LANSOPRAZOL 30mg x 100 CAP - PORTUGAL,LANSOPRAZOL,100.0,49903,LANSOPRAZOL,30 mg,LANSOPRAZOL,100
1,0.9778,1707005.0,OMEPRAZOL 20mg x 100 CAP - FARMINDUSTRIA,OMEPRAZOL CAPSULA,100.0,38959,OMEPRAZOL,20 mg,OMEPRAZOL,100
2,0.9778,1707005.0,OMEPRAZOL 20mg x 100 CAP - FARMINDUSTRIA,OMEPRAZOL CAPSULA,100.0,40108,OMEPRAZOL,20 mg,OMEPRAZOL,100
3,0.9778,1707005.0,OMEPRAZOL 20mg x 100 CAP - FARMINDUSTRIA,OMEPRAZOL CAPSULA,100.0,40889,OMEPRAZOL,20 mg,OMEPRAZOL,100
1,0.9,1707861.0,TERBINAFINA 1% CREMA x 20gr - GEN FAR,<NINGUNO>,1.0,40215,TERBINAFINA,1 %,TERBINAFINA CLORHIDRATO,1
2,0.9,1707861.0,TERBINAFINA 1% CREMA x 20gr - GEN FAR,<NINGUNO>,1.0,58807,TERBINAFINA,1 %,TERBINAFINA CLORHIDRATO,1
3,0.8,1707861.0,TERBINAFINA 1% CREMA x 20gr - GEN FAR,<NINGUNO>,1.0,37463,TERBINAFINA,1 %,TERBINAFINA CLORHIDRATO,1
1,1.0778,1707968.0,MELOXICAM 15mg x 100 TAB - PORTUGAL,MELOXICAM - TABLETAS,100.0,40307,MELOXICAM,15 mg,MELOXICAM,100
2,1.0278,1707968.0,MELOXICAM 15mg x 100 TAB - PORTUGAL,MELOXICAM - TABLETAS,100.0,43537,MELOXICAM,15 mg,MELOXICAM,10
3,0.9778,1707968.0,MELOXICAM 15mg x 100 TAB - PORTUGAL,MELOXICAM - TABLETAS,100.0,37666,MELOXICAM,15 mg,MELOXICAM,100
1,0.8615,1708012.0,DIOXAFLEX CB PLUS x 120 CAP,DICLOFENACO - TABLETA,120.0,43887,DIOXAFLEX CB PLUS,50 mg + 4 mg,DICLOFENACO POTASICO,120
2,0.8615,1708012.0,DIOXAFLEX CB PLUS x 120 CAP,DICLOFENACO - TABLETA,120.0,60567,DIOXAFLEX CB,50 mg,DICLOFENACO POTASICO,120
3,0.8115,1708012.0,DIOXAFLEX CB PLUS x 120 CAP,DICLOFENACO - TABLETA,120.0,54833,DIOXAFLEX,75 mg/ 3 mL,DICLOFENACO SODICO,3
1,0.8673,1709233.0,ESOMEPRAZOL 40mg x 10 TAB - GEN FAR,<NINGUNO>,10.0,43921,ESOMEPRAZOL,40 mg,ESOMEPRAZOL MAGNESIO TRIHIDRATO,10
2,0.8673,1709233.0,ESOMEPRAZOL 40mg x 10 TAB - GEN FAR,<NINGUNO>,10.0,60334,ESOMEPRAZOL,40 mg,ESOMEPRAZOL MAGNESIO TRIHIDRATO,10
3,0.8228,1709233.0,ESOMEPRAZOL 40mg x 10 TAB - GEN FAR,<NINGUNO>,10.0,43922,ESOMEPRAZOL,20 mg,ESOMEPRAZOL MAGNESIO TRIHIDRATO,10
1,0.8318,1710819.0,DEQUAZOL 500mg TAB x 60,METRONIDAZOL - TABLETA,60.0,35124,DEQUAZOL ORAL 500,500 mg,METRONIDAZOL,60
1,0.9375,1710926.0,NEURYL 2mg x 120 COMP - BAGO,CLONAZEPAN 2MG,120.0,39981,NEURYL 2,2 mg,CLONAZEPAM,120
2,0.8875,1710926.0,NEURYL 2mg x 120 COMP - BAGO,CLONAZEPAN 2MG,120.0,39972,NEURYL 2,2 mg,CLONAZEPAM,20
3,0.8875,1710926.0,NEURYL 2mg x 120 COMP - BAGO,CLONAZEPAN 2MG,120.0,48205,NEURYL 2,2 mg,CLONAZEPAM,1
1,1.06,1712619.0,SUPRACALM 1G x 100 COMP,PARACETAMOL 500MG.TABLETAS,100.0,49861,SUPRACALM,1 g,PARACETAMOL,100
2,1.01,1712619.0,SUPRACALM 1G x 100 COMP,PARACETAMOL 500MG.TABLETAS,100.0,49860,SUPRACALM,1 g,PARACETAMOL,10
1,0.875,1717119.0,ENDOVIT 5% SOL. INY x 1000ml - TRIFARMA,<NINGUNO>,1.0,35556,ENDOVIT,5 %,ASCORBICO ACIDO + NICOTINAMIDA + PANTENOL + PIRIDOXINA CLORHIDRATO + RIBOFLAVINA FOSFATO SODICO DIHIDRATO + GLUCOSA ANHIDRA,1
1,0.8286,1719454.0,ERGONEX x 100 TAB - AC FARMA,ERGOTAMINA 1MG TAB,100.0,41776,ERGONEX®,1 mg + 100 mg,CAFEINA + ERGOTAMINA TARTRATO,100
1,0.9611,1720933.0,SILDENAFILO 50mg x 10 TAB - HERSIL,SILDENAFILO 50MG - TABLETA,10.0,10017,SILDENAFILO,50 mg,SILDENAFILO CITRATO,4
2,0.9611,1720933.0,SILDENAFILO 50mg x 10 TAB - HERSIL,SILDENAFILO 50MG - TABLETA,10.0,40232,SILDENAFILO,50 mg,SILDENAFILO CITRATO,4
3,0.9278,1720933.0,SILDENAFILO 50mg x 10 TAB - HERSIL,SILDENAFILO 50MG - TABLETA,10.0,41836,SILDENAFILO,50 mg,SILDENAFILO,50
1,0.859,1721619.0,VALSARTAN 80mg x 14 TAB - GEN FAR,<NINGUNO>,14.0,40195,VALSARTAN,80 mg,VALSARTAN,14
2,0.859,1721619.0,VALSARTAN 80mg x 14 TAB - GEN FAR,<NINGUNO>,14.0,59013,VALSARTAN,80 mg,VALSARTAN,14
3,0.8013,1721619.0,VALSARTAN 80mg x 14 TAB - GEN FAR,<NINGUNO>,14.0,40194,VALSARTAN,160 mg,VALSARTAN,14
1,0.8674,1722298.0,ISOPRINOSINE 250mg/5ml x 120ML,<NINGUNO>,1.0,50891,ISOPRINOSINE,250 mg/ 5 mL,METISOPRINOL,1
1,0.98,1722733.0,MAGALDRAX x 200ML,MAGALDRATO/SIMETICONA JARABE,1.0,49139,MAGALDRAX,800 mg + 60 mg/ 10 mL,MAGALDRATO + SIMETICONA,1
1,1.0013,1726012.0,ZATRIX SL 0.25mg x 20TAB - FARMINDUTRIA,CLONAZEPAN 0.25MG,20.0,40429,ZATRIX SL,0.25 mg,CLONAZEPAM,20
2,1.0013,1726012.0,ZATRIX SL 0.25mg x 20TAB - FARMINDUTRIA,CLONAZEPAN 0.25MG,20.0,58965,ZATRIX SL,0.25 mg,CLONAZEPAM,20
3,0.9833,1726012.0,ZATRIX SL 0.25mg x 20TAB - FARMINDUTRIA,CLONAZEPAN 0.25MG,20.0,40428,ZATRIX,0.5 mg,CLONAZEPAM,20
1,1.0818,1733212.0,PARACETAMOL 500mg x 100 TAB - QUILAB,PARACETAMOL 500MG.TABLETAS,100.0,42111,PARACETAMOL,500 mg,PARACETAMOL,100
2,1.0318,1733212.0,PARACETAMOL 500mg x 100 TAB - QUILAB,PARACETAMOL 500MG.TABLETAS,100.0,43539,PARACETAMOL,500 mg,PARACETAMOL,30
3,0.9818,1733212.0,PARACETAMOL 500mg x 100 TAB - QUILAB,PARACETAMOL 500MG.TABLETAS,100.0,36917,PARACETAMOL,500 mg,PARACETAMOL,100
1,0.9393,1735333.0,CLORFENAMINA 10mg/1ml x 100 AMP - PHARMAGEN,CLORFENAMINA AMPOLLA,100.0,42690,CLORFENAMINA,10 mg/ mL,CLORFENAMINA MALEATO,100
2,0.9393,1735333.0,CLORFENAMINA 10mg/1ml x 100 AMP - PHARMAGEN,CLORFENAMINA AMPOLLA,100.0,54885,CLORFENAMINA,10 mg/ mL,CLORFENAMINA MALEATO,100
3,0.9393,1735333.0,CLORFENAMINA 10mg/1ml x 100 AMP - PHARMAGEN,CLORFENAMINA AMPOLLA,100.0,54930,CLORFENAMINA,10 mg/ mL,CLORFENAMINA MALEATO,100
1,0.8452,1748575.0,BIOBRONCOL 500mg x 50 CAP - IQFARMA,<NINGUNO>,50.0,61056,BIOBRONCOL® S,500 mg,CEFALEXINA,50
1,0.9333,1748789.0,ATORVASTATINA 10mg x 100 TAB - PORTUGAL,ATORVASTATINA - 20MG TABLETA,100.0,47307,ATORVASTATINA,20 mg,ATORVASTATINA,100
2,0.9135,1748789.0,ATORVASTATINA 10mg x 100 TAB - PORTUGAL,ATORVASTATINA - 20MG TABLETA,100.0,54218,ATORVASTATINA,10 mg,ATORVASTATINA DE CALCIO TRIHIDRATO,100
3,0.9135,1748789.0,ATORVASTATINA 10mg x 100 TAB - PORTUGAL,ATORVASTATINA - 20MG TABLETA,100.0,54534,ATORVASTATINA,10 mg,ATORVASTATINA DE CALCIO TRIHIDRATO,100
1,0.9615,1750526.0,SUCRAXOL SUSPENSION x 200ml,SUCRALFATO,1.0,41865,SUCRAXOL,1 g/ 5 mL,SUCRALFATO,1
1,1.0818,1753654.0,CLARIMED 500mg x 50 TAB,CLARITROMICINA 500MG.TABLETAS,50.0,40854,CLARIMED,500 mg,CLARITROMICINA,50
2,1.0318,1753654.0,CLARIMED 500mg x 50 TAB,CLARITROMICINA 500MG.TABLETAS,50.0,40853,CLARIMED,500 mg,CLARITROMICINA,100
3,1.0318,1753654.0,CLARIMED 500mg x 50 TAB,CLARITROMICINA 500MG.TABLETAS,50.0,40855,CLARIMED,500 mg,CLARITROMICINA,10
1,0.8306,1759054.0,SALBUTAMOL AEROSOL 200 DOSIS - PHARMAGEN,SALBUTAMOL - AEROSOL,1.0,37583,SALBUTAMOL,100 mcg/ dosis,SALBUTAMOL SULFATO,1
1,0.9621,1759161.0,AMOXICLIN CL 250mg x 60 ml,AMOXICILINA + ACIDO CLAV. JARABE,1.0,45863,AMOXICLIN,250 mg/ 5 mL,AMOXICILINA TRIHIDRATO,1
2,0.9439,1759161.0,AMOXICLIN CL 250mg x 60 ml,AMOXICILINA + ACIDO CLAV. JARABE,1.0,49433,AMOXICLIN,500 mg/ 5 mL,AMOXICILINA TRIHIDRATO,1
3,0.9439,1759161.0,AMOXICLIN CL 250mg x 60 ml,AMOXICILINA + ACIDO CLAV. JARABE,1.0,51569,AMOXICLIN,500 mg/ 5 mL,AMOXICILINA TRIHIDRATO,1
1,0.8714,1762012.0,DESLORAT 5mg x 30 TAB - MEDROCK,<NINGUNO>,30.0,40028,DESLORAT,5 mg,DESLORATADINA,30
1,0.8229,1764026.0,PROCOPS 50mg x 10TAB,SILDENAFILO 50MG - TABLETA,10.0,41889,PROCOPS 50,50 mg,SILDENAFILO CITRATO,10
1,0.8974,1764775.0,APIRON 1g/2ml INY. x 5 AMPOLLAS,METAMIZOL AMPOLLA,5.0,41873,APIRON,1 g/ 2 mL,METAMIZOL SODICO MONOHIDRATO,5
2,0.8112,1764775.0,APIRON 1g/2ml INY. x 5 AMPOLLAS,METAMIZOL AMPOLLA,5.0,32642,APIRON,500 mg/ mL,METAMIZOL SODICO MONOHIDRATO,1
3,0.8112,1764775.0,APIRON 1g/2ml INY. x 5 AMPOLLAS,METAMIZOL AMPOLLA,5.0,54169,APIRON,500 mg/ mL,METAMIZOL SODICO MONOHIDRATO,1
1,0.8014,1765675.0,OTOMICIN GOTAS OTICAS x 10ml,<NINGUNO>,1.0,49013,OTOMICIN,40 mg + 10 mg + 20 mg/ mL,BENZOCAINA + FENAZONA + SULFANILAMIDA,1
1,0.8949,1767582.0,VINIL 75mg/3ml CAJA x 6 AMPOLLAS,DICLOFENACO - AMPOLLA,6.0,42394,VINIL,75 mg/ 3 mL,DICLOFENACO SODICO,6
1,0.8556,1768375.0,DEFLAZACORT 30mg x 10 TAB - GEN FAR,<NINGUNO>,10.0,55995,DEFLAZACORT,30 mg,DEFLAZACORT,10
2,0.8556,1768375.0,DEFLAZACORT 30mg x 10 TAB - GEN FAR,<NINGUNO>,10.0,61479,DEFLAZACORT,30 mg,DEFLAZACORT,10
1,0.9818,1773454.0,ATENOLOL 100mg x 100 TAB - IQFARMA,ATENOLOL - TABLETA,100.0,39738,ATENOLOL,100 mg,ATENOLOL,100
2,0.9818,1773454.0,ATENOLOL 100mg x 100 TAB - IQFARMA,ATENOLOL - TABLETA,100.0,40900,ATENOLOL,100 mg,ATENOLOL,100
3,0.9818,1773454.0,ATENOLOL 100mg x 100 TAB - IQFARMA,ATENOLOL - TABLETA,100.0,44958,ATENOLOL,100 mg,ATENOLOL,100
1,0.8652,1775682.0,VERTE 120MG x 60 CAP,<NINGUNO>,60.0,44743,VERTE,120 mg,ORLISTAT,60
2,0.8652,1775682.0,VERTE 120MG x 60 CAP,<NINGUNO>,60.0,56230,VERTE,120 mg,ORLISTAT,60
3,0.8652,1775682.0,VERTE 120MG x 60 CAP,<NINGUNO>,60.0,61660,VERTE,120 mg,ORLISTAT,60
1,0.9,1776689.0,MEDRAVOL x 100 TAB,DIMENHIDRINATO - TABLETA,100.0,44472,MEDRAVOL,50 mg,DIMENHIDRINATO,100
1,0.8221,1777703.0,ATOS 15MG/5ML JBE x 120 ML,<NINGUNO>,1.0,39026,ATOS,15 mg/ 5 mL,DEXTROMETORFANO BROMHIDRATO,1
2,0.8221,1777703.0,ATOS 15MG/5ML JBE x 120 ML,<NINGUNO>,1.0,45970,ATOS,15 mg/ 5 mL,DEXTROMETORFANO BROMHIDRATO,1
3,0.8221,1777703.0,ATOS 15MG/5ML JBE x 120 ML,<NINGUNO>,1.0,58417,ATOS,15 mg/ 5 mL,DEXTROMETORFANO BROMHIDRATO,1
1,0.9214,1779610.0,ACIDO FUSIDICO 2% CREMA x 15gr - GEN FAR,<NINGUNO>,1.0,40091,ACIDO FUSIDICO,2 %,ACIDO FUSIDICO,1
2,0.9214,1779610.0,ACIDO FUSIDICO 2% CREMA x 15gr - GEN FAR,<NINGUNO>,1.0,59210,ACIDO FUSIDICO,2 %,ACIDO FUSIDICO,1
3,0.8214,1779610.0,ACIDO FUSIDICO 2% CREMA x 15gr - GEN FAR,<NINGUNO>,1.0,45249,ACIDO FUSIDICO,2 %,ACIDO FUSIDICO,1
1,0.8949,1780761.0,BETASPORINA 1gr IV x 1 AMP,CEFTRIAXONA AMPOLLA,1.0,41624,BETASPORINA,1 g,CEFTRIAXONA SODICA 3 1/2 HIDRATO,1
2,0.8949,1780761.0,BETASPORINA 1gr IV x 1 AMP,CEFTRIAXONA AMPOLLA,1.0,41625,BETASPORINA,1 g,CEFTRIAXONA SODICA 3 1/2 HIDRATO,1
3,0.8949,1780761.0,BETASPORINA 1gr IV x 1 AMP,CEFTRIAXONA AMPOLLA,1.0,47843,BETASPORINA,1 g,CEFTRIAXONA SODICA 3 1/2 HIDRATO + LIDOCAINA CLORHIDRATO,1
1,0.9124,1781447.0,BAGOFLOX 500MG x 14 COMP.,LEVOFLOXACINO 500MG - TAB,14.0,41793,BAGOFLOX 500,500 mg,LEVOFLOXACINO HEMIHIDRATO,14
2,0.826,1781447.0,BAGOFLOX 500MG x 14 COMP.,LEVOFLOXACINO 500MG - TAB,14.0,41794,BAGOFLOX 750,750 mg,LEVOFLOXACINO HEMIHIDRATO,5
1,1.0333,1781554.0,DEGRALER GOTAS x 15 ML,LEVOCETIRIZINA,1.0,41796,DEGRALER,5 mg/ mL,LEVOCETIRIZINA DICLORHIDRATO,1
2,1.0143,1781554.0,DEGRALER GOTAS x 15 ML,LEVOCETIRIZINA,1.0,41797,DEGRALER,2.5 mg/ 5 mL,LEVOCETIRIZINA DICLORHIDRATO,1
3,0.9833,1781554.0,DEGRALER GOTAS x 15 ML,LEVOCETIRIZINA,1.0,41795,DEGRALER,5 mg,LEVOCETIRIZINA DICLORHIDRATO,100
1,1.0,1781661.0,DEGRALER JBE x 100 ML,LEVOCETIRIZINA,1.0,41796,DEGRALER,5 mg/ mL,LEVOCETIRIZINA DICLORHIDRATO,1
2,1.0,1781661.0,DEGRALER JBE x 100 ML,LEVOCETIRIZINA,1.0,41797,DEGRALER,2.5 mg/ 5 mL,LEVOCETIRIZINA DICLORHIDRATO,1
3,0.93,1781661.0,DEGRALER JBE x 100 ML,LEVOCETIRIZINA,1.0,41795,DEGRALER,5 mg,LEVOCETIRIZINA DICLORHIDRATO,100
1,0.9124,1781768.0,BAGOFLOX 750mg x 5 TAB,LEVOFLOXACINO 500MG - TAB,5.0,41794,BAGOFLOX 750,750 mg,LEVOFLOXACINO HEMIHIDRATO,5
2,0.826,1781768.0,BAGOFLOX 750mg x 5 TAB,LEVOFLOXACINO 500MG - TAB,5.0,41793,BAGOFLOX 500,500 mg,LEVOFLOXACINO HEMIHIDRATO,14
1,0.9758,1781875.0,GLICENEX DUO 500/5mg x 30 COMP,GLIBENCLAMIDA - TABLETA,30.0,41808,GLICENEX DUO,5 mg + 500 mg,GLIBENCLAMIDA + CLORHIDRATO DE METFORMINA,30
2,0.9034,1781875.0,GLICENEX DUO 500/5mg x 30 COMP,GLIBENCLAMIDA - TABLETA,30.0,50422,GLICENEX DUO 500/2.5,500 mg + 2.5 mg,GLIBENCLAMIDA + CLORHIDRATO DE METFORMINA,30
3,0.8786,1781875.0,GLICENEX DUO 500/5mg x 30 COMP,GLIBENCLAMIDA - TABLETA,30.0,41807,GLICENEX,500 mg,CLORHIDRATO DE METFORMINA,30
1,0.8136,1782561.0,ELITON VIT GOTAS x 20 ML,<NINGUNO>,1.0,38742,ELITON,25 mg/ mL,CITRATO DE AMONIO Y HIERRO (III),1
1,0.8673,1783675.0,ULCEMEX 40mg x 14 CAP,<NINGUNO>,14.0,48454,ULCEMEX,40 mg,ESOMEPRAZOL MAGNESIO TRIHIDRATO,14
2,0.8228,1783675.0,ULCEMEX 40mg x 14 CAP,<NINGUNO>,14.0,48455,ULCEMEX,20 mg,ESOMEPRAZOL MAGNESIO TRIHIDRATO,14
1,0.9818,1784254.0,CEFRADINA 500mg x 120 CAP - FARMINDUSTRIA,CEFRADINA - TABLETA,120.0,51669,CEFRADINA,500 mg,CEFRADINA,120
2,0.9364,1784254.0,CEFRADINA 500mg x 120 CAP - FARMINDUSTRIA,CEFRADINA - TABLETA,120.0,45519,CEFRADINA,500 mg,CEFRADINA MONOHIDRATO,120
3,0.85,1784254.0,CEFRADINA 500mg x 120 CAP - FARMINDUSTRIA,CEFRADINA - TABLETA,120.0,51035,CEFRADINA,250 mg/ 5 mL,CEFRADINA,1
1,0.8677,1784468.0,"LIBBERA ""D"" JBE x 60 ML",PSEUDOEFREDRINA JARABE,1.0,50916,LIBBERA D,(2.5 mg + 30 mg)/ 5 mL,LORATADINA,1
2,0.8677,1784468.0,"LIBBERA ""D"" JBE x 60 ML",PSEUDOEFREDRINA JARABE,1.0,61838,LIBBERA D,(2.5 mg + 30 mg)/ 5 mL,LORATADINA,1
3,0.8534,1784468.0,"LIBBERA ""D"" JBE x 60 ML",PSEUDOEFREDRINA JARABE,1.0,50915,LIBBERA D,5 mg + 30 mg,LORATADINA,1
1,0.8759,1784575.0,"LIBBERA ""D"" GOTAS x 15 ML",PSEUDOEFREDRINA 30MG GOTAS,1.0,39867,LIBBERA,5 mg/ mL,LEVOCETIRIZINA DICLORHIDRATO,1
2,0.8759,1784575.0,"LIBBERA ""D"" GOTAS x 15 ML",PSEUDOEFREDRINA 30MG GOTAS,1.0,61166,LIBBERA,5 mg/ mL,LEVOCETIRIZINA DICLORHIDRATO,1
3,0.8759,1784575.0,"LIBBERA ""D"" GOTAS x 15 ML",PSEUDOEFREDRINA 30MG GOTAS,1.0,61801,LIBBERA,5 mg/ mL,LEVOCETIRIZINA DICLORHIDRATO,1
1,0.9167,1785368.0,KENAFRENT LOCION TOPICA 0.025% x 60 ML - SIEGFRIED,<NINGUNO>,1.0,45017,KENAFRENT,0.025 %,TRIAMCINOLONA ACETONIDO,1
2,0.9167,1785368.0,KENAFRENT LOCION TOPICA 0.025% x 60 ML - SIEGFRIED,<NINGUNO>,1.0,49429,KENAFRENT,0.025 %,TRIAMCINOLONA ACETONIDO,1
3,0.9167,1785368.0,KENAFRENT LOCION TOPICA 0.025% x 60 ML - SIEGFRIED,<NINGUNO>,1.0,56910,KENAFRENT,0.025 %,TRIAMCINOLONA ACETONIDO,1
1,0.9,1785689.0,GASTRORAL SUSP. x 200 ML,MAGALDRATO/SIMETICONA JARABE,1.0,48647,GASTRORAL,800 mg + 60 mg/ 10 mL,MAGALDRATO + SIMETICONA,1
2,0.8567,1785689.0,GASTRORAL SUSP. x 200 ML,MAGALDRATO/SIMETICONA JARABE,1.0,48954,GASTRORAL,800 mg + 40 mg,MAGALDRATO + SIMETICONA,120
1,0.8008,1790554.0,ALEXCEF 500mg x 100 CAP. - SIEGFRIED,<NINGUNO>,100.0,41178,ALEXCEF,500 mg,CEFALEXINA MONOHIDRATO,100
1,0.8773,1792140.0,CIMOCAL 500mg x 100 TAB,<NINGUNO>,100.0,36856,CIMOCAL,500 mg,CIPROFLOXACINO CLORHIDRATO,100
1,1.0009,1792247.0,ENALAPRIL 20mg x 100 TAB - FARMINDUSTRIA,ENALAPRIL 10MG TABLETA,100.0,39447,ENALAPRIL,20 mg,ENALAPRIL MALEATO,100
2,0.9564,1792247.0,ENALAPRIL 20mg x 100 TAB - FARMINDUSTRIA,ENALAPRIL 10MG TABLETA,100.0,35636,ENALAPRIL,10 mg,ENALAPRIL MALEATO,100
3,0.9509,1792247.0,ENALAPRIL 20mg x 100 TAB - FARMINDUSTRIA,ENALAPRIL 10MG TABLETA,100.0,44230,ENALAPRIL,20 mg,ENALAPRIL MALEATO,30
1,0.9201,1792354.0,CONAZOL 150MG x 2 TAB,<NINGUNO>,2.0,39351,CONAZOL,150 mg,FLUCONAZOL,2
1,0.9714,1792461.0,ENALAPRIL 5mg x 20 TAB - FARMINDUSTRIA,ENALAPRIL 10MG TABLETA,20.0,39609,ENALAPRIL,5 mg,ENALAPRIL,20
2,0.8731,1792461.0,ENALAPRIL 5mg x 20 TAB - FARMINDUSTRIA,ENALAPRIL 10MG TABLETA,20.0,35636,ENALAPRIL,10 mg,ENALAPRIL MALEATO,100
3,0.8731,1792461.0,ENALAPRIL 5mg x 20 TAB - FARMINDUSTRIA,ENALAPRIL 10MG TABLETA,20.0,39447,ENALAPRIL,20 mg,ENALAPRIL MALEATO,100
1,0.9818,1793040.0,FLUCONAZOL 150mg x 100 CAP-PORTUGAL,FLUCONAZOL,100.0,4988,FLUCONAZOL,150 mg,FLUCONAZOL,100
2,0.9818,1793040.0,FLUCONAZOL 150mg x 100 CAP-PORTUGAL,FLUCONAZOL,100.0,39938,FLUCONAZOL,150 mg,FLUCONAZOL,100
3,0.9818,1793040.0,FLUCONAZOL 150mg x 100 CAP-PORTUGAL,FLUCONAZOL,100.0,40874,FLUCONAZOL,150 mg,FLUCONAZOL,100
1,1.0818,1793254.0,FLUCONAZOL 200mg x 4 CAP - GEN FAR,FLUCONAZOL,4.0,42483,FLUCONAZOL,200 mg,FLUCONAZOL,4
2,1.0818,1793254.0,FLUCONAZOL 200mg x 4 CAP - GEN FAR,FLUCONAZOL,4.0,58701,FLUCONAZOL,200 mg,FLUCONAZOL,4
3,0.9818,1793254.0,FLUCONAZOL 200mg x 4 CAP - GEN FAR,FLUCONAZOL,4.0,38392,FLUCONAZOL,200 mg,FLUCONAZOL,4
1,0.9462,1794047.0,GENTAMICINA 0.3% GOTAS - VITALINE,<NINGUNO>,1.0,42177,GENTAMICINA,0.3 %,GENTAMICINA SULFATO,1
2,0.9462,1794047.0,GENTAMICINA 0.3% GOTAS - VITALINE,<NINGUNO>,1.0,55952,GENTAMICINA,0.3 %,GENTAMICINA SULFATO,1
3,0.8462,1794047.0,GENTAMICINA 0.3% GOTAS - VITALINE,<NINGUNO>,1.0,36968,GENTAMICINA,0.3 %,GENTAMICINA SULFATO,1
1,0.9714,1794368.0,GLIBENCLAMIDA 5mg x 100 TAB - IQFARMA,GLIBENCLAMIDA - TABLETA,100.0,37580,GLIBENCLAMIDA,5 mg,GLIBENCLAMIDA,100
2,0.9714,1794368.0,GLIBENCLAMIDA 5mg x 100 TAB - IQFARMA,GLIBENCLAMIDA - TABLETA,100.0,41756,GLIBENCLAMIDA,5 mg,GLIBENCLAMIDA,100
3,0.9714,1794368.0,GLIBENCLAMIDA 5mg x 100 TAB - IQFARMA,GLIBENCLAMIDA - TABLETA,100.0,51132,GLIBENCLAMIDA,5 mg,GLIBENCLAMIDA,100
1,0.8333,1795054.0,DESLORATADINA 2.5mg /5ML JBE x 60 ML- GENFAR,<NINGUNO>,1.0,41985,DESLORATADINA,2.5 mg/ 5 mL,DESLORATADINA,1
2,0.8333,1795054.0,DESLORATADINA 2.5mg /5ML JBE x 60 ML- GENFAR,<NINGUNO>,1.0,60302,DESLORATADINA,2.5 mg/ 5 mL,DESLORATADINA,1
1,0.9263,1795589.0,LORATADINA 5mg/5ml JBE x 60ml - PORTUGAL,LORATADINA TABLETA,1.0,38234,LORATADINA,5 mg/ 5 mL,LORATADINA,1
2,0.9263,1795589.0,LORATADINA 5mg/5ml JBE x 60ml - PORTUGAL,LORATADINA TABLETA,1.0,39309,LORATADINA,5 mg/ 5 mL,LORATADINA,1
3,0.9263,1795589.0,LORATADINA 5mg/5ml JBE x 60ml - PORTUGAL,LORATADINA TABLETA,1.0,40884,LORATADINA,5 mg/ 5 mL,LORATADINA,1
1,0.8333,1796061.0,SINCOL GOTAS x 15 ML,<NINGUNO>,1.0,37772,SINCOL,5 mg/ mL,PARGEVERINA CLORHIDRATO,1
1,0.8753,1796382.0,PIRANTEL 250mg x 60 TAB - GEN FAR,<NINGUNO>,60.0,40167,PIRANTEL,250 mg,PIRANTEL PAMOATO,60
2,0.8753,1796382.0,PIRANTEL 250mg x 60 TAB - GEN FAR,<NINGUNO>,60.0,58695,PIRANTEL,250 mg,PIRANTEL PAMOATO,60
1,0.8389,1796489.0,PIRANTEL PAMOATO 250mg x 15 ML SUSPENSION - GEN FAR,<NINGUNO>,1.0,56389,PIRANTEL,250 mg/ 5 mL,PIRANTEL PAMOATO,1
2,0.8389,1796489.0,PIRANTEL PAMOATO 250mg x 15 ML SUSPENSION - GEN FAR,<NINGUNO>,1.0,59866,PIRANTEL,250 mg/ 5 mL,PIRANTEL PAMOATO,1
1,0.8201,1797496.0,SECNIDAZOL 500mg x 4 TAB - FARMINDUSTRIA,<NINGUNO>,4.0,43894,SECNIDAZOL,500 mg,SECNIDAZOL,4
2,0.8201,1797496.0,SECNIDAZOL 500mg x 4 TAB - FARMINDUSTRIA,<NINGUNO>,4.0,45346,SECNIDAZOL,500 mg,SECNIDAZOL,4
3,0.8201,1797496.0,SECNIDAZOL 500mg x 4 TAB - FARMINDUSTRIA,<NINGUNO>,4.0,52307,SECNIDAZOL,500 mg,SECNIDAZOL,4
1,0.8026,1799624.0,"DEXAFLAM 2,0mg x 100 ML ROXFARMA",<NINGUNO>,1.0,38295,DEXAFLAM,0.5 mg/ 5 mL,DEXAMETASONA,1
2,0.8026,1799624.0,"DEXAFLAM 2,0mg x 100 ML ROXFARMA",<NINGUNO>,1.0,52805,DEXAFLAM,0.5 mg/ 5 mL,DEXAMETASONA,1
3,0.8026,1799624.0,"DEXAFLAM 2,0mg x 100 ML ROXFARMA",<NINGUNO>,1.0,60609,DEXAFLAM,0.5 mg/ 5 mL,DEXAMETASONA,1
1,0.8398,1799731.0,"LAXULOSA 33,3 GR FRASCO x 120 ML",<NINGUNO>,1.0,37943,LAXULOSA,3.33 g/ 5 mL,LACTULOSA,1
2,0.8398,1799731.0,"LAXULOSA 33,3 GR FRASCO x 120 ML",<NINGUNO>,1.0,60561,LAXULOSA,3.33 g/ 5 mL,LACTULOSA,1
1,0.8452,1799838.0,NOTFEBRIL 250mg JBE x 60ml - ROXFARMA,<NINGUNO>,1.0,56692,NOTFEBRIL®,250 mg/ 5 mL,METAMIZOL SODICO MONOHIDRATO,1
1,1.0,1800063.0,SUCRAGANT SUSPENSION x 200 ML,SUCRALFATO,1.0,38045,SUCRAGANT,1 g/ 5 mL,SUCRALFATO,1
2,1.0,1800063.0,SUCRAGANT SUSPENSION x 200 ML,SUCRALFATO,1.0,60603,SUCRAGANT,1 g/ 5 mL,SUCRALFATO,1
1,1.0818,1800277.0,FUCOMISOL 150MG x 2 CAP,FLUCONAZOL,2.0,47674,FUCOMISOL,150 mg,FLUCONAZOL,2
1,0.9778,1800384.0,VOMIXTAL 50mg x 100 TAB,DIMENHIDRINATO - TABLETA,100.0,38711,VOMIXTAL,50 mg,DIMENHIDRINATO,100
2,0.9778,1800384.0,VOMIXTAL 50mg x 100 TAB,DIMENHIDRINATO - TABLETA,100.0,53511,VOMIXTAL,50 mg,DIMENHIDRINATO,100
1,0.8561,1800491.0,ROXTRIM PEDIATRICO x 60 ML,SULF + TRIM.200/40MG.JARABE,1.0,41910,ROXTRIM PEDIATRICO,200 mg + 40 mg/ 5 mL,SULFAMETOXAZOL + TRIMETOPRIMA,1
2,0.8561,1800491.0,ROXTRIM PEDIATRICO x 60 ML,SULF + TRIM.200/40MG.JARABE,1.0,60602,ROXTRIM PEDIATRICO,200 mg + 40 mg/ 5 mL,SULFAMETOXAZOL + TRIMETOPRIMA,1
1,0.9434,1800605.0,VICLORAX 100mg x 100 CAP,DOXICICLINA TABLETA,100.0,44955,VICLORAX,100 mg,DOXICICLINA HICLATO,100
2,0.9434,1800605.0,VICLORAX 100mg x 100 CAP,DOXICICLINA TABLETA,100.0,52475,VICLORAX,100 mg,DOXICICLINA HICLATO,100
1,0.8351,1806112.0,ZETALER GOTAS x 15 ML,<NINGUNO>,1.0,38554,ZETALER,5 mg/ 5 mL,CETIRIZINA CLORHIDRATO,1
2,0.8351,1806112.0,ZETALER GOTAS x 15 ML,<NINGUNO>,1.0,60008,ZETALER,5 mg/ 5 mL,CETIRIZINA CLORHIDRATO,1
3,0.8215,1806112.0,ZETALER GOTAS x 15 ML,<NINGUNO>,1.0,35719,ZETALER,10 mg/ mL,CETIRIZINA DICLORHIDRATO,1
1,0.9897,1806433.0,GLICENEX DUO 500/2.5mg x 30 TAB,GLIBENCLAMIDA - TABLETA,30.0,41808,GLICENEX DUO,5 mg + 500 mg,GLIBENCLAMIDA + CLORHIDRATO DE METFORMINA,30
2,0.9737,1806433.0,GLICENEX DUO 500/2.5mg x 30 TAB,GLIBENCLAMIDA - TABLETA,30.0,50422,GLICENEX DUO 500/2.5,500 mg + 2.5 mg,GLIBENCLAMIDA + CLORHIDRATO DE METFORMINA,30
3,0.8543,1806433.0,GLICENEX DUO 500/2.5mg x 30 TAB,GLIBENCLAMIDA - TABLETA,30.0,41807,GLICENEX,500 mg,CLORHIDRATO DE METFORMINA,30
1,1.0009,1806540.0,"NEURYL 2,5mg GOTAS x 20 ML",CLONAZEPAN 2.5MG,1.0,39983,NEURYL,2.5 mg/ mL,CLONAZEPAM,1
2,1.0009,1806540.0,"NEURYL 2,5mg GOTAS x 20 ML",CLONAZEPAN 2.5MG,1.0,58099,NEURYL,2.5 mg/ mL,CLONAZEPAM,1
3,0.9462,1806540.0,"NEURYL 2,5mg GOTAS x 20 ML",CLONAZEPAN 2.5MG,1.0,48205,NEURYL 2,2 mg,CLONAZEPAM,1
1,1.0556,1807226.0,GASEOPLUS 80mg x 15 ML GOTAS,MAGALDRATO/SIMETICONA GOTAS,1.0,37303,GASEOPLUS,80 mg/ mL,SIMETICONA,1
2,1.0556,1807226.0,GASEOPLUS 80mg x 15 ML GOTAS,MAGALDRATO/SIMETICONA GOTAS,1.0,61607,GASEOPLUS,80 mg/ mL,SIMETICONA,1
3,0.9306,1807226.0,GASEOPLUS 80mg x 15 ML GOTAS,MAGALDRATO/SIMETICONA GOTAS,1.0,42464,GASEOPLUS FRESA,80 mg/ mL,SIMETICONA,1
1,1.0714,1808875.0,DEXAMETASONA TAB. 1mg x 100 - INDUQUIMICA,DEXAMETASONA TABLETAS,100.0,37907,DEXAMETASONA,1 mg,DEXAMETASONA,100
2,1.0143,1808875.0,DEXAMETASONA TAB. 1mg x 100 - INDUQUIMICA,DEXAMETASONA TABLETAS,100.0,38611,DEXAMETASONA,4 mg,DEXAMETASONA,100
3,0.9889,1808875.0,DEXAMETASONA TAB. 1mg x 100 - INDUQUIMICA,DEXAMETASONA TABLETAS,100.0,38184,DEXAMETASONA,0.5 mg,DEXAMETASONA,100
1,0.8673,1808982.0,ESOMEPRAZOL 20mg x 10 TAB - GEN FAR,<NINGUNO>,10.0,43922,ESOMEPRAZOL,20 mg,ESOMEPRAZOL MAGNESIO TRIHIDRATO,10
2,0.8673,1808982.0,ESOMEPRAZOL 20mg x 10 TAB - GEN FAR,<NINGUNO>,10.0,58788,ESOMEPRAZOL,20 mg,ESOMEPRAZOL MAGNESIO TRIHIDRATO,10
3,0.8228,1808982.0,ESOMEPRAZOL 20mg x 10 TAB - GEN FAR,<NINGUNO>,10.0,43921,ESOMEPRAZOL,40 mg,ESOMEPRAZOL MAGNESIO TRIHIDRATO,10
1,0.8,1809561.0,NORFLOXACINO + FENAZOPIRIDINA x 100 CAP-PORTUGAL,NORFLOXACINO 400MG.TABLETA,100.0,40888,NORFLOXACINO,400 mg,NORFLOXACINO,100
2,0.8,1809561.0,NORFLOXACINO + FENAZOPIRIDINA x 100 CAP-PORTUGAL,NORFLOXACINO 400MG.TABLETA,100.0,49493,NORFLOXACINO + FENAZOPIRIDINA,400 mg + 100 mg,NORFLOXACINO,100
1,0.8215,1815861.0,AMIZAL 45mg x 30 COMPRIMIDOS,<NINGUNO>,30.0,42740,AMIZAL,45 mg,IDEBENONA,30
2,0.8215,1815861.0,AMIZAL 45mg x 30 COMPRIMIDOS,<NINGUNO>,30.0,47839,AMIZAL,45 mg,IDEBENONA,30
1,0.9778,1817340.0,CAPTOPRIL 50mg x 100 TAB - INDUQUIMICA,CAPTOPRIL TABLETA,100.0,44978,CAPTOPRIL,50 mg,CAPTOPRIL,100
2,0.9333,1817340.0,CAPTOPRIL 50mg x 100 TAB - INDUQUIMICA,CAPTOPRIL TABLETA,100.0,37108,CAPTOPRIL,25 mg,CAPTOPRIL,100
3,0.9333,1817340.0,CAPTOPRIL 50mg x 100 TAB - INDUQUIMICA,CAPTOPRIL TABLETA,100.0,37341,CAPTOPRIL,25 mg,CAPTOPRIL,100
1,0.9524,1818454.0,AMOXICILINA 125mg SUSP x 60ml - IQFARMA,AMOXICILINA JARABE,1.0,50857,AMOXICILINA,125 mg/ 5 mL,AMOXICILINA,1
2,0.9139,1818454.0,AMOXICILINA 125mg SUSP x 60ml - IQFARMA,AMOXICILINA JARABE,1.0,39715,AMOXICILINA,125 mg/ 5 mL,AMOXICILINA TRIHIDRATO,1
3,0.9139,1818454.0,AMOXICILINA 125mg SUSP x 60ml - IQFARMA,AMOXICILINA JARABE,1.0,57729,AMOXICILINA,125 mg/ 5 mL,AMOXICILINA TRIHIDRATO,1
1,0.8615,1819354.0,DOXY-100 CAJA x 100 TABLETAS,DOXICICLINA TABLETA,100.0,43991,DOXY 100,100 mg,DOXICICLINA HICLATO,100
2,0.8115,1819354.0,DOXY-100 CAJA x 100 TABLETAS,DOXICICLINA TABLETA,100.0,47179,DOXY 100,100 mg,DOXICICLINA HICLATO,30
1,0.8089,1820398.0,MEDIVEL CREMA VAGINAL x 60 GR,<NINGUNO>,1.0,50881,MEDIVEL,2 g + 3 g,METRONIDAZOL,1
1,0.8643,1821840.0,CLINDESS DUO x 7 OVULOS,CLINDAMICINA TABLETA,7.0,48641,CLINDESS DUO,,CLINDAMICINA FOSFATO,7
2,0.8643,1821840.0,CLINDESS DUO x 7 OVULOS,CLINDAMICINA TABLETA,7.0,51712,CLINDESS,100 mg,CLINDAMICINA FOSFATO,7
3,0.85,1821840.0,CLINDESS DUO x 7 OVULOS,CLINDAMICINA TABLETA,7.0,57066,CLINDESS,600 mg/ 4 mL,CLINDAMICINA,25
1,0.8643,1822633.0,CLUVAX VAG. x 3 OVULOS,CLINDAMICINA TABLETA,3.0,45134,CLUVAX,100 mg/ 132 mg,CLINDAMICINA FOSFATO + CLOTRIMAZOL,3
1,1.0124,1824219.0,LEVONELLE 750mg x 5 TAB,LEVOFLOXACINO 500MG - TAB,5.0,38374,LEVONELLE,750 mg,LEVOFLOXACINO HEMIHIDRATO,5
2,0.926,1824219.0,LEVONELLE 750mg x 5 TAB,LEVOFLOXACINO 500MG - TAB,5.0,38325,LEVONELLE,500 mg,LEVOFLOXACINO HEMIHIDRATO,7
1,1.0124,1824326.0,LEVONELLE 500mg x 7 TAB,LEVOFLOXACINO 500MG - TAB,7.0,38325,LEVONELLE,500 mg,LEVOFLOXACINO HEMIHIDRATO,7
2,0.926,1824326.0,LEVONELLE 500mg x 7 TAB,LEVOFLOXACINO 500MG - TAB,7.0,38374,LEVONELLE,750 mg,LEVOFLOXACINO HEMIHIDRATO,5
1,0.8125,1824540.0,TOSALBRON INFANTIL JBE x 100 ML,<NINGUNO>,1.0,39131,TOSALBRON INFANTIL,28 mg/ 5 mL,OXOLAMINA,1
1,0.8008,1826661.0,SPORIDEX 500mg x 100 CAP,<NINGUNO>,100.0,45839,SPORIDEX,500 mg,CEFALEXINA MONOHIDRATO,100
1,0.8631,1837461.0,VALSARTAN 160mg x 14 TAB - GENFAR,<NINGUNO>,14.0,40194,VALSARTAN,160 mg,VALSARTAN,14
2,0.8631,1837461.0,VALSARTAN 160mg x 14 TAB - GENFAR,<NINGUNO>,14.0,59012,VALSARTAN,160 mg,VALSARTAN,14
3,0.8013,1837461.0,VALSARTAN 160mg x 14 TAB - GENFAR,<NINGUNO>,14.0,40195,VALSARTAN,80 mg,VALSARTAN,14
1,0.8011,1838896.0,SALBUVENT 100MG x 250 DOSIS AEROSOL,<NINGUNO>,1.0,43744,SALBUVENT,100 mcg/ dosis,SALBUTAMOL SULFATO,1
2,0.8011,1838896.0,SALBUVENT 100MG x 250 DOSIS AEROSOL,<NINGUNO>,1.0,43745,SALBUVENT,100 mcg/ dosis,SALBUTAMOL SULFATO,1
3,0.8011,1838896.0,SALBUVENT 100MG x 250 DOSIS AEROSOL,<NINGUNO>,1.0,60208,SALBUVENT,100 mcg/ dosis,SALBUTAMOL SULFATO,1
1,0.8944,1840091.0,LANCIPROX 0.3% GTAS x 5ML,<NINGUNO>,1.0,38415,LANCIPROX,0.3 %,CIPROFLOXACINO CLORHIDRATO MONOHIDRATO,1
2,0.8944,1840091.0,LANCIPROX 0.3% GTAS x 5ML,<NINGUNO>,1.0,48405,LANCIPROX,0.3 %,CIPROFLOXACINO CLORHIDRATO MONOHIDRATO,1
3,0.8944,1840091.0,LANCIPROX 0.3% GTAS x 5ML,<NINGUNO>,1.0,55780,LANCIPROX,0.3 %,CIPROFLOXACINO CLORHIDRATO MONOHIDRATO,1
1,0.8795,1842326.0,AMIKACINA 500mg x 25 AMP - FARMINDUSTRIA,AMIKACINA AMPOLLA,25.0,38211,AMIKACINA,500 mg/ 2 mL,AMIKACINA SULFATO,25
2,0.8795,1842326.0,AMIKACINA 500mg x 25 AMP - FARMINDUSTRIA,AMIKACINA AMPOLLA,25.0,43739,AMIKACINA,500 mg/ 2 mL,AMIKACINA SULFATO,25
3,0.875,1842326.0,AMIKACINA 500mg x 25 AMP - FARMINDUSTRIA,AMIKACINA AMPOLLA,25.0,50875,AMIKACINA,500 mg/ 2 mL,AMIKACINA,10
1,0.9818,1842433.0,ACICLOVIR 200mg x 100 TAB - FARMINDUSTRIA,ACICLOVIR - TABLETA,100.0,26313,ACICLOVIR,200 mg,ACICLOVIR,100
2,0.9818,1842433.0,ACICLOVIR 200mg x 100 TAB - FARMINDUSTRIA,ACICLOVIR - TABLETA,100.0,38048,ACICLOVIR,200 mg,ACICLOVIR,100
3,0.9818,1842433.0,ACICLOVIR 200mg x 100 TAB - FARMINDUSTRIA,ACICLOVIR - TABLETA,100.0,38078,ACICLOVIR,200 mg,ACICLOVIR,100
1,0.9961,1842861.0,CLINDAMICINA 300mg x 120 CAP - FARMINDUSTRIA,CLINDAMICINA TABLETA,120.0,43374,CLINDAMICINA,300 mg,CLINDAMICINA CLORHIDRATO,100
2,0.9461,1842861.0,CLINDAMICINA 300mg x 120 CAP - FARMINDUSTRIA,CLINDAMICINA TABLETA,120.0,37562,CLINDAMICINA,300 mg,CLINDAMICINA CLORHIDRATO,120
3,0.8961,1842861.0,CLINDAMICINA 300mg x 120 CAP - FARMINDUSTRIA,CLINDAMICINA TABLETA,120.0,37049,CLINDAMICINA,300 mg,CLINDAMICINA CLORHIDRATO,100
1,1.0818,1843440.0,FLUIBRONCOL ORAL 600MG x 20 SOBRES,ACETILCISTEINA ORAL,20.0,48540,FLUIBRONCOL,600 mg,ACETILCISTEINA,20
2,1.0231,1843440.0,FLUIBRONCOL ORAL 600MG x 20 SOBRES,ACETILCISTEINA ORAL,20.0,53915,FLUIBRONCOL ORAL,200 mg/ g,ACETILCISTEINA,20
3,0.9731,1843440.0,FLUIBRONCOL ORAL 600MG x 20 SOBRES,ACETILCISTEINA ORAL,20.0,35547,FLUIBRONCOL ORAL,200 mg/ g,ACETILCISTEINA,30
1,0.8895,1844019.0,LOSARTAN 50mg x 60 TAB - TEVA,LOSARTAN 50MG TAB,60.0,39620,LOSARTAN,50 mg,LOSARTAN POTASICO,60
2,0.8895,1844019.0,LOSARTAN 50mg x 60 TAB - TEVA,LOSARTAN 50MG TAB,60.0,42646,LOSARTAN,50 mg,LOSARTAN POTASICO,60
3,0.8895,1844019.0,LOSARTAN 50mg x 60 TAB - TEVA,LOSARTAN 50MG TAB,60.0,57357,LOSARTAN,50 mg,LOSARTAN POTASICO,60
1,0.8308,1844768.0,BRIMODIN 100MG/5ML x 120ML -IQFARMA,<NINGUNO>,1.0,50162,BRIMODIN,100 mg/ 5 mL,N-ACETIL L-CISTEINA,1
2,0.8207,1844768.0,BRIMODIN 100MG/5ML x 120ML -IQFARMA,<NINGUNO>,1.0,40561,BRIMODIN,100 mg/ 5 mL,ACETILCISTEINA,1
1,0.9385,1845882.0,PARDIL 100MG/5ML x 60 ML,NITAZOXANIDA,1.0,38180,PARDIL,100 mg/ 5 mL,NITAZOXANIDA,1
2,0.9385,1845882.0,PARDIL 100MG/5ML x 60 ML,NITAZOXANIDA,1.0,38191,PARDIL,100 mg/ 5 mL,NITAZOXANIDA,1
3,0.8262,1845882.0,PARDIL 100MG/5ML x 60 ML,NITAZOXANIDA,1.0,38203,PARDIL,500 mg,NITAZOXANIDA,6
1,0.9318,1845989.0,PARDIL 500MG x 6TAB,NITAZOXANIDA,1.0,38203,PARDIL,500 mg,NITAZOXANIDA,6
2,0.9,1845989.0,PARDIL 500MG x 6TAB,NITAZOXANIDA,1.0,38180,PARDIL,100 mg/ 5 mL,NITAZOXANIDA,1
3,0.9,1845989.0,PARDIL 500MG x 6TAB,NITAZOXANIDA,1.0,38191,PARDIL,100 mg/ 5 mL,NITAZOXANIDA,1
1,0.9143,1851005.0,DOLITO SUSPENSION x 60 ML,IBUPROFENO JARABE,1.0,51251,DOLITO,100 mg/ 5 mL,IBUPROFENO,1
2,0.8591,1851005.0,DOLITO SUSPENSION x 60 ML,IBUPROFENO JARABE,1.0,39499,DOLITO,200 mg,IBUPROFENO,100
1,0.8969,1857047.0,DRINEXIN 60mg x 20 AMP. (ORFENADRINA),ORFENADRINA - AMPOLLA,20.0,50326,DRINEXIN 60,60 mg/ 2 mL,ORFENADRINA CITRATO,20
2,0.8469,1857047.0,DRINEXIN 60mg x 20 AMP. (ORFENADRINA),ORFENADRINA - AMPOLLA,20.0,46084,DRINEXIN 60,60 mg/ 2 mL,ORFENADRINA CITRATO,1
1,0.9056,1858375.0,HUMED 0.3% GOTAS. OFT. x 15 ML,<NINGUNO>,1.0,27635,HUMED,0.3 %,HIPROMELOSA,1
2,0.9056,1858375.0,HUMED 0.3% GOTAS. OFT. x 15 ML,<NINGUNO>,1.0,31425,HUMED,0.3 %,HIPROMELOSA,1
3,0.9056,1858375.0,HUMED 0.3% GOTAS. OFT. x 15 ML,<NINGUNO>,1.0,31434,HUMED,0.3 %,HIPROMELOSA,1
1,0.88,1859603.0,DEXTROMETORFANO JBE x 120ml - IQFARMA,DEXTROMETORFANO JARABE,1.0,61037,DEXTROMETORFANO,15 mg/ 5 mL,DEXTROMETORFANO,1
2,0.8506,1859603.0,DEXTROMETORFANO JBE x 120ml - IQFARMA,DEXTROMETORFANO JARABE,1.0,37067,DEXTROMETORFANO,15 mg/ 5 mL,DEXTROMETORFANO BROMHIDRATO,1
3,0.8506,1859603.0,DEXTROMETORFANO JBE x 120ml - IQFARMA,DEXTROMETORFANO JARABE,1.0,38332,DEXTROMETORFANO,15 mg/ 5 mL,DEXTROMETORFANO BROMHIDRATO,1
1,0.9214,1859817.0,VAGISTEN 0.1% CR VAG.TBO x 15GR,<NINGUNO>,1.0,50071,VAGISTEN,0.1 %,ESTRIOL,1
1,1.0143,1863561.0,GASEOVET MS (ANTIACIDO) SUSP. x 220 ML,MAGALDRATO/SIMETICONA JARABE,1.0,40825,GASEOVET,80 mg/ mL,SIMETICONA,1
2,1.0,1863561.0,GASEOVET MS (ANTIACIDO) SUSP. x 220 ML,MAGALDRATO/SIMETICONA JARABE,1.0,47036,GASEOVET,80 mg/ 5 mL,SIMETICONA,1
3,1.0,1863561.0,GASEOVET MS (ANTIACIDO) SUSP. x 220 ML,MAGALDRATO/SIMETICONA JARABE,1.0,48953,GASEOVET MS,800 mg + 60 mg/ 10 mL,MAGALDRATO + SIMETICONA,1
1,0.9536,1865575.0,VALPRAX 200MG/ML SOL GTAS x 40ML,ACIDO VALPROICO 200MG,1.0,11172,VALPRAX,200 mg/ mL,VALPROATO SODICO,1
2,0.9536,1865575.0,VALPRAX 200MG/ML SOL GTAS x 40ML,ACIDO VALPROICO 200MG,1.0,34611,VALPRAX,200 mg/ mL,VALPROATO SODICO,1
3,0.9536,1865575.0,VALPRAX 200MG/ML SOL GTAS x 40ML,ACIDO VALPROICO 200MG,1.0,43425,VALPRAX,200 mg/ mL,VALPROATO SODICO,1
1,0.8596,1865682.0,PROSTASIL 0.5MG x 30CAP - HERSIL,<NINGUNO>,30.0,57626,PROSTASIL®,0.5 mg,DUTASTERIDA,30
1,0.9318,1866582.0,GARDIL 500mg CAJA x 6 TAB,NITAZOXANIDA,1.0,39504,GARDIL,500 mg,NITAZOXANIDA,6
2,0.9318,1866582.0,GARDIL 500mg CAJA x 6 TAB,NITAZOXANIDA,1.0,60612,GARDIL,500 mg,NITAZOXANIDA,100
3,0.9,1866582.0,GARDIL 500mg CAJA x 6 TAB,NITAZOXANIDA,1.0,38112,GARDIL,100 mg/ 5 mL,NITAZOXANIDA,1
1,0.8201,1867482.0,DEFLUZOL 150mg x 2 CAP - LABOFAR,<NINGUNO>,2.0,35109,DEFLUZOL,150 mg,FLUCONAZOL,2
1,0.88,1875910.0,GARDIL SUSP. FCO x 60ML,NITAZOXANIDA,1.0,38112,GARDIL,100 mg/ 5 mL,NITAZOXANIDA,1
2,0.88,1875910.0,GARDIL SUSP. FCO x 60ML,NITAZOXANIDA,1.0,60622,GARDIL,100 mg/ 5 mL,NITAZOXANIDA,1
3,0.83,1875910.0,GARDIL SUSP. FCO x 60ML,NITAZOXANIDA,1.0,39504,GARDIL,500 mg,NITAZOXANIDA,6
1,0.9,1876375.0,GASEOVET MS x 140 TAB - MASTICABLES,MAGALDRATO/SIMETICONA TABLETAS,140.0,48952,GASEOVET® MS,800 mg + 40 mg,MAGALDRATO + SIMETICONA,140
2,0.85,1876375.0,GASEOVET MS x 140 TAB - MASTICABLES,MAGALDRATO/SIMETICONA TABLETAS,140.0,35557,GASEOVET,80 mg,SIMETICONA,30
3,0.85,1876375.0,GASEOVET MS x 140 TAB - MASTICABLES,MAGALDRATO/SIMETICONA TABLETAS,140.0,35558,GASEOVET,80 mg,SIMETICONA,120
1,0.8455,1876917.0,CIPRONOR 200MG INYECT. x 100ML,<NINGUNO>,1.0,61222,CIPRONOR,200 mg/ 100 mL,CIPROFLOXACINO CLORHIDRATO,1
1,0.9955,1877168.0,ACICLOVIR 200mg x 25 TAB - GENFAR,ACICLOVIR - TABLETA,25.0,40009,ACICLOVIR,800 mg,ACICLOVIR,10
2,0.9955,1877168.0,ACICLOVIR 200mg x 25 TAB - GENFAR,ACICLOVIR - TABLETA,25.0,59990,ACICLOVIR,800 mg,ACICLOVIR,10
3,0.9318,1877168.0,ACICLOVIR 200mg x 25 TAB - GENFAR,ACICLOVIR - TABLETA,25.0,25612,ACICLOVIR,200 mg,ACICLOVIR,10
1,0.8675,1885482.0,UVEXIL 200mg x 30 TAB - BAGO,<NINGUNO>,30.0,41819,UVEXIL,200 mg,FLAVOXATO CLORHIDRATO,30
1,0.8644,1885703.0,ALEXCEF 250mg SUSP. x 60 ML - SIEGFRIED,<NINGUNO>,1.0,39702,ALEXCEF,250 mg/ 5 mL,CEFALEXINA MONOHIDRATO,1
2,0.8644,1885703.0,ALEXCEF 250mg SUSP. x 60 ML - SIEGFRIED,<NINGUNO>,1.0,58877,ALEXCEF,250 mg/ 5 mL,CEFALEXINA MONOHIDRATO,1
1,0.9485,1886061.0,DICLOXINA 500MG x 100 CAP - SIEGFRIED,DICLOXACILINA TABLETA,100.0,51537,DICLOXINA,500 mg,DICLOXACILINA SODICA MONOHIDRATO,100
1,0.8389,1886817.0,QUANOX GOTAS x 5 ML - SIEGFRIED,<NINGUNO>,1.0,40482,QUANOX,6 mg/ mL,IVERMECTINA,1
2,0.8389,1886817.0,QUANOX GOTAS x 5 ML - SIEGFRIED,<NINGUNO>,1.0,58927,QUANOX,6 mg/ mL,IVERMECTINA,1
1,1.0818,1889296.0,FLUCOSTAT 200MG x 1 TABLETAS,FLUCONAZOL,1.0,38137,FLUCOSTAT,200 mg,FLUCONAZOL,1
2,1.0818,1889296.0,FLUCOSTAT 200MG x 1 TABLETAS,FLUCONAZOL,1.0,38138,FLUCOSTAT,200 mg,FLUCONAZOL,1
1,0.8844,1889624.0,ZOMIX 15MG/5ML JBE x 60ML - FARMINDUSTRIA,<NINGUNO>,1.0,40440,ZOMIX,15 mg/ 5 mL,DIMENHIDRINATO,1
1,0.8615,1891033.0,DIOXAFLEX PLUS AMP CAJA x 3 DOSIS,DICLOFENACO - AMPOLLA,3.0,54833,DIOXAFLEX,75 mg/ 3 mL,DICLOFENACO SODICO,3
1,1.0176,1895924.0,SUCRALEX 1GR SUSP x 200ML,SUCRALFATO,1.0,38330,SUCRALEX,1 g/ 5 mL,SUCRALFATO,1
2,1.0176,1895924.0,SUCRALEX 1GR SUSP x 200ML,SUCRALFATO,1.0,44751,SUCRALEX,1 g/ 5 mL,SUCRALFATO,1
1,1.0818,1896496.0,FLAXEL 200MG x 30 CAPS. - MEDIFARMA,CELECOXIB,30.0,37794,FLAXEL,200 mg,CELECOXIB,30
2,1.0318,1896496.0,FLAXEL 200MG x 30 CAPS. - MEDIFARMA,CELECOXIB,30.0,45848,FLAXEL,200 mg,CELECOXIB,100
1,0.9088,1899089.0,MUPIROCINA 2% UNG x 15GR - IQFARMA,<NINGUNO>,1.0,41557,MUPIROCINA,2 %,MUPIROCINA,1
2,0.9088,1899089.0,MUPIROCINA 2% UNG x 15GR - IQFARMA,<NINGUNO>,1.0,56769,MUPIROCINA,2 %,MUPIROCINA,1
3,0.86,1899089.0,MUPIROCINA 2% UNG x 15GR - IQFARMA,<NINGUNO>,1.0,59524,MUPIROCINA,2 %,MUPIROCINA CALCICA,50
1,1.007,1899196.0,AMOXICILINA TAB 250mg x 100 - IQFARMA,AMOXICILINA CAPSULA,100.0,27616,AMOXICILINA,500 mg,AMOXICILINA TRIHIDRATO,100
2,1.007,1899196.0,AMOXICILINA TAB 250mg x 100 - IQFARMA,AMOXICILINA CAPSULA,100.0,40244,AMOXICILINA,500 mg,AMOXICILINA TRIHIDRATO,100
3,0.9455,1899196.0,AMOXICILINA TAB 250mg x 100 - IQFARMA,AMOXICILINA CAPSULA,100.0,47312,AMOXICILINA,500 mg,AMOXICILINA,100
1,0.8674,1901512.0,LUMBRIS 100MG/ 5ML SUSP. x 60 ML,<NINGUNO>,1.0,39780,LUMBRIS,100 mg/ 5 mL,NITAZOXANIDA,1
1,1.0778,1911305.0,MELOXICAM 15mg x 10 TAB - GENFAR,MELOXICAM - TABLETAS,10.0,41992,MELOXICAM,15 mg,MELOXICAM,10
2,1.0778,1911305.0,MELOXICAM 15mg x 10 TAB - GENFAR,MELOXICAM - TABLETAS,10.0,43537,MELOXICAM,15 mg,MELOXICAM,10
3,1.0778,1911305.0,MELOXICAM 15mg x 10 TAB - GENFAR,MELOXICAM - TABLETAS,10.0,60344,MELOXICAM,15 mg,MELOXICAM,10
1,0.8813,1913640.0,CLOPIDOGREL 75mg x 30 CAP - PORTUGAL,<NINGUNO>,30.0,40234,CLOPIDOGREL,75 mg,CLOPIDOGREL BISULFATO,30
2,0.8313,1913640.0,CLOPIDOGREL 75mg x 30 CAP - PORTUGAL,<NINGUNO>,30.0,40235,CLOPIDOGREL,75 mg,CLOPIDOGREL BISULFATO,100
3,0.8313,1913640.0,CLOPIDOGREL 75mg x 30 CAP - PORTUGAL,<NINGUNO>,30.0,43533,CLOPIDOGREL,75 mg,CLOPIDOGREL BISULFATO,10
1,0.9818,1914326.0,CARBAMAZEPINA 200mg x 100 TAB - LABOT,CARBAMAZEPINA - TABLETA,100.0,39161,CARBAMAZEPINA,200 mg,CARBAMAZEPINA,100
2,0.9818,1914326.0,CARBAMAZEPINA 200mg x 100 TAB - LABOT,CARBAMAZEPINA - TABLETA,100.0,41833,CARBAMAZEPINA,200 mg,CARBAMAZEPINA,100
3,0.9818,1914326.0,CARBAMAZEPINA 200mg x 100 TAB - LABOT,CARBAMAZEPINA - TABLETA,100.0,44441,CARBAMAZEPINA,200 mg,CARBAMAZEPINA,100
1,1.0333,1922426.0,LEVOCERT GOTAS x 15 ML - MEDIFARMA,LEVOCETIRIZINA,1.0,43849,LEVOCERT,5 mg/ mL,LEVOCETIRIZINA DICLORHIDRATO,1
2,0.9833,1922426.0,LEVOCERT GOTAS x 15 ML - MEDIFARMA,LEVOCETIRIZINA,1.0,37358,LEVOCERT,5 mg,LEVOCETIRIZINA DICLORHIDRATO,100
3,0.9587,1922426.0,LEVOCERT GOTAS x 15 ML - MEDIFARMA,LEVOCETIRIZINA,1.0,54322,LEVOCERT D,(2.5 mg + 30 g)/ 5 mL,LEVOCETIRIZINA DICLORHIDRATO,1
1,0.9209,1926347.0,METROSTAT 500MG INYECT. x 100 ML,<NINGUNO>,1.0,37594,METROSTAT,500 mg/ 100 mL,METRONIDAZOL,1
2,0.8709,1926347.0,METROSTAT 500MG INYECT. x 100 ML,<NINGUNO>,1.0,37845,METROSTAT,500 mg/ 100 mL,METRONIDAZOL,100
3,0.8089,1926347.0,METROSTAT 500MG INYECT. x 100 ML,<NINGUNO>,1.0,42767,METROSTAT,0.5 %,METRONIDAZOL,1
1,0.925,1934340.0,YODOX SOLUCION 10% x 60 ML,<NINGUNO>,1.0,35068,YODOX,10 %,YODO POVIDONA,1
2,0.925,1934340.0,YODOX SOLUCION 10% x 60 ML,<NINGUNO>,1.0,37603,YODOX,10 %,YODO POVIDONA,1
3,0.925,1934340.0,YODOX SOLUCION 10% x 60 ML,<NINGUNO>,1.0,37833,YODOX,10 %,YODO POVIDONA,1
1,0.8664,1938582.0,XENILER 10mg/ml GOTAS x 15ML,<NINGUNO>,1.0,59389,XENILER,10 mg/ mL,CETIRIZINA CLORHIDRATO,1
2,0.8631,1938582.0,XENILER 10mg/ml GOTAS x 15ML,<NINGUNO>,1.0,43758,XENILER,10 mg/ mL,CETIRIZINA DICLORHIDRATO,1
3,0.8267,1938582.0,XENILER 10mg/ml GOTAS x 15ML,<NINGUNO>,1.0,55114,XENILER,5 mg/ 5 mL,CETIRIZINA CLORHIDRATO,1
1,0.8955,1943875.0,TIMOX 0.5% GOTAS x 5 ML - LANSIER,<NINGUNO>,1.0,38884,TIMOX,0.5 %,TIMOLOL MALEATO,1
2,0.8955,1943875.0,TIMOX 0.5% GOTAS x 5 ML - LANSIER,<NINGUNO>,1.0,55837,TIMOX,0.5 %,TIMOLOL MALEATO,1
3,0.8455,1943875.0,TIMOX 0.5% GOTAS x 5 ML - LANSIER,<NINGUNO>,1.0,46148,TIMOX,0.5 %,TIMOLOL MALEATO,10
1,0.9167,1946896.0,KENAFRENT 0.025% CREMA x 60 GR - SIEGFRIED,<NINGUNO>,1.0,45017,KENAFRENT,0.025 %,TRIAMCINOLONA ACETONIDO,1
2,0.9167,1946896.0,KENAFRENT 0.025% CREMA x 60 GR - SIEGFRIED,<NINGUNO>,1.0,49429,KENAFRENT,0.025 %,TRIAMCINOLONA ACETONIDO,1
3,0.9167,1946896.0,KENAFRENT 0.025% CREMA x 60 GR - SIEGFRIED,<NINGUNO>,1.0,56910,KENAFRENT,0.025 %,TRIAMCINOLONA ACETONIDO,1
1,0.8954,1948161.0,ANGIDEX 30MG (NIFEDIPINO) CJA x 30 CAP - PORTUGAL,<NINGUNO>,30.0,60449,NIFEDIPINO,30 mg,NIFEDIPINO,100
2,0.8572,1948161.0,ANGIDEX 30MG (NIFEDIPINO) CJA x 30 CAP - PORTUGAL,<NINGUNO>,30.0,56522,ANGIDEX NF,30 mg,NIFEDIPINO,30
3,0.8454,1948161.0,ANGIDEX 30MG (NIFEDIPINO) CJA x 30 CAP - PORTUGAL,<NINGUNO>,30.0,34137,NIFEDIPINO,30 mg,NIFEDIPINO,30
1,0.9923,1951226.0,TRI AZIT 200MG/5ML SUSP. FCO x 30ML,AZITROMICINA JARABE,1.0,35568,TRI AZIT,200 mg/ 5 mL,AZITROMICINA DIHIDRATO,1
2,0.9923,1951226.0,TRI AZIT 200MG/5ML SUSP. FCO x 30ML,AZITROMICINA JARABE,1.0,35569,TRI AZIT,200 mg/ 5 mL,AZITROMICINA DIHIDRATO,1
3,0.9923,1951226.0,TRI AZIT 200MG/5ML SUSP. FCO x 30ML,AZITROMICINA JARABE,1.0,50509,TRI AZIT,200 mg/ 5 mL,AZITROMICINA DIHIDRATO,1
1,1.0004,1951654.0,COLMIBE 20mg/10mg CAJA  x 30 COMP.,ATORVASTATINA - 20MG TABLETA,30.0,51063,COLMIBE,20 mg + 10 mg,ATORVASTATINA DE CALCIO + EZETIMIBA,30
2,0.9786,1951654.0,COLMIBE 20mg/10mg CAJA  x 30 COMP.,ATORVASTATINA - 20MG TABLETA,30.0,51060,COLMIBE,10 mg + 10 mg,ATORVASTATINA DE CALCIO + EZETIMIBA,30
3,0.8903,1951654.0,COLMIBE 20mg/10mg CAJA  x 30 COMP.,ATORVASTATINA - 20MG TABLETA,30.0,59452,COLMIBE® 10/10,10 mg + 10 mg,EZETIMIBA + ATORVASTATINA DE CALCIO TRIHIDRATO,30
1,0.8366,1951868.0,FLUCOMIX 50MCG/ DOSIS x 120 DOSIS - BAGO,<NINGUNO>,1.0,41806,FLUCOMIX,50 mcg/ dosis,FLUTICASONA PROPIONATO,1
1,0.8,1955361.0,LORALAB D x 100 TAB - LABOFAR,LORATADINA - JARABE,100.0,45003,LORALAB D,10 mg,LORATADINA,100
1,0.98,1958382.0,ANAFIDOL SUSP. x 60ML - ROXFARMA,IBUPROFENO JARABE,1.0,40512,ANAFIDOL,100 mg/ 5 mL,IBUPROFENO,1
1,1.0176,1960226.0,MUCOCETIL SUSP. x 120 ML - ROXFARMA,ACETILCISTEINA JARABE,1.0,39720,MUCOCETIL,100 mg/ 5 mL,ACETILCISTEINA,1
2,1.0176,1960226.0,MUCOCETIL SUSP. x 120 ML - ROXFARMA,ACETILCISTEINA JARABE,1.0,60607,MUCOCETIL,100 mg/ 5 mL,ACETILCISTEINA,1
1,1.0143,1960333.0,NISOFLAM 5MG/5ML SUSP. x 100 ML - ROXFARMA,PREDNISONA JBE,1.0,45893,NISOFLAM,5 mg/ 5 mL,PREDNISONA,1
1,1.0176,1969075.0,MUCOCAR JBE x 120 ML - REFASA,ACETILCISTEINA JARABE,1.0,40481,MUCOCAR,100 mg/ 5 mL,ACETILCISTEINA,1
2,0.9833,1969075.0,MUCOCAR JBE x 120 ML - REFASA,ACETILCISTEINA JARABE,1.0,39701,MUCOCAR,200 mg,ACETILCISTEINA,30
3,0.95,1969075.0,MUCOCAR JBE x 120 ML - REFASA,ACETILCISTEINA JARABE,1.0,40792,MUCOCAR,600 mg,ACETILCISTEINA,20
1,0.98,1975161.0,COLUFASE SUSP x 30ml,NITAZOXANIDA,1.0,44194,COLUFASE,100 mg/ 5 mL,NITAZOXANIDA,1
2,0.98,1975161.0,COLUFASE SUSP x 30ml,NITAZOXANIDA,1.0,44214,COLUFASE,100 mg/ 5 mL,NITAZOXANIDA,1
3,0.93,1975161.0,COLUFASE SUSP x 30ml,NITAZOXANIDA,1.0,44105,COLUFASE,500 mg,NITAZOXANIDA,6
1,0.8056,1975268.0,LIMONADA PURGANTE EVAKUA x 200 ML,<NINGUNO>,1.0,50417,EVAKUA,7.5 mg/ mL,PICOSULFATO DE SODIO,1
1,1.0818,1977931.0,FLUIDASA 600MG SOLUC. x 20 SOBRES,ACETILCISTEINA ORAL,20.0,39548,FLUIDASA,600 mg,ACETILCISTEINA,20
2,1.0818,1977931.0,FLUIDASA 600MG SOLUC. x 20 SOBRES,ACETILCISTEINA ORAL,20.0,51800,FLUIDASA,600 mg,ACETILCISTEINA,20
3,0.9955,1977931.0,FLUIDASA 600MG SOLUC. x 20 SOBRES,ACETILCISTEINA ORAL,20.0,41340,FLUIDASA,200 mg,ACETILCISTEINA,30
1,0.88,1982040.0,NITAXID JBE x 60ML - IQFARMA,NITAZOXANIDA,1.0,41519,NITAXID,100 mg/ 5 mL,NITAZOXANIDA,1
2,0.83,1982040.0,NITAXID JBE x 60ML - IQFARMA,NITAZOXANIDA,1.0,41520,NITAXID,500 mg,NITAZOXANIDA,6
1,0.9818,1982147.0,NITAXID 500MG x 6 TAB - IQFARMA,NITAZOXANIDA,6.0,41520,NITAXID,500 mg,NITAZOXANIDA,6
2,0.85,1982147.0,NITAXID 500MG x 6 TAB - IQFARMA,NITAZOXANIDA,6.0,41519,NITAXID,100 mg/ 5 mL,NITAZOXANIDA,1
1,1.0818,1984703.0,MUCOCAR 200MG x 30 SOBRES - REFASA,ACETILCISTEINA ORAL,30.0,39701,MUCOCAR,200 mg,ACETILCISTEINA,30
2,0.9955,1984703.0,MUCOCAR 200MG x 30 SOBRES - REFASA,ACETILCISTEINA ORAL,30.0,40792,MUCOCAR,600 mg,ACETILCISTEINA,20
3,0.95,1984703.0,MUCOCAR 200MG x 30 SOBRES - REFASA,ACETILCISTEINA ORAL,30.0,40481,MUCOCAR,100 mg/ 5 mL,ACETILCISTEINA,1
1,0.8342,1995503.0,LACTULOSA JBE 3.33g/5ml x 120ml - PORTUGAL,<NINGUNO>,1.0,40264,LACTULOSA,3.3 g/ 5 mL,LACTULOSA,1
2,0.8342,1995503.0,LACTULOSA JBE 3.33g/5ml x 120ml - PORTUGAL,<NINGUNO>,1.0,40270,LACTULOSA,3.3 g/ 5 mL,LACTULOSA,1
1,0.8347,1995717.0,GLEMINEX 500MG/5MG CJA x 30 COMP - GEN FAR,<NINGUNO>,30.0,40170,GLEMINEX,500 mg + 5 mg,GLIBENCLAMIDA + CLORHIDRATO DE METFORMINA,30
2,0.8347,1995717.0,GLEMINEX 500MG/5MG CJA x 30 COMP - GEN FAR,<NINGUNO>,30.0,59483,GLEMINEX,500 mg + 5 mg,GLIBENCLAMIDA + CLORHIDRATO DE METFORMINA,30
3,0.8198,1995717.0,GLEMINEX 500MG/5MG CJA x 30 COMP - GEN FAR,<NINGUNO>,30.0,40169,GLEMINEX,500 mg + 2.5 mg,GLIBENCLAMIDA + CLORHIDRATO DE METFORMINA,30
1,0.8865,1996403.0,LINCOMICINA 600mg x 10 AMP - PHARMAGEN,LINCOMICINA - AMPOLLA,10.0,50455,LINCOMICINA,600 mg/ 2 mL,LINCOMICINA CLORHIDRATO,10
2,0.8865,1996403.0,LINCOMICINA 600mg x 10 AMP - PHARMAGEN,LINCOMICINA - AMPOLLA,10.0,53788,LINCOMICINA,600 mg/ 2 mL,LINCOMICINA CLORHIDRATO,10
3,0.8865,1996403.0,LINCOMICINA 600mg x 10 AMP - PHARMAGEN,LINCOMICINA - AMPOLLA,10.0,56886,LINCOMICINA,600 mg/ 2 mL,LINCOMICINA CLORHIDRATO,10
1,0.8818,1996724.0,TAMSULON 0.4mg x 30 CAP - TECNOFARMA,<NINGUNO>,30.0,54347,TAMSULON,0.4 mg,TAMSULOSINA CLORHIDRATO,30
1,0.8461,2008505.0,ELITON FE 50 GOTAS x 20 ML,<NINGUNO>,1.0,38742,ELITON,25 mg/ mL,CITRATO DE AMONIO Y HIERRO (III),1
2,0.837,2008505.0,ELITON FE 50 GOTAS x 20 ML,<NINGUNO>,1.0,60425,ELITON FE 50,50 mg/ 5 mL,COMPLEJO DE HIERRO POLIMALTOSA,1
3,0.8296,2008505.0,ELITON FE 50 GOTAS x 20 ML,<NINGUNO>,1.0,40660,ELITON FE 50,50 mg/ 5 mL,COMPLEJO DE HIDROXIDO DE HIERRO (III) POLIMALTOSO,1
1,0.8164,2008612.0,ELITON FE 50 JBE x 100 ML,<NINGUNO>,1.0,55525,ELITON FE,100 mg/ 5 mL,COMPLEJO DE HIDROXIDO FERRICO [HIERRO (III)] POLIMALTOSADO,5
1,1.0318,2009398.0,MACRODANTINA XR 100MG x 60 CAPSULAS,NITROFURANTOINA - TABLETA,60.0,40842,MACRODANTINA,100 mg,NITROFURANTOINA,120
2,1.0318,2009398.0,MACRODANTINA XR 100MG x 60 CAPSULAS,NITROFURANTOINA - TABLETA,60.0,40843,MACRODANTINA,100 mg,NITROFURANTOINA,40
3,1.023,2009398.0,MACRODANTINA XR 100MG x 60 CAPSULAS,NITROFURANTOINA - TABLETA,60.0,37852,MACRODANTINA XR 100,100 mg,NITROFURANTOINA,60
1,0.8941,2014798.0,REFRESKAN - T PLUS 0.5% GOTAS x 15 ML - LANSIER,<NINGUNO>,1.0,38418,REFRESKAN – T PLUS,0.5 %,CARBOXIMETILCELULOSA SODICA,1
2,0.8941,2014798.0,REFRESKAN - T PLUS 0.5% GOTAS x 15 ML - LANSIER,<NINGUNO>,1.0,55811,REFRESKAN – T PLUS,0.5 %,CARBOXIMETILCELULOSA SODICA,1
3,0.8917,2014798.0,REFRESKAN - T PLUS 0.5% GOTAS x 15 ML - LANSIER,<NINGUNO>,1.0,59523,REFRESKAN-T PLUS,0.5 %,CARBOXIMETILCELULOSA DE SODIO,1
1,0.8333,2016491.0,KITADOL MIGRAÑA x  40 SOBRES x 2 TAB,PARACETAMOL 500MG.TABLETAS,40.0,58749,KITADOL MIGRAÑA,500 mg + 65 mg,CAFEINA + PARACETAMOL,40
1,0.8631,2016598.0,METFORMINA 850mg x 30 TAB - GENFAR,<NINGUNO>,30.0,40616,METFORMINA,850 mg,CLORHIDRATO DE METFORMINA,30
2,0.8631,2016598.0,METFORMINA 850mg x 30 TAB - GENFAR,<NINGUNO>,30.0,59550,METFORMINA,850 mg,CLORHIDRATO DE METFORMINA,30
3,0.8267,2016598.0,METFORMINA 850mg x 30 TAB - GENFAR,<NINGUNO>,30.0,41149,METFORMINA,500 mg,CLORHIDRATO DE METFORMINA,30
1,0.8449,2019305.0,MELSOL 15MG/1.5ML x 1 AMP GENFAR,<NINGUNO>,1.0,40168,MELSOL,15 mg/ 1.5 mL,MELOXICAM,1
2,0.8449,2019305.0,MELSOL 15MG/1.5ML x 1 AMP GENFAR,<NINGUNO>,1.0,59502,MELSOL,15 mg/ 1.5 mL,MELOXICAM,1
1,0.8,2023691.0,NOCIDEX 800MG/60MG x 200 ML SUSP,MAGALDRATO/SIMETICONA JARABE,1.0,49323,NOCIDEX,,MAGALDRATO + SIMETICONA,1
1,0.8813,2024591.0,CLOPIDOGREL 75MG x 14 TAB. - GENFAR,<NINGUNO>,14.0,40107,CLOPIDOGREL,75 mg,CLOPIDOGREL BISULFATO,14
2,0.8813,2024591.0,CLOPIDOGREL 75MG x 14 TAB. - GENFAR,<NINGUNO>,14.0,60328,CLOPIDOGREL,75 mg,CLOPIDOGREL BISULFATO,14
3,0.8333,2024591.0,CLOPIDOGREL 75MG x 14 TAB. - GENFAR,<NINGUNO>,14.0,40106,CLOPIDOGREL,75 mg,CLOPIDOGREL,1
1,0.8991,2032263.0,CORIFAN 10mg x 1ML AMP,<NINGUNO>,1.0,58411,CORIFAN,10 mg/ mL,CLORFENAMINA MALEATO,1
2,0.8841,2032263.0,CORIFAN 10mg x 1ML AMP,<NINGUNO>,1.0,53755,CORIFAN,1 mg/ mL,CLORFENAMINA MALEATO,1
3,0.8841,2032263.0,CORIFAN 10mg x 1ML AMP,<NINGUNO>,1.0,60697,CORIFAN,1 mg/ mL,CLORFENAMINA MALEATO,1
1,0.9818,2032370.0,ACICLOVIR 400mg x 100 TAB - MEDROCK,ACICLOVIR - TABLETA,100.0,37050,ACICLOVIR,400 mg,ACICLOVIR,100
2,0.9818,2032370.0,ACICLOVIR 400mg x 100 TAB - MEDROCK,ACICLOVIR - TABLETA,100.0,41272,ACICLOVIR,400 mg,ACICLOVIR,100
3,0.9818,2032370.0,ACICLOVIR 400mg x 100 TAB - MEDROCK,ACICLOVIR - TABLETA,100.0,43052,ACICLOVIR,400 mg,ACICLOVIR,100
1,0.9538,2038205.0,VALPRAX 500mg x 100 TAB,ACIDO VALPROICO 500MG TAB,100.0,42187,VALPRAX,500 mg,VALPROATO SODICO,100
2,0.9038,2038205.0,VALPRAX 500mg x 100 TAB,ACIDO VALPROICO 500MG TAB,100.0,36920,VALPRAX,500 mg,VALPROATO SODICO,500
3,0.9038,2038205.0,VALPRAX 500mg x 100 TAB,ACIDO VALPROICO 500MG TAB,100.0,40025,VALPRAX,500 mg,VALPROATO SODICO,30
1,0.8059,2038740.0,SITIDERM NF CREMA TOPICA TBO x 20 GR,CLOTRI+DEXA+GENTA,1.0,44686,SITIDERM NF,0.050 g + 0.100 g + 1.000 g,BETAMETASONA DIPROPIONATO + CLOTRIMAZOL + GENTAMICINA SULFATO,1
2,0.8059,2038740.0,SITIDERM NF CREMA TOPICA TBO x 20 GR,CLOTRI+DEXA+GENTA,1.0,44872,SITIDERM NF,0.050 g + 0.100 g + 1.000 g,BETAMETASONA DIPROPIONATO + CLOTRIMAZOL + GENTAMICINA SULFATO,1
1,0.8703,2042484.0,QUETIAZIC 100mg x 30 COMPRIMIDOS,<NINGUNO>,30.0,41182,QUETIAZIC,100 mg,QUETIAPINA FUMARATO,30
2,0.8703,2042484.0,QUETIAZIC 100mg x 30 COMPRIMIDOS,<NINGUNO>,30.0,51736,QUETIAZIC,100 mg,QUETIAPINA FUMARATO,30
3,0.8339,2042484.0,QUETIAZIC 100mg x 30 COMPRIMIDOS,<NINGUNO>,30.0,33115,QUETIAZIC,300 mg,QUETIAPINA FUMARATO,30
1,0.9333,2042705.0,ATORVASTATINA 10mg x 100 TAB - AC FARMA,ATORVASTATINA - 20MG TABLETA,100.0,47307,ATORVASTATINA,20 mg,ATORVASTATINA,100
2,0.9135,2042705.0,ATORVASTATINA 10mg x 100 TAB - AC FARMA,ATORVASTATINA - 20MG TABLETA,100.0,54218,ATORVASTATINA,10 mg,ATORVASTATINA DE CALCIO TRIHIDRATO,100
3,0.9135,2042705.0,ATORVASTATINA 10mg x 100 TAB - AC FARMA,ATORVASTATINA - 20MG TABLETA,100.0,54534,ATORVASTATINA,10 mg,ATORVASTATINA DE CALCIO TRIHIDRATO,100
1,0.9143,2045291.0,BANES FORTE x 60 ML SUSPENSION,IBUPROFENO JARABE,1.0,32950,BANES FORTE,200 mg/ 5 mL,IBUPROFENO,1
2,0.9143,2045291.0,BANES FORTE x 60 ML SUSPENSION,IBUPROFENO JARABE,1.0,42393,BANES,100 mg/ 5 mL,IBUPROFENO,1
3,0.9143,2045291.0,BANES FORTE x 60 ML SUSPENSION,IBUPROFENO JARABE,1.0,47888,BANES,100 mg/ 5 mL,IBUPROFENO,1
1,0.8643,2045512.0,NASTIZOL FORTE x 150 COMP.,CLORFENAMINA TABLETA,150.0,54029,NASTIZOL FORTE,500 mg + 10 mg + 4 mg,CLORFENAMINA MALEATO + FENILEFRINA CLORHIDRATO + PARACETAMOL,150
2,0.8143,2045512.0,NASTIZOL FORTE x 150 COMP.,CLORFENAMINA TABLETA,150.0,41999,NASTIZOL,1 mg + 30 mg/ mL,CLORFENAMINA MALEATO + PSEUDOEFEDRINA SULFATO,1
3,0.8143,2045512.0,NASTIZOL FORTE x 150 COMP.,CLORFENAMINA TABLETA,150.0,43891,NASTIZOL,,CLORFENAMINA MALEATO + PSEUDOEFEDRINA SULFATO,1
1,0.8,2048098.0,SILKA MEDIC GEL 1% x 15 GR,<NINGUNO>,1.0,40741,SILKA MEDIC,1 %,TERBINAFINA CLORHIDRATO,1
2,0.8,2048098.0,SILKA MEDIC GEL 1% x 15 GR,<NINGUNO>,1.0,40760,SILKA MEDIC,1 %,TERBINAFINA CLORHIDRATO,1
1,0.9067,2048961.0,DEQUAZOL ORAL 250mg SUSPENSION x 120ML,METRONIDAZOL JBE,1.0,46060,DEQUAZOL® ORAL 250,250 mg/ 5 mL,METRONIDAZOL BENZOATO,1
2,0.9067,2048961.0,DEQUAZOL ORAL 250mg SUSPENSION x 120ML,METRONIDAZOL JBE,1.0,46816,DEQUAZOL ORAL 125,125 mg/ 5 mL,METRONIDAZOL BENZOATO,1
3,0.8775,2048961.0,DEQUAZOL ORAL 250mg SUSPENSION x 120ML,METRONIDAZOL JBE,1.0,35124,DEQUAZOL ORAL 500,500 mg,METRONIDAZOL,60
1,0.8833,2050049.0,DEXTROSA 33.3% x 25 AMP - PHARMAGEN,<NINGUNO>,25.0,38924,DEXTROSA,33.3 %,DEXTROSA,25
1,0.8492,2050691.0,DEFLAZACORT 6mg x 10 TAB - GEN FAR,<NINGUNO>,10.0,56273,DEFLAZACORT,6 mg,DEFLAZACORT,10
2,0.8492,2050691.0,DEFLAZACORT 6mg x 10 TAB - GEN FAR,<NINGUNO>,10.0,61478,DEFLAZACORT,6 mg,DEFLAZACORT,10
1,0.9258,2050805.0,ALERGICAL NEO JBE x 60ml,CLORFENAMINA - JARABE,1.0,42944,ALERGICAL NEO,(2 mg + 5 mg)/ 5 mL,CLORFENAMINA MALEATO + FENILEFRINA CLORHIDRATO,1
2,0.9258,2050805.0,ALERGICAL NEO JBE x 60ml,CLORFENAMINA - JARABE,1.0,58119,ALERGICAL NEO,(2 mg + 5 mg)/ 5 mL,CLORFENAMINA MALEATO + FENILEFRINA CLORHIDRATO,1
3,0.887,2050805.0,ALERGICAL NEO JBE x 60ml,CLORFENAMINA - JARABE,1.0,54419,ALERGICAL NEO,4 mg + 10 mg,CLORFENAMINA MALEATO + FENILEFRINA CLORHIDRATO,100
1,1.0818,2051484.0,FLUIXX 200mg x 30 SOBRES,ACETILCISTEINA ORAL,30.0,40479,FLUIXX,200 mg,ACETILCISTEINA,30
2,1.0818,2051484.0,FLUIXX 200mg x 30 SOBRES,ACETILCISTEINA ORAL,30.0,60206,FLUIXX,200 mg,ACETILCISTEINA,30
3,1.0818,2051484.0,FLUIXX 200mg x 30 SOBRES,ACETILCISTEINA ORAL,30.0,61787,FLUIXX,200 mg,ACETILCISTEINA,30
1,0.8917,2052170.0,AMPICILINA 1gr x 50 AMP - PHARMAGEN,AMPICILINA AMPOLLA,50.0,33840,AMPICILINA,1 g,AMPICILINA SODICA,50
2,0.8917,2052170.0,AMPICILINA 1gr x 50 AMP - PHARMAGEN,AMPICILINA AMPOLLA,50.0,38609,AMPICILINA,1 g,AMPICILINA SODICA,50
3,0.8917,2052170.0,AMPICILINA 1gr x 50 AMP - PHARMAGEN,AMPICILINA AMPOLLA,50.0,50135,AMPICILINA,1 g,AMPICILINA SODICA,50
1,0.8726,2052277.0,KETOROLACO 60mg x 25 AMP (KETORGES),KETOROLACO - AMPOLLA,25.0,56189,KETOROLACO,60 mg/ 2 mL,KETOROLACO TROMETAMINA,25
2,0.8417,2052277.0,KETOROLACO 60mg x 25 AMP (KETORGES),KETOROLACO - AMPOLLA,25.0,25538,KETOROLACO,10 mg,KETOROLACO TROMETAMOL,10
3,0.8417,2052277.0,KETOROLACO 60mg x 25 AMP (KETORGES),KETOROLACO - AMPOLLA,25.0,27722,KETOROLACO,10 mg,KETOROLACO TROMETAMOL,100
1,0.9758,2054833.0,DICLOFENACO 75mg x 50 AMP - PHARMAGEN,DICLOFENACO - AMPOLLA,50.0,57024,DICLOFENACO,75 mg/ 3 mL,DICLOFENACO SODICO,50
2,0.9258,2054833.0,DICLOFENACO 75mg x 50 AMP - PHARMAGEN,DICLOFENACO - AMPOLLA,50.0,52739,DICLOFENACO,75 mg/ 3 mL,DICLOFENACO SODICO,10
3,0.9258,2054833.0,DICLOFENACO 75mg x 50 AMP - PHARMAGEN,DICLOFENACO - AMPOLLA,50.0,53411,DICLOFENACO,75 mg/ 3 mL,DICLOFENACO SODICO,100
1,0.95,2056633.0,BETAMETASONA CREMA 0.05%x 20gr - QUILAB,BETAMETASONA CREMA,1.0,1467,BETAMETASONA,0.05 %,BETAMETASONA DIPROPIONATO,1
2,0.95,2056633.0,BETAMETASONA CREMA 0.05%x 20gr - QUILAB,BETAMETASONA CREMA,1.0,31093,BETAMETASONA,0.05 %,BETAMETASONA DIPROPIONATO,1
3,0.95,2056633.0,BETAMETASONA CREMA 0.05%x 20gr - QUILAB,BETAMETASONA CREMA,1.0,31106,BETAMETASONA,0.05 %,BETAMETASONA DIPROPIONATO,1
1,1.0461,2056740.0,CLINDAMICINA 300mg x 100 CAP - PORTUGAL,CLINDAMICINA TABLETA,100.0,43374,CLINDAMICINA,300 mg,CLINDAMICINA CLORHIDRATO,100
2,0.9461,2056740.0,CLINDAMICINA 300mg x 100 CAP - PORTUGAL,CLINDAMICINA TABLETA,100.0,37049,CLINDAMICINA,300 mg,CLINDAMICINA CLORHIDRATO,100
3,0.9461,2056740.0,CLINDAMICINA 300mg x 100 CAP - PORTUGAL,CLINDAMICINA TABLETA,100.0,40363,CLINDAMICINA,300 mg,CLINDAMICINA CLORHIDRATO,100
1,0.8492,2057426.0,DEFLAZACORT 6mg x 10 TAB - AC FARMA,<NINGUNO>,10.0,38165,DEFLAZACORT,6 mg,DEFLAZACORT,10
2,0.8492,2057426.0,DEFLAZACORT 6mg x 10 TAB - AC FARMA,<NINGUNO>,10.0,54393,DEFLAZACORT,6 mg,DEFLAZACORT,10
1,0.9423,2059654.0,CLOBETASOL 0.05% UNGTO x 25gr - AC FARMA,CLOBETASOL CREMA,1.0,37896,CLOBETASOL,0.05 %,17-PROPIONATO DE CLOBETASOL,1
2,0.9423,2059654.0,CLOBETASOL 0.05% UNGTO x 25gr - AC FARMA,CLOBETASOL CREMA,1.0,38123,CLOBETASOL,0.05 %,17-PROPIONATO DE CLOBETASOL,1
3,0.9423,2059654.0,CLOBETASOL 0.05% UNGTO x 25gr - AC FARMA,CLOBETASOL CREMA,1.0,41549,CLOBETASOL,0.05 %,17-PROPIONATO DE CLOBETASOL,1
1,0.8459,2061277.0,GLEMINEX 500MG/2.5MG CJA x 30 COMP - GEN FAR,<NINGUNO>,30.0,40169,GLEMINEX,500 mg + 2.5 mg,GLIBENCLAMIDA + CLORHIDRATO DE METFORMINA,30
2,0.8459,2061277.0,GLEMINEX 500MG/2.5MG CJA x 30 COMP - GEN FAR,<NINGUNO>,30.0,58786,GLEMINEX,500 mg + 2.5 mg,GLIBENCLAMIDA + CLORHIDRATO DE METFORMINA,30
3,0.8408,2061277.0,GLEMINEX 500MG/2.5MG CJA x 30 COMP - GEN FAR,<NINGUNO>,30.0,40170,GLEMINEX,500 mg + 5 mg,GLIBENCLAMIDA + CLORHIDRATO DE METFORMINA,30
1,0.8906,2062612.0,IRBESARTAN 150mg x 50 TAB - AC FARMA,<NINGUNO>,50.0,42325,IRBESARTAN,150 mg,IRBESARTAN,50
2,0.8406,2062612.0,IRBESARTAN 150mg x 50 TAB - AC FARMA,<NINGUNO>,50.0,43535,IRBESARTAN,150 mg,IRBESARTAN,20
3,0.8179,2062612.0,IRBESARTAN 150mg x 50 TAB - AC FARMA,<NINGUNO>,50.0,44127,IRBESARTAN,300 mg,IRBESARTAN,50
1,0.8833,2063619.0,DOMPERIDONA 10mg CAJA x 20 TAB - GEN FAR,<NINGUNO>,20.0,39632,DOMPERIDONA,10 mg,DOMPERIDONA,20
2,0.8795,2063619.0,DOMPERIDONA 10mg CAJA x 20 TAB - GEN FAR,<NINGUNO>,20.0,59717,DOMPERIDONA,10 mg,MALEATO DE DOMPERIDONA,20
1,0.8555,2063940.0,DOLO TENSODOX 5mg/15mg x 10 TAB,<NINGUNO>,10.0,49182,DOLO TENSODOX,5 mg + 15 mg,CICLOBENZAPRINA CLORHIDRATO + MELOXICAM,10
2,0.8055,2063940.0,DOLO TENSODOX 5mg/15mg x 10 TAB,<NINGUNO>,10.0,49183,DOLO TENSODOX,5 mg + 15 mg,CICLOBENZAPRINA CLORHIDRATO + MELOXICAM,50
1,0.8644,2064840.0,FUROSEMIDA 20mg/2ml CAJA x 10 AMP - GEN FAR,<NINGUNO>,10.0,40145,FUROSEMIDA,20 mg/ 2 mL,FUROSEMIDA,10
2,0.8644,2064840.0,FUROSEMIDA 20mg/2ml CAJA x 10 AMP - GEN FAR,<NINGUNO>,10.0,52675,FUROSEMIDA,20 mg/ 2 mL,FUROSEMIDA,10
3,0.8644,2064840.0,FUROSEMIDA 20mg/2ml CAJA x 10 AMP - GEN FAR,<NINGUNO>,10.0,58727,FUROSEMIDA,20 mg/ 2 mL,FUROSEMIDA,10
1,0.9124,2066961.0,LEVOXIDAL 500mg x 10 TAB - PHARMED,LEVOFLOXACINO 500MG - TAB,10.0,50232,LEVOXIDAL,500 mg,LEVOFLOXACINO HEMIHIDRATO,10
1,0.8579,2071070.0,CEFACLOR 250mg x 75ml SUSP - AC FARMA,<NINGUNO>,1.0,43741,CEFACLOR,250 mg/ 5 mL,CEFACLOR MONOHIDRATO,1
1,0.8874,2071177.0,CEFACLOR 500mg x 20 TAB - AC FARMA,<NINGUNO>,20.0,41138,CEFACLOR,500 mg,CEFACLOR MONOHIDRATO,20
1,0.9423,2071284.0,CLOBETASOL 0.05% CREMA x 25gr - AC FARMA,CLOBETASOL CREMA,1.0,37896,CLOBETASOL,0.05 %,17-PROPIONATO DE CLOBETASOL,1
2,0.9423,2071284.0,CLOBETASOL 0.05% CREMA x 25gr - AC FARMA,CLOBETASOL CREMA,1.0,38123,CLOBETASOL,0.05 %,17-PROPIONATO DE CLOBETASOL,1
3,0.9423,2071284.0,CLOBETASOL 0.05% CREMA x 25gr - AC FARMA,CLOBETASOL CREMA,1.0,41549,CLOBETASOL,0.05 %,17-PROPIONATO DE CLOBETASOL,1
1,0.8037,2071933.0,DIZOLVIN 30mg/5ml JBE x 120ml,<NINGUNO>,1.0,59461,DIZOLVIN,30 mg/ 5 mL,AMBROXOL CLORHIDRATO,1
1,0.8726,2072512.0,KETOROLACO 60mg IM x 25 AMP - DANY,KETOROLACO - AMPOLLA,25.0,56189,KETOROLACO,60 mg/ 2 mL,KETOROLACO TROMETAMINA,25
2,0.8417,2072512.0,KETOROLACO 60mg IM x 25 AMP - DANY,KETOROLACO - AMPOLLA,25.0,25538,KETOROLACO,10 mg,KETOROLACO TROMETAMOL,10
3,0.8417,2072512.0,KETOROLACO 60mg IM x 25 AMP - DANY,KETOROLACO - AMPOLLA,25.0,27722,KETOROLACO,10 mg,KETOROLACO TROMETAMOL,100
1,0.9333,2073412.0,ATORVASTATINA 40mg x 100 TAB - AC FARMA,ATORVASTATINA - 20MG TABLETA,100.0,47307,ATORVASTATINA,20 mg,ATORVASTATINA,100
2,0.9135,2073412.0,ATORVASTATINA 40mg x 100 TAB - AC FARMA,ATORVASTATINA - 20MG TABLETA,100.0,35806,ATORVASTATINA,40 mg,ATORVASTATINA DE CALCIO TRIHIDRATO,100
3,0.9135,2073412.0,ATORVASTATINA 40mg x 100 TAB - AC FARMA,ATORVASTATINA - 20MG TABLETA,100.0,50771,ATORVASTATINA,40 mg,ATORVASTATINA DE CALCIO,100
1,1.0,2074526.0,CLOTRIMAZOL 1% CREMA x 20gr - QUILAB,CLOTRIMAZOL - CREMA,1.0,35447,CLOTRIMAZOL,1 %,CLOTRIMAZOL,1
2,1.0,2074526.0,CLOTRIMAZOL 1% CREMA x 20gr - QUILAB,CLOTRIMAZOL - CREMA,1.0,40026,CLOTRIMAZOL,1 %,CLOTRIMAZOL,1
3,1.0,2074526.0,CLOTRIMAZOL 1% CREMA x 20gr - QUILAB,CLOTRIMAZOL - CREMA,1.0,40278,CLOTRIMAZOL,1 %,CLOTRIMAZOL,1
1,0.8895,2074633.0,LOSARTAN 50mg x 200 TAB - TEVA,LOSARTAN 50MG TAB,200.0,38208,LOSARTAN,50 mg,LOSARTAN POTASICO,200
2,0.8895,2074633.0,LOSARTAN 50mg x 200 TAB - TEVA,LOSARTAN 50MG TAB,200.0,61461,LOSARTAN,50 mg,LOSARTAN POTASICO,200
3,0.8395,2074633.0,LOSARTAN 50mg x 200 TAB - TEVA,LOSARTAN 50MG TAB,200.0,7008,LOSARTAN,50 mg,LOSARTAN POTASICO,100
1,0.8787,2078661.0,PONARIS 500mg x 14 TAB,<NINGUNO>,14.0,42086,PONARIS,500 mg,LEVOFLOXACINO HEMIHIDRATO,14
2,0.8287,2078661.0,PONARIS 500mg x 14 TAB,<NINGUNO>,14.0,42725,PONARIS,500 mg,LEVOFLOXACINO HEMIHIDRATO,70
1,0.8714,2079775.0,CLUVAX CREMA x 20gr + 3 APLICADORES,CLINDAMICINA - AMPOLLA,1.0,45134,CLUVAX,100 mg/ 132 mg,CLINDAMICINA FOSFATO + CLOTRIMAZOL,3
1,1.0818,2080826.0,ACICLOVIR 400mg x 100 TAB - INDUQUIMICA,ACICLOVIR - TABLETA,100.0,43052,ACICLOVIR,400 mg,ACICLOVIR,100
2,1.0455,2080826.0,ACICLOVIR 400mg x 100 TAB - INDUQUIMICA,ACICLOVIR - TABLETA,100.0,38048,ACICLOVIR,200 mg,ACICLOVIR,100
3,0.9818,2080826.0,ACICLOVIR 400mg x 100 TAB - INDUQUIMICA,ACICLOVIR - TABLETA,100.0,37050,ACICLOVIR,400 mg,ACICLOVIR,100
1,0.8596,2088454.0,METOTREXATO 2.5mg x 100 TAB - INDUQUIMICA,<NINGUNO>,100.0,42549,METOTREXATO,2.5 mg,METOTREXATO,100
2,0.8096,2088454.0,METOTREXATO 2.5mg x 100 TAB - INDUQUIMICA,<NINGUNO>,100.0,52251,METOTREXATO,2.5 mg,METOTREXATO,30
1,0.8201,2088775.0,ALOPURINOL 300mg x 30 TAB - FARMINDUSTRIA,<NINGUNO>,30.0,40770,ALOPURINOL,300 mg,ALOPURINOL,30
2,0.8201,2088775.0,ALOPURINOL 300mg x 30 TAB - FARMINDUSTRIA,<NINGUNO>,30.0,46949,ALOPURINOL,300 mg,ALOPURINOL,30
1,0.8201,2088882.0,ALOPURINOL 100mg x 30 TAB - FARMINDUSTRIA,<NINGUNO>,30.0,40448,ALOPURINOL,100 mg,ALOPURINOL,30
2,0.8201,2088882.0,ALOPURINOL 100mg x 30 TAB - FARMINDUSTRIA,<NINGUNO>,30.0,46898,ALOPURINOL,100 mg,ALOPURINOL,30
1,0.8243,2089140.0,VOLTAREN 75mg x 10 AMP,<NINGUNO>,10.0,39830,VOLTAREN,75 mg/ 3 mL,DICLOFENACO SODICO,10
2,0.8243,2089140.0,VOLTAREN 75mg x 10 AMP,<NINGUNO>,10.0,49999,VOLTAREN,75 mg/ 3 mL,DICLOFENACO SODICO,10
1,1.0818,2089247.0,FLUIXX 600mg x 30 SOBRES,ACETILCISTEINA ORAL,30.0,58691,FLUIXX,600 mg,ACETILCISTEINA,30
2,1.0455,2089247.0,FLUIXX 600mg x 30 SOBRES,ACETILCISTEINA ORAL,30.0,40479,FLUIXX,200 mg,ACETILCISTEINA,30
3,1.0455,2089247.0,FLUIXX 600mg x 30 SOBRES,ACETILCISTEINA ORAL,30.0,42788,FLUIXX,100 mg,ACETILCISTEINA,30
1,0.9333,2089461.0,AMPICILINA 1gr x 10 AMP - PHARMAGEN,AMPICILINA AMPOLLA,10.0,49900,AMPICILINA,1 g,AMPICILINA,10
2,0.8917,2089461.0,AMPICILINA 1gr x 10 AMP - PHARMAGEN,AMPICILINA AMPOLLA,10.0,45103,AMPICILINA,1 g,AMPICILINA SODICA,10
3,0.8917,2089461.0,AMPICILINA 1gr x 10 AMP - PHARMAGEN,AMPICILINA AMPOLLA,10.0,50506,AMPICILINA,1 g,AMPICILINA SODICA,10
1,0.85,2089889.0,CORTIFLEX 40mg/ml INYECTABLE,<NINGUNO>,1.0,32989,CORTIFLEX,40 mg/ mL,TRIAMCINOLONA ACETONIDO,1
2,0.8024,2089889.0,CORTIFLEX 40mg/ml INYECTABLE,<NINGUNO>,1.0,43456,CORTIFLEX,50 mg/ 5 mL,TRIAMCINOLONA ACETONIDO,1
1,0.8722,2089996.0,CORTIFLEX 50mg/5ml INYECTABLE,<NINGUNO>,1.0,43456,CORTIFLEX,50 mg/ 5 mL,TRIAMCINOLONA ACETONIDO,1
2,0.8667,2089996.0,CORTIFLEX 50mg/5ml INYECTABLE,<NINGUNO>,1.0,32989,CORTIFLEX,40 mg/ mL,TRIAMCINOLONA ACETONIDO,1
3,0.8222,2089996.0,CORTIFLEX 50mg/5ml INYECTABLE,<NINGUNO>,1.0,38809,CORTIFLEX,50 mg/ 5 mL,TRIAMCINOLONA ACETONIDO,25
1,0.9278,2090077.0,SERTRALINA 50mg x 100 TAB - AC FARMA,SERTRALINA 50MG TAB,100.0,42884,SERTRALINA,50 mg,SERTRALINA,30
2,0.9002,2090077.0,SERTRALINA 50mg x 100 TAB - AC FARMA,SERTRALINA 50MG TAB,100.0,37041,SERTRALINA,50 mg,SERTRALINA CLORHIDRATO,100
3,0.9002,2090077.0,SERTRALINA 50mg x 100 TAB - AC FARMA,SERTRALINA 50MG TAB,100.0,40411,SERTRALINA,50 mg,SERTRALINA CLORHIDRATO,100
1,0.8008,2093098.0,CEFUNAT 500mg x 100 TAB,<NINGUNO>,100.0,43816,CEFUNAT,500 mg,CEFALEXINA MONOHIDRATO,100
1,0.9818,2095226.0,CLOTRIMAZOL 500mg x 10 TAB VAGINAL - PORTUGAL,CLOTRIMAZOL - TABLETA,10.0,50143,CLOTRIMAZOL,500 mg,CLOTRIMAZOL,10
2,0.9318,2095226.0,CLOTRIMAZOL 500mg x 10 TAB VAGINAL - PORTUGAL,CLOTRIMAZOL - TABLETA,10.0,38183,CLOTRIMAZOL,500 mg,CLOTRIMAZOL,50
3,0.9318,2095226.0,CLOTRIMAZOL 500mg x 10 TAB VAGINAL - PORTUGAL,CLOTRIMAZOL - TABLETA,10.0,40654,CLOTRIMAZOL,500 mg,CLOTRIMAZOL,1000
1,0.9091,2096554.0,FERANIN FOL 1000 x 30 GRG,HIERRO POLIMALTOSADO,30.0,54496,FERANIN,100 mg,COMPLEJO DE HIDROXIDO FERRICO [HIERRO (III)] POLIMALTOSADO,30
2,0.9091,2096554.0,FERANIN FOL 1000 x 30 GRG,HIERRO POLIMALTOSADO,30.0,60163,FERANIN,100 mg,COMPLEJO DE HIDROXIDO FERRICO [HIERRO (III)] POLIMALTOSADO,30
3,0.875,2096554.0,FERANIN FOL 1000 x 30 GRG,HIERRO POLIMALTOSADO,30.0,54497,FERANIN FOL,100 mg/ 0.35 mg,ACIDO FOLICO + COMPLEJO DE HIDROXIDO FERRICO [HIERRO (III)] POLIMALTOSADO,30
1,0.91,2096661.0,MUPIROX 2% UNGTO TUBO x 15gr,<NINGUNO>,1.0,53152,MUPIROX,2 %,MUPIROCINA CALCICA,1
2,0.9088,2096661.0,MUPIROX 2% UNGTO TUBO x 15gr,<NINGUNO>,1.0,38531,MUPIROX,2 %,MUPIROCINA,1
1,0.8568,2096768.0,SILDEX 100mg x 1 TAB,SILDENAFILO 100MG - TABLETA,1.0,38620,SILDEX 100,100 mg,SILDENAFILO,1
1,0.9032,2097026.0,IDELLE 0.5mg CAJA x 7 OVULOS,<NINGUNO>,7.0,42352,IDELLE,0.5 mg,ESTRIOL,7
1,0.8923,2099468.0,AZITROMAC 200mg/5mlx30ml SUSP,AZITROMICINA JARABE,1.0,40517,AZITROMAC,200 mg/ 5 mL,AZITROMICINA DIHIDRATO,1
2,0.8923,2099468.0,AZITROMAC 200mg/5mlx30ml SUSP,AZITROMICINA JARABE,1.0,60653,AZITROMAC,200 mg/ 5 mL,AZITROMICINA DIHIDRATO,1
1,0.8675,2101135.0,FLAVOXIL 200mg x 20 TAB,<NINGUNO>,20.0,53913,FLAVOXIL,200 mg,FLAVOXATO CLORHIDRATO,20
2,0.8675,2101135.0,FLAVOXIL 200mg x 20 TAB,<NINGUNO>,20.0,61633,FLAVOXIL,200 mg,FLAVOXATO CLORHIDRATO,20
1,0.8029,2101242.0,FERROSIL 50mg JBE x 100ml,<NINGUNO>,1.0,49213,FERROSIL,100 mg/ 5 mL,COMPLEJO DE HIDROXIDO DE HIERRO (III) POLIMALTOSO,1
1,0.8471,2104798.0,ACICLAV 500mg (AMOXI + AC.CLAV) x 14 TAB,AMOXICILINA + ACIDO CLAV. - TABLETA,14.0,50566,ACICLAV,500 mg + 125 mg,AMOXICILINA + CLAVULANATO POTASICO,14
2,0.8471,2104798.0,ACICLAV 500mg (AMOXI + AC.CLAV) x 14 TAB,AMOXICILINA + ACIDO CLAV. - TABLETA,14.0,55162,ACICLAV,500 mg + 125 mg,AMOXICILINA + CLAVULANATO POTASICO,14
3,0.832,2104798.0,ACICLAV 500mg (AMOXI + AC.CLAV) x 14 TAB,AMOXICILINA + ACIDO CLAV. - TABLETA,14.0,46830,ACICLAV,500 mg + 125 mg,AMOXICILINA TRIHIDRATO + CLAVULANATO POTASICO,14
1,0.9714,2106819.0,RISPERIDONA 2mg x 20 TAB - FARMINDUSTRIA,RISPERIDONA TABLETA,20.0,39626,RISPERIDONA,2 mg,RISPERIDONA,20
2,0.9714,2106819.0,RISPERIDONA 2mg x 20 TAB - FARMINDUSTRIA,RISPERIDONA TABLETA,20.0,51675,RISPERIDONA,2 mg,RISPERIDONA,20
3,0.9714,2106819.0,RISPERIDONA 2mg x 20 TAB - FARMINDUSTRIA,RISPERIDONA TABLETA,20.0,52247,RISPERIDONA,2 mg,RISPERIDONA,20
1,0.9323,2107284.0,OMEPRAZOL 40mg x 1 AMP - DANY,OMEPRAZOL AMP,1.0,50370,OMEPRAZOL,40 mg,OMEPRAZOL SODICO,1
2,0.9323,2107284.0,OMEPRAZOL 40mg x 1 AMP - DANY,OMEPRAZOL AMP,1.0,51519,OMEPRAZOL,40 mg,OMEPRAZOL SODICO,1
3,0.9323,2107284.0,OMEPRAZOL 40mg x 1 AMP - DANY,OMEPRAZOL AMP,1.0,53334,OMEPRAZOL,40 mg,OMEPRAZOL SODICO,1
1,0.9124,2109298.0,LEVOCTRIM 500mg x 10 TABLETAS,LEVOFLOXACINO 500MG - TAB,10.0,49536,LEVOCTRIM,500 mg,LEVOFLOXACINO HEMIHIDRATO,10
2,0.8624,2109298.0,LEVOCTRIM 500mg x 10 TABLETAS,LEVOFLOXACINO 500MG - TAB,10.0,47697,LEVOCTRIM,500 mg,LEVOFLOXACINO HEMIHIDRATO,100
3,0.8624,2109298.0,LEVOCTRIM 500mg x 10 TABLETAS,LEVOFLOXACINO 500MG - TAB,10.0,47772,LEVOCTRIM,500 mg,LEVOFLOXACINO HEMIHIDRATO,100
1,0.9714,2114919.0,DESAZONA 4mg x 10 TAB (DEXAMETASONA),DEXAMETASONA TABLETAS,10.0,45062,DESAZONA,4 mg,DEXAMETASONA,10
2,0.9714,2114919.0,DESAZONA 4mg x 10 TAB (DEXAMETASONA),DEXAMETASONA TABLETAS,10.0,50523,DESAZONA,4 mg,DEXAMETASONA,10
3,0.9214,2114919.0,DESAZONA 4mg x 10 TAB (DEXAMETASONA),DEXAMETASONA TABLETAS,10.0,38611,DEXAMETASONA,4 mg,DEXAMETASONA,100
1,0.8357,2115605.0,LIDOCAINA 2% S/PRESERV. FCO x 20ML,<NINGUNO>,1.0,37844,LIDOCAINA,2 %,LIDOCAINA CLORHIDRATO,25
1,0.8789,2117619.0,METRONIDAZOL 500mg/100ml AMP - PHARMAGEN,<NINGUNO>,1.0,38396,METRONIDAZOL,500 mg/ 100 mL,METRONIDAZOL,1
1,1.0778,2120463.0,GRAVOL CB 50mg x 100 CAP BLANDA,DIMENHIDRINATO - TABLETA,100.0,37399,GRAVOL CB,50 mg,DIMENHIDRINATO,100
2,1.0778,2120463.0,GRAVOL CB 50mg x 100 CAP BLANDA,DIMENHIDRINATO - TABLETA,100.0,40840,GRAVOL,50 mg,DIMENHIDRINATO,100
3,1.0278,2120463.0,GRAVOL CB 50mg x 100 CAP BLANDA,DIMENHIDRINATO - TABLETA,100.0,35580,GRAVOL CB,50 mg,DIMENHIDRINATO,10
1,0.8866,2122691.0,TOPICTAL 25mg x 28 COMPRIMIDOS,<NINGUNO>,28.0,39937,TOPICTAL,25 mg,TOPIRAMATO,28
2,0.8422,2122691.0,TOPICTAL 25mg x 28 COMPRIMIDOS,<NINGUNO>,28.0,41607,TOPICTAL,50 mg,TOPIRAMATO,28
1,1.0333,2124491.0,UROFURIN 25mg/5ml x 120ml SUSPENSION,NITROFURANTOINA - TABLETA,1.0,37134,UROFURIN,25 mg/ 5 mL,NITROFURANTOINA,1
2,1.0333,2124491.0,UROFURIN 25mg/5ml x 120ml SUSPENSION,NITROFURANTOINA - TABLETA,1.0,58283,UROFURIN,25 mg/ 5 mL,NITROFURANTOINA,1
3,0.95,2124491.0,UROFURIN 25mg/5ml x 120ml SUSPENSION,NITROFURANTOINA - TABLETA,1.0,41133,UROFURIN,100 mg,NITROFURANTOINA,120
1,0.8787,2125070.0,PONARIS 750mg x 5 COMPRIMIDOS,<NINGUNO>,5.0,42088,PONARIS,750 mg,LEVOFLOXACINO HEMIHIDRATO,5
1,0.9652,2128633.0,VALCOTE ER 500mg x 30 TAB,ACIDO VALPROICO 500MG TAB,30.0,45639,VALCOTE ER,500 mg,VALPROATO SEMISODICO,30
2,0.9652,2128633.0,VALCOTE ER 500mg x 30 TAB,ACIDO VALPROICO 500MG TAB,30.0,60540,VALCOTE ER,500 mg,VALPROATO SEMISODICO,30
3,0.9288,2128633.0,VALCOTE ER 500mg x 30 TAB,ACIDO VALPROICO 500MG TAB,30.0,45638,VALCOTE ER,250 mg,VALPROATO SEMISODICO,30
1,0.8233,2129961.0,METAMIZOL SODICO 1gr/2ml x 100 AMP - LABOT,<NINGUNO>,100.0,51654,METAMIZOL,1 g/ 2 mL,METAMIZOL DE SODIO,100
2,0.8233,2129961.0,METAMIZOL SODICO 1gr/2ml x 100 AMP - LABOT,<NINGUNO>,100.0,54431,METAMIZOL SODICO,1 g/ 2 mL,METAMIZOL DE SODIO,100
1,0.8183,2132377.0,DIMENHIDRINATO 50mg/5ml x 50 AMP - DANY,<NINGUNO>,50.0,40228,DIMENHIDRINATO,50 mg,DIMENHIDRINATO,100
2,0.8008,2132377.0,DIMENHIDRINATO 50mg/5ml x 50 AMP - DANY,<NINGUNO>,50.0,35031,DIMENHIDRINATO,50 mg/ 5 mL,DIMENHIDRINATO,50
3,0.8008,2132377.0,DIMENHIDRINATO 50mg/5ml x 50 AMP - DANY,<NINGUNO>,50.0,39346,DIMENHIDRINATO,50 mg/ 5 mL,DIMENHIDRINATO,50
1,0.9077,2135619.0,VOLUSOL 2% CREMA VAGINAL 15gr C/APLICADOR,<NINGUNO>,1.0,38667,VOLUSOL,2 %,BUTOCONAZOL NITRATO,1
2,0.9077,2135619.0,VOLUSOL 2% CREMA VAGINAL 15gr C/APLICADOR,<NINGUNO>,1.0,60546,VOLUSOL,2 %,BUTOCONAZOL NITRATO,1
1,0.8631,2135726.0,CELEXIA 200mg x 100 CAP,<NINGUNO>,100.0,42000,CELEXIA,200 mg,CELECOXIB,100
1,0.9118,2136084.0,FUNCADEN OVULOS 600mg x 1 UND,<NINGUNO>,1.0,37640,FUNCADEN,600 mg,ISOCONAZOL NITRATO,1
1,0.9382,2136191.0,FUNCADEN 1% CREMA x 20gr,<NINGUNO>,1.0,40012,FUNCADEN,1 %,ISOCONAZOL,1
2,0.93,2136191.0,FUNCADEN 1% CREMA x 20gr,<NINGUNO>,1.0,50643,FUNCADEN,1 %,ISOCONAZOL NITRATO,1
1,0.8152,2136298.0,GABAPENTINA 300mg x 100 TAB - IQ FARMA,<NINGUNO>,100.0,39384,GABAPENTINA,300 mg,GABAPENTINA,100
2,0.8152,2136298.0,GABAPENTINA 300mg x 100 TAB - IQ FARMA,<NINGUNO>,100.0,41551,GABAPENTINA,300 mg,GABAPENTINA,100
3,0.8152,2136298.0,GABAPENTINA 300mg x 100 TAB - IQ FARMA,<NINGUNO>,100.0,41692,GABAPENTINA,300 mg,GABAPENTINA,100
1,0.8833,2139861.0,PATADINE PLUS 0.2% SOL. OFTALMICA FCO x 5ml,<NINGUNO>,1.0,42178,PATADINE PLUS,0.2 %,OLOPATADINA CLORHIDRATO,1
2,0.8833,2139861.0,PATADINE PLUS 0.2% SOL. OFTALMICA FCO x 5ml,<NINGUNO>,1.0,46149,PATADINE PLUS,0.2 %,OLOPATADINA CLORHIDRATO,1
3,0.8833,2139861.0,PATADINE PLUS 0.2% SOL. OFTALMICA FCO x 5ml,<NINGUNO>,1.0,55809,PATADINE PLUS,0.2 %,OLOPATADINA CLORHIDRATO,1
1,0.8725,2142384.0,TRINALER 200mg/5ml SUSP. ORAL,<NINGUNO>,1.0,34989,TRINALER,200 mg/ 5 mL,ACICLOVIR,1
1,0.8631,2143826.0,ZIPRAL 400mg CAJA x 10 CAP,<NINGUNO>,10.0,37656,ZIPRAL,400 mg,CELECOXIB,10
1,0.8866,2144619.0,XILEVA 20mg CAJA x 1 TAB,<NINGUNO>,1.0,56279,XILEVA,20 mg,TADALAFILO,1
2,0.8866,2144619.0,XILEVA 20mg CAJA x 1 TAB,<NINGUNO>,1.0,61491,XILEVA,20 mg,TADALAFILO,1
1,0.9778,2147098.0,GASTROPRAZOL 20mg x 30 CAP,OMEPRAZOL CAPSULA,30.0,39398,GASTROPRAZOL,20 mg,OMEPRAZOL,30
1,1.0615,2147533.0,DOLOCORT 1% GEL TOPICO TBO x 30gr,DICLOFENACO - GEL,1.0,47411,DOLOCORT,1 %,DICLOFENACO DIETILAMINA,1
1,0.9,2147640.0,BIPERIDENO 2mg x 100TAB - IQ FARMA,BIPERIDENO 2MG.TABLETAS,100.0,20714,BIPERIDENO,2 mg,BIPERIDENO CLORHIDRATO,100
2,0.9,2147640.0,BIPERIDENO 2mg x 100TAB - IQ FARMA,BIPERIDENO 2MG.TABLETAS,100.0,38154,BIPERIDENO,2 mg,BIPERIDENO CLORHIDRATO,100
3,0.9,2147640.0,BIPERIDENO 2mg x 100TAB - IQ FARMA,BIPERIDENO 2MG.TABLETAS,100.0,39322,BIPERIDENO,2 mg,BIPERIDENO CLORHIDRATO,100
1,1.0,2155091.0,CLOTRIMAZOL 1% CREMA x 20gr - AC FARMA,CLOTRIMAZOL - CREMA,1.0,35447,CLOTRIMAZOL,1 %,CLOTRIMAZOL,1
2,1.0,2155091.0,CLOTRIMAZOL 1% CREMA x 20gr - AC FARMA,CLOTRIMAZOL - CREMA,1.0,40026,CLOTRIMAZOL,1 %,CLOTRIMAZOL,1
3,1.0,2155091.0,CLOTRIMAZOL 1% CREMA x 20gr - AC FARMA,CLOTRIMAZOL - CREMA,1.0,40278,CLOTRIMAZOL,1 %,CLOTRIMAZOL,1
1,0.9125,2155526.0,ALVIERA 0.1% GEL TUBO x 30gr,<NINGUNO>,1.0,41486,ALVIERA,0.1 %,ADAPALENO,1
2,0.9125,2155526.0,ALVIERA 0.1% GEL TUBO x 30gr,<NINGUNO>,1.0,41539,ALVIERA,0.1 %,ADAPALENO,1
1,0.8942,2156854.0,VALPRAX 250mg JBE x 120ml,ACIDO VALPROICO 250MG,1.0,43694,VALPRAX,250 mg/ 5 mL,VALPROATO SODICO,1
2,0.8851,2156854.0,VALPRAX 250mg JBE x 120ml,ACIDO VALPROICO 250MG,1.0,11172,VALPRAX,200 mg/ mL,VALPROATO SODICO,1
3,0.8851,2156854.0,VALPRAX 250mg JBE x 120ml,ACIDO VALPROICO 250MG,1.0,34611,VALPRAX,200 mg/ mL,VALPROATO SODICO,1
1,0.8714,2157647.0,CIPROFLOXACINO 200mg/100ml AMP - GP PHARM,<NINGUNO>,1.0,47413,CIPROFLOXACINO,200 mg/ 100 mL,CIPROFLOXACINO,1
1,0.8241,2158119.0,CORIFAN GOTAS FCO x 20ml,<NINGUNO>,1.0,58411,CORIFAN,10 mg/ mL,CLORFENAMINA MALEATO,1
2,0.8164,2158119.0,CORIFAN GOTAS FCO x 20ml,<NINGUNO>,1.0,46843,CORIFAN,2 mg/ 5 mL,CLORFENAMINA MALEATO,1
3,0.8164,2158119.0,CORIFAN GOTAS FCO x 20ml,<NINGUNO>,1.0,60293,CORIFAN,2 mg/ 5 mL,CLORFENAMINA MALEATO,1
1,0.91,2158226.0,MUPIRODAL 2% UNGÜENTO x 15gr,<NINGUNO>,1.0,56715,MUPIRODAL,2 %,MUPIROCINA CALCICA,1
2,0.9088,2158226.0,MUPIRODAL 2% UNGÜENTO x 15gr,<NINGUNO>,1.0,47851,MUPIRODAL,2 %,MUPIROCINA,1
1,0.9488,2158547.0,MERIFAR 4mg/ml GOTAS ORALES x 15ml,METOCLOPRAMIDA AMPOLLA,1.0,35750,MERIFAR,4 mg/ mL,METOCLOPRAMIDA CLORHIDRATO MONOHIDRATO,1
2,0.9076,2158547.0,MERIFAR 4mg/ml GOTAS ORALES x 15ml,METOCLOPRAMIDA AMPOLLA,1.0,37006,MERIFAR,10 mg/ 2 mL,METOCLOPRAMIDA CLORHIDRATO MONOHIDRATO,5
1,0.9615,2158975.0,SUCRALMAX SUSP. x 200ml,SUCRALFATO,1.0,43982,SUCRALMAX,1 g/ 5 mL,SUCRALFATO,1
1,0.8226,2159019.0,GINNA CREMA VAGINAL x 40gr + 7 APLICADORES,<NINGUNO>,1.0,48191,GINNA,0.02 g/ g,FENTICONAZOL NITRATO,1
1,0.8382,2159340.0,CODIPRONT EXPECTORANTE FCO x 60ml,CODEINA 222.21MG SUSP,1.0,49400,CODIPRONT,11.11 mg + 3.67 mg/ 5 mL,CODEINA RESINATO + FENILTOLOXAMINA RESINATO,1
2,0.8382,2159340.0,CODIPRONT EXPECTORANTE FCO x 60ml,CODEINA 222.21MG SUSP,1.0,53269,CODIPRONT,11.11 mg + 3.67 mg/ 5 mL,CODEINA RESINATO + FENILTOLOXAMINA RESINATO,1
3,0.8295,2159340.0,CODIPRONT EXPECTORANTE FCO x 60ml,CODEINA 222.21MG SUSP,1.0,49399,CODIPRONT EXPECTORANTE,11.11 mg + 3.67 mg + 55.55 mg/ 5 mL,CODEINA RESINATO + FENILTOLOXAMINA + GUAIFENESINA,1
1,0.9271,2162291.0,GLICENEX SR 750mg x 30 TAB,GLIBENCLAMIDA - TABLETA,30.0,39985,GLICENEX SR,750 mg,CLORHIDRATO DE METFORMINA,30
2,0.8907,2162291.0,GLICENEX SR 750mg x 30 TAB,GLIBENCLAMIDA - TABLETA,30.0,37400,GLICENEX SR,500 mg,CLORHIDRATO DE METFORMINA,30
3,0.8907,2162291.0,GLICENEX SR 750mg x 30 TAB,GLIBENCLAMIDA - TABLETA,30.0,41807,GLICENEX,500 mg,CLORHIDRATO DE METFORMINA,30
1,0.8325,2164091.0,TRANSAMIN 10% (1gr/10ml) AMP,<NINGUNO>,1.0,37168,TRANSAMIN,1 g/ 10 mL,ACIDO TRANEXAMICO,1
1,0.8917,2164954.0,KETOROLACO 60mg/2ml x 25 AMP - (KETANEN),KETOROLACO - AMPOLLA,25.0,56189,KETOROLACO,60 mg/ 2 mL,KETOROLACO TROMETAMINA,25
2,0.8417,2164954.0,KETOROLACO 60mg/2ml x 25 AMP - (KETANEN),KETOROLACO - AMPOLLA,25.0,51996,KETOROLACO,60 mg/ 2 mL,KETOROLACO TROMETAMINA,100
3,0.8417,2164954.0,KETOROLACO 60mg/2ml x 25 AMP - (KETANEN),KETOROLACO - AMPOLLA,25.0,57679,KETOROLACO,60 mg/ 2 mL,KETOROLACO TROMETAMINA,10
1,0.9167,2165212.0,CORTIFLEX 0.025% x 60gr CREMA,<NINGUNO>,1.0,53340,CORTIFLEX,0.025 %,TRIAMCINOLONA ACETONIDO,1
2,0.9167,2165212.0,CORTIFLEX 0.025% x 60gr CREMA,<NINGUNO>,1.0,56792,CORTIFLEX,0.025 %,TRIAMCINOLONA ACETONIDO,1
3,0.9167,2165212.0,CORTIFLEX 0.025% x 60gr CREMA,<NINGUNO>,1.0,60385,CORTIFLEX,0.025 %,TRIAMCINOLONA ACETONIDO,1
1,1.0,2166968.0,PARASITEL SUSP x 5 FCOS x 10ml C/U,ALBENDAZOL JARABE,5.0,37525,PARASITEL,400 mg/ 10 mL,ALBENDAZOL,5
2,0.93,2166968.0,PARASITEL SUSP x 5 FCOS x 10ml C/U,ALBENDAZOL JARABE,5.0,35680,PARASITEL,200 mg,ALBENDAZOL,60
3,0.93,2166968.0,PARASITEL SUSP x 5 FCOS x 10ml C/U,ALBENDAZOL JARABE,5.0,38430,PARASITEL,200 mg,ALBENDAZOL,100
1,0.8524,2172298.0,DROXILAR 250mg x 60ml SUSPENSION,<NINGUNO>,1.0,36907,DROXILAR,250 mg/ 5 mL,CEFADROXILO MONOHIDRATO,1
2,0.8524,2172298.0,DROXILAR 250mg x 60ml SUSPENSION,<NINGUNO>,1.0,56251,DROXILAR,250 mg/ 5 mL,CEFADROXILO MONOHIDRATO,1
3,0.8524,2172298.0,DROXILAR 250mg x 60ml SUSPENSION,<NINGUNO>,1.0,57295,DROXILAR,250 mg/ 5 mL,CEFADROXILO MONOHIDRATO,1
1,0.8,2172947.0,ESPIRONOLACTONA 100mg x 100 TAB - AC FARMA,<NINGUNO>,100.0,38287,ESPIRONOLACTONA,100 mg,ESPIRONOLACTONA,100
2,0.8,2172947.0,ESPIRONOLACTONA 100mg x 100 TAB - AC FARMA,<NINGUNO>,100.0,48175,ESPIRONOLACTONA,100 mg,ESPIRONOLACTONA,100
1,0.9278,2173198.0,ARTRIFLAM 15mg x 30 TAB,MELOXICAM - TABLETAS,30.0,56038,ARTRIFLAM,15 mg,MELOXICAM,100
1,0.9088,2177768.0,MUPIBIOT 2% UNGUENTO x 15gr,<NINGUNO>,1.0,50804,MUPIBIOT,2 %,MUPIROCINA,1
1,0.8088,2177875.0,PRODERMIC 0.10% UNGTO x 10gr,<NINGUNO>,1.0,41522,PRODERMIC,0.1 %,TACROLIMUS,1
1,0.9961,2178240.0,AZITROMICINA 500mg x 30 TAB - AC FARMA,AZITROMICINA TABLETA,30.0,44125,AZITROMICINA,500 mg,AZITROMICINA DIHIDRATO,3
2,0.9818,2178240.0,AZITROMICINA 500mg x 30 TAB - AC FARMA,AZITROMICINA TABLETA,30.0,39027,AZITROMICINA,500 mg,AZITROMICINA,30
3,0.9461,2178240.0,AZITROMICINA 500mg x 30 TAB - AC FARMA,AZITROMICINA TABLETA,30.0,35662,AZITROMICINA,500 mg,AZITROMICINA DIHIDRATO,30
1,1.0524,2178347.0,CEFALEXINA 250mg FCO x 60ml - AC FARMA,CEFALEXINA JARABE,1.0,33891,CEFALEXINA,250 mg/ 5 mL,CEFALEXINA,1
2,0.9107,2178347.0,CEFALEXINA 250mg FCO x 60ml - AC FARMA,CEFALEXINA JARABE,1.0,37135,CEFALEXINA,250 mg/ 5 mL,CEFALEXINA MONOHIDRATO,1
3,0.9107,2178347.0,CEFALEXINA 250mg FCO x 60ml - AC FARMA,CEFALEXINA JARABE,1.0,41547,CEFALEXINA,250 mg/ 5 mL,CEFALEXINA MONOHIDRATO,1
1,0.8556,2178454.0,DEFLAZACORT 30mg x 10 TAB - AC FARMA,<NINGUNO>,10.0,35387,DEFLAZACORT,30 mg,DEFLAZACORT,10
2,0.8556,2178454.0,DEFLAZACORT 30mg x 10 TAB - AC FARMA,<NINGUNO>,10.0,54394,DEFLAZACORT,30 mg,DEFLAZACORT,10
3,0.8056,2178454.0,DEFLAZACORT 30mg x 10 TAB - AC FARMA,<NINGUNO>,10.0,54012,DEFLAZACORT,30 mg,DEFLAZACORT,30
1,0.8694,2178561.0,TIAZID 25mg x 30 TABLETAS,<NINGUNO>,30.0,40514,TIAZID,25 mg,HIDROCLOROTIAZIDA,30
2,0.8371,2178561.0,TIAZID 25mg x 30 TABLETAS,<NINGUNO>,30.0,42302,TIAZID,12.5 mg,HIDROCLOROTIAZIDA,30
3,0.825,2178561.0,TIAZID 25mg x 30 TABLETAS,<NINGUNO>,30.0,56495,TIAZID,50 mg,HIDROCLOROTIAZIDA,30
1,0.95,2178668.0,BETAMETASONA CREMA 0.05%x 20gr - AC FARMA,BETAMETASONA CREMA,1.0,1467,BETAMETASONA,0.05 %,BETAMETASONA DIPROPIONATO,1
2,0.95,2178668.0,BETAMETASONA CREMA 0.05%x 20gr - AC FARMA,BETAMETASONA CREMA,1.0,31093,BETAMETASONA,0.05 %,BETAMETASONA DIPROPIONATO,1
3,0.95,2178668.0,BETAMETASONA CREMA 0.05%x 20gr - AC FARMA,BETAMETASONA CREMA,1.0,31106,BETAMETASONA,0.05 %,BETAMETASONA DIPROPIONATO,1
1,0.9059,2179247.0,CLIXDIN OVULOS 100mg x 7 UND,<NINGUNO>,7.0,38529,CLIXDIN,100 mg,CLINDAMICINA FOSFATO,7
1,0.9652,2179354.0,SILDENAFILO 100mg x 1 TAB - MARFAN,SILDENAFILO 100MG - TABLETA,1.0,40306,SILDENAFILO,100 mg,SILDENAFILO CITRATO,4
2,0.9152,2179354.0,SILDENAFILO 100mg x 1 TAB - MARFAN,SILDENAFILO 100MG - TABLETA,1.0,40208,SILDENAFILO,100 mg,SILDENAFILO CITRATO,1
3,0.9152,2179354.0,SILDENAFILO 100mg x 1 TAB - MARFAN,SILDENAFILO 100MG - TABLETA,1.0,42316,SILDENAFILO,100 mg,SILDENAFILO CITRATO,1
1,0.925,2185868.0,AMIKACINA 500mg x 10 AMP - MEDIFARMA,AMIKACINA AMPOLLA,10.0,50875,AMIKACINA,500 mg/ 2 mL,AMIKACINA,10
2,0.925,2185868.0,AMIKACINA 500mg x 10 AMP - MEDIFARMA,AMIKACINA AMPOLLA,10.0,58882,AMIKACINA,500 mg/ 2 mL,AMIKACINA,10
3,0.8795,2185868.0,AMIKACINA 500mg x 10 AMP - MEDIFARMA,AMIKACINA AMPOLLA,10.0,34437,AMIKACINA,500 mg/ 2 mL,AMIKACINA SULFATO,10
1,0.896,2185975.0,ESPIRONE 25mg x 20 TABLETAS,<NINGUNO>,20.0,42864,ESPIRONE,25 mg,ESPIRONOLACTONA,20
2,0.846,2185975.0,ESPIRONE 25mg x 20 TABLETAS,<NINGUNO>,20.0,43798,ESPIRONE,25 mg,ESPIRONOLACTONA,100
1,0.9611,2187026.0,SILDENAFILO 50mg x 1 TAB - MARFAN,SILDENAFILO 50MG - TABLETA,1.0,10017,SILDENAFILO,50 mg,SILDENAFILO CITRATO,4
2,0.9611,2187026.0,SILDENAFILO 50mg x 1 TAB - MARFAN,SILDENAFILO 50MG - TABLETA,1.0,40232,SILDENAFILO,50 mg,SILDENAFILO CITRATO,4
3,0.9278,2187026.0,SILDENAFILO 50mg x 1 TAB - MARFAN,SILDENAFILO 50MG - TABLETA,1.0,41836,SILDENAFILO,50 mg,SILDENAFILO,50
1,0.8049,2187561.0,ACNECLIN AP 100mg x 30 CAP,<NINGUNO>,30.0,40500,ACNECLIN 100 AP,100 mg,MINOCICLINA CLORHIDRATO,30
1,1.0,2187668.0,MIXEL 2% SUSP x 30 ml,NITAZOXANIDA,1.0,49442,MIXEL,2 %,NITAZOXANIDA,1
2,1.0,2187668.0,MIXEL 2% SUSP x 30 ml,NITAZOXANIDA,1.0,49443,MIXEL,2 %,NITAZOXANIDA,1
3,0.8423,2187668.0,MIXEL 2% SUSP x 30 ml,NITAZOXANIDA,1.0,47391,MIXEL,500 mg,NITAZOXANIDA,6
1,0.8833,2188033.0,PREGABALINA 75mg x 30 CAP - GENFAR,<NINGUNO>,30.0,38789,PREGABALINA,75 mg,PREGABALINA,30
2,0.8833,2188033.0,PREGABALINA 75mg x 30 CAP - GENFAR,<NINGUNO>,30.0,60299,PREGABALINA,75 mg,PREGABALINA,30
3,0.8833,2188033.0,PREGABALINA 75mg x 30 CAP - GENFAR,<NINGUNO>,30.0,61485,PREGABALINA,75 mg,PREGABALINA,30
1,0.8329,2188140.0,CARBIDOPA/LEVODOPA 25/250mg x 30TAB - GEN FAR,<NINGUNO>,30.0,38785,CARBIDOPA/LEVODOPA,25 mg + 250 mg,CARBIDOPA + LEVODOPA,30
2,0.8329,2188140.0,CARBIDOPA/LEVODOPA 25/250mg x 30TAB - GEN FAR,<NINGUNO>,30.0,60309,CARBIDOPA/LEVODOPA,25 mg + 250 mg,CARBIDOPA + LEVODOPA,30
1,0.8803,2188675.0,XILEVA 5mg CAJA x 30 CAP,<NINGUNO>,30.0,38828,XILEVA,5 mg,TADALAFILO,30
2,0.8803,2188675.0,XILEVA 5mg CAJA x 30 CAP,<NINGUNO>,30.0,61566,XILEVA,5 mg,TADALAFILO,30
1,0.8833,2192098.0,PLENICA 75mg x 30 CAP,<NINGUNO>,30.0,34588,PLENICA,75 mg,PREGABALINA,30
2,0.8833,2192098.0,PLENICA 75mg x 30 CAP,<NINGUNO>,30.0,52261,PLENICA,75 mg,PREGABALINA,30
1,0.8076,2194226.0,FERROSIL GOTAS x 20 ML,<NINGUNO>,1.0,39006,FERROSIL,50 mg/ mL,HIERRO (III) POLIMALTOSA,1
2,0.8076,2194226.0,FERROSIL GOTAS x 20 ML,<NINGUNO>,1.0,61667,FERROSIL,50 mg/ mL,HIERRO (III) POLIMALTOSA,1
1,0.9152,2194440.0,NEUROPENTIN 300mg CAJA x 20 CAP,<NINGUNO>,20.0,42257,NEUROPENTIN,300 mg,GABAPENTINA,20
2,0.8788,2194440.0,NEUROPENTIN 300mg CAJA x 20 CAP,<NINGUNO>,20.0,45044,NEUROPENTIN,400 mg,GABAPENTINA,20
3,0.8788,2194440.0,NEUROPENTIN 300mg CAJA x 20 CAP,<NINGUNO>,20.0,51006,NEUROPENTIN,600 mg,GABAPENTINA,20
1,0.8256,2198254.0,PLENICA 150mg x 30 CAP,<NINGUNO>,30.0,34588,PLENICA,75 mg,PREGABALINA,30
2,0.8256,2198254.0,PLENICA 150mg x 30 CAP,<NINGUNO>,30.0,52261,PLENICA,75 mg,PREGABALINA,30
1,0.8943,2201035.0,CEBROCAL 500mg x 10 TAB,<NINGUNO>,10.0,49164,CEBROCAL,500 mg,CDP-COLINA SODICA,10
1,0.8643,2205926.0,CLINDESS DUO x 30 OVULOS,CLINDAMICINA TABLETA,30.0,50419,CLINDESS DUO,100 mg + 400 mg,CLINDAMICINA FOSFATO,30
2,0.85,2205926.0,CLINDESS DUO x 30 OVULOS,CLINDAMICINA TABLETA,30.0,57066,CLINDESS,600 mg/ 4 mL,CLINDAMICINA,25
3,0.8143,2205926.0,CLINDESS DUO x 30 OVULOS,CLINDAMICINA TABLETA,30.0,37343,CLINDESS,2 %,CLINDAMICINA FOSFATO,1
1,0.9,2206070.0,DOLOMAX PLUS x 100 TAB,IBUPROFENO 400MG.TABLETA,100.0,35546,DOLOMAX,200 mg,IBUPROFENO,100
2,0.9,2206070.0,DOLOMAX PLUS x 100 TAB,IBUPROFENO 400MG.TABLETA,100.0,37398,DOLOMAX,400 mg,IBUPROFENO,100
3,0.85,2206070.0,DOLOMAX PLUS x 100 TAB,IBUPROFENO 400MG.TABLETA,100.0,35511,DOLOMAX,400 mg,IBUPROFENO,20
1,0.9,2206177.0,DOLOMAX PLUS x 20 TAB,IBUPROFENO 400MG.TABLETA,20.0,35511,DOLOMAX,400 mg,IBUPROFENO,20
2,0.85,2206177.0,DOLOMAX PLUS x 20 TAB,IBUPROFENO 400MG.TABLETA,20.0,35512,DOLOMAX,400 mg,IBUPROFENO,120
3,0.85,2206177.0,DOLOMAX PLUS x 20 TAB,IBUPROFENO 400MG.TABLETA,20.0,35546,DOLOMAX,200 mg,IBUPROFENO,100
1,0.8286,2206391.0,ERGONEX PLUS x 100 TAB,ERGOTAMINA 1MG TAB,100.0,39815,ERGONEX PLUS,100 mg + 1 mg + 300 mg,CAFEINA ANHIDRA + ERGOTAMINA TARTRATO + PARACETAMOL,100
2,0.8286,2206391.0,ERGONEX PLUS x 100 TAB,ERGOTAMINA 1MG TAB,100.0,41776,ERGONEX®,1 mg + 100 mg,CAFEINA + ERGOTAMINA TARTRATO,100
1,0.88,2206498.0,DOLOACEMIFEN JBE x 60ml,PARACETAMOL JARABE,1.0,38717,DOLOACEMIFEN,120 mg/ 5 mL,PARACETAMOL,1
2,0.88,2206498.0,DOLOACEMIFEN JBE x 60ml,PARACETAMOL JARABE,1.0,59443,DOLOACEMIFEN,120 mg/ 5 mL,PARACETAMOL,1
3,0.83,2206498.0,DOLOACEMIFEN JBE x 60ml,PARACETAMOL JARABE,1.0,38714,DOLOACEMIFEN,500 mg,PARACETAMOL,100
1,0.9818,2206505.0,DOLOACEMIFEN 500mg x 100 TAB,PARACETAMOL 500MG.TABLETAS,100.0,38714,DOLOACEMIFEN,500 mg,PARACETAMOL,100
2,0.9818,2206505.0,DOLOACEMIFEN 500mg x 100 TAB,PARACETAMOL 500MG.TABLETAS,100.0,47432,DOLOACEMIFEN,500 mg,PARACETAMOL,100
3,0.825,2206505.0,DOLOACEMIFEN 500mg x 100 TAB,PARACETAMOL 500MG.TABLETAS,100.0,38717,DOLOACEMIFEN,120 mg/ 5 mL,PARACETAMOL,1
1,0.9049,2206719.0,CLONAZEPAM 0.5mg x 100 TAB - AC FARMA,CLONAZEPAN 0.5MG,100.0,33256,CLONAZEPAM,0.5 mg,CLONAZEPAM,100
2,0.9049,2206719.0,CLONAZEPAM 0.5mg x 100 TAB - AC FARMA,CLONAZEPAN 0.5MG,100.0,37023,CLONAZEPAM,0.5 mg,CLONAZEPAM,100
3,0.9049,2206719.0,CLONAZEPAM 0.5mg x 100 TAB - AC FARMA,CLONAZEPAN 0.5MG,100.0,41014,CLONAZEPAM,0.5 mg,CLONAZEPAM,100
1,0.8874,2217191.0,PREGABALINA 150mg x 30 CAP - GEN FAR,<NINGUNO>,30.0,39391,PREGABALINA,150 mg,PREGABALINA,30
2,0.8874,2217191.0,PREGABALINA 150mg x 30 CAP - GEN FAR,<NINGUNO>,30.0,60300,PREGABALINA,150 mg,PREGABALINA,30
3,0.8874,2217191.0,PREGABALINA 150mg x 30 CAP - GEN FAR,<NINGUNO>,30.0,61486,PREGABALINA,150 mg,PREGABALINA,30
1,0.8818,2217298.0,TAMSULOSINA 0.4mg x 30 CAP - BONAPHARM,<NINGUNO>,30.0,40129,TAMSULOSINA,0.4 mg,TAMSULOSINA CLORHIDRATO,30
2,0.8818,2217298.0,TAMSULOSINA 0.4mg x 30 CAP - BONAPHARM,<NINGUNO>,30.0,40523,TAMSULOSINA,0.4 mg,TAMSULOSINA CLORHIDRATO,30
3,0.8318,2217298.0,TAMSULOSINA 0.4mg x 30 CAP - BONAPHARM,<NINGUNO>,30.0,43490,TAMSULOSINA,0.4 mg,TAMSULOSINA CLORHIDRATO,10
1,0.8333,2217519.0,CLORURO DE SODIO 20% CAJA x 25 AMP - PHARMAGEN,<NINGUNO>,25.0,37694,CLORURO DE SODIO,20 %,CLORURO DE SODIO,25
2,0.8333,2217519.0,CLORURO DE SODIO 20% CAJA x 25 AMP - PHARMAGEN,<NINGUNO>,25.0,44151,CLORURO DE SODIO,20 %,CLORURO DE SODIO,25
3,0.8333,2217519.0,CLORURO DE SODIO 20% CAJA x 25 AMP - PHARMAGEN,<NINGUNO>,25.0,54187,CLORURO DE SODIO,20 %,CLORURO DE SODIO,25
1,0.8125,2217626.0,LIDOCAINA 5% UNGUENTO x 10gr  - DANY,<NINGUNO>,1.0,49521,LIDOCAINA,5 %,LIDOCAINA,1
1,0.8565,2220470.0,CEFUXINIL 250mg/5ml SUSPENSION x 70ml,<NINGUNO>,1.0,52178,CEFUXINIL,250 mg/ 5 mL,CEFUROXIMA AXETIL,1
1,0.8648,2223170.0,ESCITALOPRAM 10mg x 28 TAB - GEN FAR,<NINGUNO>,28.0,38786,ESCITALOPRAM,10 mg,ESCITALOPRAM OXALATO,28
2,0.8648,2223170.0,ESCITALOPRAM 10mg x 28 TAB - GEN FAR,<NINGUNO>,28.0,59294,ESCITALOPRAM,10 mg,ESCITALOPRAM OXALATO,28
3,0.8148,2223170.0,ESCITALOPRAM 10mg x 28 TAB - GEN FAR,<NINGUNO>,28.0,57958,ESCITALOPRAM,10 mg,ESCITALOPRAM OXALATO,30
1,0.8648,2225405.0,NEOPRESOL 10mg CAJA x 30 COMPRIMIDOS,<NINGUNO>,30.0,51370,NEOPRESOL,10 mg,ESCITALOPRAM OXALATO,30
2,0.8148,2225405.0,NEOPRESOL 10mg CAJA x 30 COMPRIMIDOS,<NINGUNO>,30.0,51371,NEOPRESOL,10 mg,ESCITALOPRAM OXALATO,15
1,0.8906,2227312.0,QUETIAPINA 100mg CAJA x 30 COMP.-GEN FAR,<NINGUNO>,30.0,38790,QUETIAPINA,100 mg,QUETIAPINA,30
2,0.8906,2227312.0,QUETIAPINA 100mg CAJA x 30 COMP.-GEN FAR,<NINGUNO>,30.0,60058,QUETIAPINA,100 mg,QUETIAPINA,30
3,0.8543,2227312.0,QUETIAPINA 100mg CAJA x 30 COMP.-GEN FAR,<NINGUNO>,30.0,38791,QUETIAPINA,200 mg,QUETIAPINA,30
1,1.0002,2228854.0,CIMICILE 50mg CAJA x 10 TAB,SERTRALINA 50MG TAB,10.0,21115,CIMICILE,50 mg,SERTRALINA CLORHIDRATO,10
2,1.0002,2228854.0,CIMICILE 50mg CAJA x 10 TAB,SERTRALINA 50MG TAB,10.0,51915,CIMICILE,50 mg,SERTRALINA CLORHIDRATO,10
3,0.9502,2228854.0,CIMICILE 50mg CAJA x 10 TAB,SERTRALINA 50MG TAB,10.0,28303,CIMICILE,50 mg,SERTRALINA CLORHIDRATO,2
1,0.8866,2228961.0,TOPIROL 50 50mg x 30 TAB,<NINGUNO>,30.0,38970,TOPIROL 50,50 mg,TOPIRAMATO,30
1,0.8438,2229540.0,MINOXIDIL 5% SOL. TOPICA x 60ml - FARMINDUSTRIA,<NINGUNO>,1.0,39621,MINOXIDIL,5 %,MINOXIDIL,1
2,0.8438,2229540.0,MINOXIDIL 5% SOL. TOPICA x 60ml - FARMINDUSTRIA,<NINGUNO>,1.0,41040,MINOXIDIL,5 %,MINOXIDIL,1
3,0.8438,2229540.0,MINOXIDIL 5% SOL. TOPICA x 60ml - FARMINDUSTRIA,<NINGUNO>,1.0,56281,MINOXIDIL,5 %,MINOXIDIL,1
1,0.9318,2229647.0,MIXEL 500mg CAJA x 6 TAB,NITAZOXANIDA,1.0,47391,MIXEL,500 mg,NITAZOXANIDA,6
2,0.8,2229647.0,MIXEL 500mg CAJA x 6 TAB,NITAZOXANIDA,1.0,49442,MIXEL,2 %,NITAZOXANIDA,1
3,0.8,2229647.0,MIXEL 500mg CAJA x 6 TAB,NITAZOXANIDA,1.0,49443,MIXEL,2 %,NITAZOXANIDA,1
1,1.0139,2229968.0,AMOXICLIN 250mg x 60ml SUSPENSION,AMOXICILINA JARABE,1.0,45863,AMOXICLIN,250 mg/ 5 mL,AMOXICILINA TRIHIDRATO,1
2,0.9949,2229968.0,AMOXICLIN 250mg x 60ml SUSPENSION,AMOXICILINA JARABE,1.0,49433,AMOXICLIN,500 mg/ 5 mL,AMOXICILINA TRIHIDRATO,1
3,0.9949,2229968.0,AMOXICLIN 250mg x 60ml SUSPENSION,AMOXICILINA JARABE,1.0,51569,AMOXICLIN,500 mg/ 5 mL,AMOXICILINA TRIHIDRATO,1
1,1.0818,2230691.0,MUCOCAR 600mg CAJA x 20 SOBRES,ACETILCISTEINA ORAL,20.0,40792,MUCOCAR,600 mg,ACETILCISTEINA,20
2,0.9955,2230691.0,MUCOCAR 600mg CAJA x 20 SOBRES,ACETILCISTEINA ORAL,20.0,39701,MUCOCAR,200 mg,ACETILCISTEINA,30
3,0.95,2230691.0,MUCOCAR 600mg CAJA x 20 SOBRES,ACETILCISTEINA ORAL,20.0,40481,MUCOCAR,100 mg/ 5 mL,ACETILCISTEINA,1
1,0.8706,2230912.0,BETINA 16mg x 30 COMPRIMIDOS,<NINGUNO>,30.0,41318,BETINA,16 mg,DICLORHIDRATO DE BETAHISTINA,30
1,0.8969,2231056.0,LAMOFLOX 0.5% SOL. OFTAL. x 5ml,<NINGUNO>,1.0,39256,LAMOFLOX,0.5 %,MOXIFLOXACINO CLORHIDRATO,1
2,0.8969,2231056.0,LAMOFLOX 0.5% SOL. OFTAL. x 5ml,<NINGUNO>,1.0,55767,LAMOFLOX,0.5 %,MOXIFLOXACINO CLORHIDRATO,1
1,0.9333,2237533.0,CLORURO DE SODIO 0.9% x 500 ml-ACULIFE,<NINGUNO>,1.0,52965,CLORURO DE SODIO,0.9 %,CLORURO DE SODIO,1
2,0.9333,2237533.0,CLORURO DE SODIO 0.9% x 500 ml-ACULIFE,<NINGUNO>,1.0,59112,CLORURO DE SODIO,0.9 %,CLORURO DE SODIO,1
3,0.9333,2237533.0,CLORURO DE SODIO 0.9% x 500 ml-ACULIFE,<NINGUNO>,1.0,61923,CLORURO DE SODIO,0.9 %,CLORURO DE SODIO,1
1,0.9333,2237640.0,CLORURO DE SODIO 0.9% x 100ml - MEDIFARMA,<NINGUNO>,1.0,45899,CLORURO DE SODIO,9 ‰,CLORURO DE SODIO,1
2,0.9333,2237640.0,CLORURO DE SODIO 0.9% x 100ml - MEDIFARMA,<NINGUNO>,1.0,48386,CLORURO DE SODIO,9 ‰,CLORURO DE SODIO,1
3,0.9333,2237640.0,CLORURO DE SODIO 0.9% x 100ml - MEDIFARMA,<NINGUNO>,1.0,50154,CLORURO DE SODIO,0.9 %,CLORURO DE SODIO,1
1,0.8706,2239868.0,BETINA 24mg x 30 COMPRIMIDOS,<NINGUNO>,30.0,41319,BETINA,24 mg,DICLORHIDRATO DE BETAHISTINA,30
2,0.8706,2239868.0,BETINA 24mg x 30 COMPRIMIDOS,<NINGUNO>,30.0,48190,BETINA,24 mg,DICLORHIDRATO DE BETAHISTINA,30
1,0.8492,2242498.0,GLEMAZ 4mg x 30 COMPRIMIDOS,<NINGUNO>,30.0,39978,GLEMAZ,4 mg,GLIMEPIRIDA,30
2,0.8492,2242498.0,GLEMAZ 4mg x 30 COMPRIMIDOS,<NINGUNO>,30.0,57472,GLEMAZ,4 mg,GLIMEPIRIDA,30
1,0.8101,2244305.0,PERCOF 30mg/5ml JBE x 120ml,<NINGUNO>,1.0,41783,PERCOF,30 mg/ 5 mL,LEVODROPROPIZINA,1
2,0.8101,2244305.0,PERCOF 30mg/5ml JBE x 120ml,<NINGUNO>,1.0,60758,PERCOF,30 mg/ 5 mL,LEVODROPROPIZINA,1
1,0.8855,2244519.0,SPASMODOX 40mg CAJA x 30 COMPRIMIDOS,<NINGUNO>,30.0,41480,SPASMODOX,40 mg,BROMURO DE OTILONIO,30
1,1.0818,2244626.0,DOLOMAX 400mg x 100 CAP BLANDAS,IBUPROFENO 400MG.TABLETA,100.0,37398,DOLOMAX,400 mg,IBUPROFENO,100
2,1.0455,2244626.0,DOLOMAX 400mg x 100 CAP BLANDAS,IBUPROFENO 400MG.TABLETA,100.0,35546,DOLOMAX,200 mg,IBUPROFENO,100
3,1.0318,2244626.0,DOLOMAX 400mg x 100 CAP BLANDAS,IBUPROFENO 400MG.TABLETA,100.0,35511,DOLOMAX,400 mg,IBUPROFENO,20
1,0.9795,2245740.0,AMIKABIOT 500mg x 3 AMP,AMIKACINA AMPOLLA,3.0,35492,AMIKABIOT,500 mg/ 2 mL,AMIKACINA SULFATO,3
2,0.9545,2245740.0,AMIKABIOT 500mg x 3 AMP,AMIKACINA AMPOLLA,3.0,44687,AMIKABIOT,250 mg/ 2 mL,AMIKACINA SULFATO,3
3,0.9295,2245740.0,AMIKABIOT 500mg x 3 AMP,AMIKACINA AMPOLLA,3.0,35491,AMIKABIOT,500 mg/ 2 mL,AMIKACINA SULFATO,1
1,0.8845,2246640.0,ALERSONA 1% CREMA x 20gr,<NINGUNO>,1.0,49096,ALERSONA,1 %,HIDROCORTISONA ACETATO,1
2,0.8845,2246640.0,ALERSONA 1% CREMA x 20gr,<NINGUNO>,1.0,49202,ALERSONA,1 %,HIDROCORTISONA ACETATO,1
1,0.8631,2247005.0,GLUCOPHAGE XR 500mg x 30 TAB,<NINGUNO>,30.0,60050,GLUCOPHAGE XR,500 mg,CLORHIDRATO DE METFORMINA,30
2,0.8267,2247005.0,GLUCOPHAGE XR 500mg x 30 TAB,<NINGUNO>,30.0,36975,GLUCOPHAGE XR,750 mg,CLORHIDRATO DE METFORMINA,30
3,0.8267,2247005.0,GLUCOPHAGE XR 500mg x 30 TAB,<NINGUNO>,30.0,47143,GLUCOPHAGE,850 mg,CLORHIDRATO DE METFORMINA,30
1,0.9,2248226.0,SUFACRATO 1g/5ml x 200ml (SUCRALFATO),SUCRALFATO,1.0,40928,SUFACRATO,1 g/ 5 mL,SUCRALFATO,1
2,0.9,2248226.0,SUFACRATO 1g/5ml x 200ml (SUCRALFATO),SUCRALFATO,1.0,59886,SUFACRATO,1 g/ 5 mL,SUCRALFATO,1
3,0.9,2248226.0,SUFACRATO 1g/5ml x 200ml (SUCRALFATO),SUCRALFATO,1.0,60390,SUFACRATO,1 g/ 5 mL,SUCRALFATO,1
1,1.0778,2250277.0,LANZOPRAL 30mg CAJA x 30 CAP,LANSOPRAZOL,30.0,45886,LANZOPRAL 30,30 mg,LANSOPRAZOL,30
2,0.9778,2250277.0,LANZOPRAL 30mg CAJA x 30 CAP,LANSOPRAZOL,30.0,53289,LANZOPRAL 30,30 mg,LANSOPRAZOL,30
3,0.8675,2250277.0,LANZOPRAL 30mg CAJA x 30 CAP,LANSOPRAZOL,30.0,41422,LANZOPRAL MD,15 mg,LANSOPRAZOL,15
1,0.8681,2252291.0,NEO NISOPREX 15mg/5ml SOL.x 60ml,<NINGUNO>,1.0,40321,NEO NISOPREX,15 mg/ 5 mL,PREDNISOLONA,1
2,0.8681,2252291.0,NEO NISOPREX 15mg/5ml SOL.x 60ml,<NINGUNO>,1.0,40322,NEO NISOPREX,15 mg/ 5 mL,PREDNISOLONA,1
3,0.8681,2252291.0,NEO NISOPREX 15mg/5ml SOL.x 60ml,<NINGUNO>,1.0,55457,NEO NISOPREX,15 mg/ 5 mL,PREDNISOLONA,1
1,0.944,2253519.0,NITOXADIN 100mg/5ml FCO x 60ml (NITAZOXANIDA),NITAZOXANIDA,1.0,42366,NITOXADIN,100 mg/ 5 mL,NITAZOXANIDA,1
2,0.944,2253519.0,NITOXADIN 100mg/5ml FCO x 60ml (NITAZOXANIDA),NITAZOXANIDA,1.0,42427,NITOXADIN,100 mg/ 5 mL,NITAZOXANIDA,1
3,0.944,2253519.0,NITOXADIN 100mg/5ml FCO x 60ml (NITAZOXANIDA),NITAZOXANIDA,1.0,50129,NITOXADIN,100 mg/ 5 mL,NITAZOXANIDA,1
1,0.8941,2256005.0,ALIZAR 0.05% LOCION CAPILAR x 30ml,<NINGUNO>,1.0,40375,ALIZAR,0.05 %,17-PROPIONATO DE CLOBETASOL,1
2,0.8941,2256005.0,ALIZAR 0.05% LOCION CAPILAR x 30ml,<NINGUNO>,1.0,40388,ALIZAR,0.05 %,17-PROPIONATO DE CLOBETASOL,1
3,0.8941,2256005.0,ALIZAR 0.05% LOCION CAPILAR x 30ml,<NINGUNO>,1.0,46078,ALIZAR,0.05 %,17-PROPIONATO DE CLOBETASOL,1
1,0.8111,2256112.0,PARATEX 1GR POLVO x 100 SACHETS,<NINGUNO>,100.0,42415,PARATEX,1 g,PARACETAMOL,100
2,0.8111,2256112.0,PARATEX 1GR POLVO x 100 SACHETS,<NINGUNO>,100.0,42416,PARATEX,1 g,PARACETAMOL,100
1,0.8111,2256219.0,PARATEX 1gr CAJA x 100 TAB,<NINGUNO>,100.0,42415,PARATEX,1 g,PARACETAMOL,100
2,0.8111,2256219.0,PARATEX 1gr CAJA x 100 TAB,<NINGUNO>,100.0,42416,PARATEX,1 g,PARACETAMOL,100
1,0.9364,2259775.0,NOVALGINA 500mg x 50 TAB,METAMIZOL TABLETAS,50.0,41924,NOVALGINA,500 mg,METAMIZOL SODICO MONOHIDRATO,50
2,0.9364,2259775.0,NOVALGINA 500mg x 50 TAB,METAMIZOL TABLETAS,50.0,53867,NOVALGINA,500 mg,METAMIZOL SODICO MONOHIDRATO,50
3,0.9364,2259775.0,NOVALGINA 500mg x 50 TAB,METAMIZOL TABLETAS,50.0,61449,NOVALGINA,500 mg,METAMIZOL SODICO MONOHIDRATO,50
1,0.9818,2260391.0,IBANDROPOROSIS 150mg x 1 TAB,ACIDO IBANDRONICO,1.0,49058,IBANDROPOROSIS®,150 mg,ACIDO IBANDRONICO,1
2,0.9818,2260391.0,IBANDROPOROSIS 150mg x 1 TAB,ACIDO IBANDRONICO,1.0,51781,IBANDROPOROSIS®,150 mg,ACIDO IBANDRONICO,1
1,0.877,2261512.0,PIEMONTE 4mg CAJA x 30 COMPRIMIDOS,<NINGUNO>,30.0,41362,PIEMONTE,4 mg,MONTELUKAST,30
2,0.8243,2261512.0,PIEMONTE 4mg CAJA x 30 COMPRIMIDOS,<NINGUNO>,30.0,41583,PIEMONTE,5 mg,MONTELUKAST SODICO,30
1,0.8803,2261619.0,TADA 5mg x 30 COMPRIMIDOS,<NINGUNO>,30.0,42410,TADA,5 mg,TADALAFILO,30
2,0.8803,2261619.0,TADA 5mg x 30 COMPRIMIDOS,<NINGUNO>,30.0,54309,TADA,5 mg,TADALAFILO,30
1,0.8333,2261726.0,FILINAR 50mg/5ml JBE x 120ml,<NINGUNO>,1.0,60759,FILINAR,50 mg/ 5 mL,ACEFILINATO DE AMBROXOL,1
2,0.8167,2261726.0,FILINAR 50mg/5ml JBE x 120ml,<NINGUNO>,1.0,42411,FILINAR,50 mg/ 5 mL,AMBROXOL,1
1,0.9878,2262947.0,VIRADEX 10mg CAJA x 10 TAB,ZOLPIDEM 10MG TAB,10.0,52837,VIRADEX,10 mg,ZOLPIDEM HEMITARTRATO,10
2,0.9378,2262947.0,VIRADEX 10mg CAJA x 10 TAB,ZOLPIDEM 10MG TAB,10.0,52839,VIRADEX,10 mg,ZOLPIDEM HEMITARTRATO,100
1,0.9124,2266547.0,LEVOCTRIM FORTE 750mg CAJA x 7 TAB,LEVOFLOXACINO 500MG - TAB,7.0,53849,LEVOCTRIM FORTE,750 mg,LEVOFLOXACINO HEMIHIDRATO,7
2,0.826,2266547.0,LEVOCTRIM FORTE 750mg CAJA x 7 TAB,LEVOFLOXACINO 500MG - TAB,7.0,47697,LEVOCTRIM,500 mg,LEVOFLOXACINO HEMIHIDRATO,100
3,0.826,2266547.0,LEVOCTRIM FORTE 750mg CAJA x 7 TAB,LEVOFLOXACINO 500MG - TAB,7.0,47772,LEVOCTRIM,500 mg,LEVOFLOXACINO HEMIHIDRATO,100
1,0.9778,2266761.0,AGRAFIL 50mg x 4 TAB (SILDENAFILO),SILDENAFILO 50MG - TABLETA,4.0,39841,AGRAFIL,50 mg,SILDENAFILO,4
2,0.9278,2266761.0,AGRAFIL 50mg x 4 TAB (SILDENAFILO),SILDENAFILO 50MG - TABLETA,4.0,39486,AGRAFIL,50 mg,SILDENAFILO,2
3,0.9278,2266761.0,AGRAFIL 50mg x 4 TAB (SILDENAFILO),SILDENAFILO 50MG - TABLETA,4.0,56784,AGRAFIL,50 mg,SILDENAFILO,100
1,0.8866,2267447.0,TADA 20mg x 4 COMPRIMIDOS (TADALAFILO),<NINGUNO>,4.0,42409,TADA,20 mg,TADALAFILO,4
2,0.8866,2267447.0,TADA 20mg x 4 COMPRIMIDOS (TADALAFILO),<NINGUNO>,4.0,54310,TADA,20 mg,TADALAFILO,4
3,0.8366,2267447.0,TADA 20mg x 4 COMPRIMIDOS (TADALAFILO),<NINGUNO>,4.0,42408,TADA,20 mg,TADALAFILO,2
1,0.8648,2267661.0,ETALPRAM 10mg x 30 COMP - (ESCITALOPRAM),<NINGUNO>,30.0,42412,ETALPRAM,10 mg,ESCITALOPRAM OXALATO,30
2,0.8648,2267661.0,ETALPRAM 10mg x 30 COMP - (ESCITALOPRAM),<NINGUNO>,30.0,46874,ETALPRAM,10 mg,ESCITALOPRAM OXALATO,30
3,0.8204,2267661.0,ETALPRAM 10mg x 30 COMP - (ESCITALOPRAM),<NINGUNO>,30.0,42413,ETALPRAM,20 mg,ESCITALOPRAM OXALATO,30
1,0.81,2269675.0,MUPIROCINA 2% UNG x 15GR - AC FARMA,<NINGUNO>,1.0,57396,MUPIROCINA,2 %,MUPIROCINA CALCICA,1
2,0.8088,2269675.0,MUPIROCINA 2% UNG x 15GR - AC FARMA,<NINGUNO>,1.0,41557,MUPIROCINA,2 %,MUPIROCINA,1
3,0.8088,2269675.0,MUPIROCINA 2% UNG x 15GR - AC FARMA,<NINGUNO>,1.0,42955,MUPIROCINA,2 %,MUPIROCINA,1
1,0.9662,2270619.0,AMOXICLIN CL 12H 600/42.9mg SUSP. x 75ml,AMOXICILINA + ACIDO CLAV. JARABE,1.0,58237,AMOXICLIN CL 12H,600 mg + 42.9 mg/ 5 mL,ACIDO CLAVULANICO + AMOXICILINA TRIHIDRATO,1
2,0.9258,2270619.0,AMOXICLIN CL 12H 600/42.9mg SUSP. x 75ml,AMOXICILINA + ACIDO CLAV. JARABE,1.0,45863,AMOXICLIN,250 mg/ 5 mL,AMOXICILINA TRIHIDRATO,1
3,0.9172,2270619.0,AMOXICLIN CL 12H 600/42.9mg SUSP. x 75ml,AMOXICILINA + ACIDO CLAV. JARABE,1.0,40473,AMOXICLIN CL 12H,600 mg + 42.9 mg/ 5 mL,AMOXICILINA TRIHIDRATO + CLAVULANATO POTASICO,1
1,0.9361,2270726.0,ANALGESIUM 10mg x 100 TAB,KETOROLACO - TABLETA,100.0,46153,ANALGESIUM,10 mg,KETOROLACO TROMETAMOL,100
2,0.9361,2270726.0,ANALGESIUM 10mg x 100 TAB,KETOROLACO - TABLETA,100.0,59661,ANALGESIUM,10 mg,KETOROLACO TROMETAMINA,100
3,0.9361,2270726.0,ANALGESIUM 10mg x 100 TAB,KETOROLACO - TABLETA,100.0,61747,ANALGESIUM,10 mg,KETOROLACO TROMETAMINA,100
1,1.0049,2272312.0,NEURYL PLUS 0.5mg x 30 COMPRIDOS,CLONAZEPAN 0.5MG,30.0,41815,NEURYL PLUS,0.5 mg,CLONAZEPAM,30
2,0.8993,2272312.0,NEURYL PLUS 0.5mg x 30 COMPRIDOS,CLONAZEPAN 0.5MG,30.0,39980,NEURYL 0.5,0.5 mg,CLONAZEPAM,20
3,0.8993,2272312.0,NEURYL PLUS 0.5mg x 30 COMPRIDOS,CLONAZEPAN 0.5MG,30.0,39982,NEURYL 0.5,0.5 mg,CLONAZEPAM,120
1,0.8906,2272633.0,IRBESARTAN 300mg x 50 TAB - PORTUGAL,<NINGUNO>,50.0,50157,IRBESARTAN,300 mg,IRBESARTAN,50
2,0.8179,2272633.0,IRBESARTAN 300mg x 50 TAB - PORTUGAL,<NINGUNO>,50.0,49556,IRBESARTAN,150 mg,IRBESARTAN,50
1,0.8652,2280412.0,REVERTIR 120mg. x 30CAPS.,<NINGUNO>,30.0,51070,REVERTIR,120 mg,ORLISTAT,30
1,0.9167,2282319.0,CORTIFLEX 0.025% LOCION FCO x 60ml.,<NINGUNO>,1.0,53340,CORTIFLEX,0.025 %,TRIAMCINOLONA ACETONIDO,1
2,0.9167,2282319.0,CORTIFLEX 0.025% LOCION FCO x 60ml.,<NINGUNO>,1.0,56792,CORTIFLEX,0.025 %,TRIAMCINOLONA ACETONIDO,1
3,0.9167,2282319.0,CORTIFLEX 0.025% LOCION FCO x 60ml.,<NINGUNO>,1.0,60385,CORTIFLEX,0.025 %,TRIAMCINOLONA ACETONIDO,1
1,0.8662,2285875.0,QUETIAZIC 25mg x 30 COMPRIMIDOS,<NINGUNO>,30.0,41602,QUETIAZIC,25 mg,QUETIAPINA FUMARATO,30
2,0.8662,2285875.0,QUETIAZIC 25mg x 30 COMPRIMIDOS,<NINGUNO>,30.0,51735,QUETIAZIC,25 mg,QUETIAPINA FUMARATO,30
3,0.8085,2285875.0,QUETIAZIC 25mg x 30 COMPRIMIDOS,<NINGUNO>,30.0,41603,QUETIAZIC®,200 mg,QUETIAPINA FUMARATO,30
1,0.8818,2287889.0,MICOTERAT 250mg x 30 COMPRIMIDOS,<NINGUNO>,30.0,49542,MICOTERAT,250 mg,TERBINAFINA CLORHIDRATO,30
1,0.9041,2288254.0,LIDERMA 0.1% CREMA x 15gr,<NINGUNO>,1.0,42193,LIDERMA,0.1 %,ACEPONATO DE METILPREDNISOLONA,1
2,0.9041,2288254.0,LIDERMA 0.1% CREMA x 15gr,<NINGUNO>,1.0,59522,LIDERMA,0.1 %,ACEPONATO DE METILPREDNISOLONA,1
3,0.8969,2288254.0,LIDERMA 0.1% CREMA x 15gr,<NINGUNO>,1.0,41509,LIDERMA,0.1 %,METILPREDNISOLONA ACETATO,1
1,0.9152,2288361.0,NEOZOL 100mg x 15 CAP,<NINGUNO>,15.0,41517,NEOZOL,100 mg,ITRACONAZOL,15
1,0.8941,2288468.0,TOPICALM 0.05% CREMA TBO x 30gr,<NINGUNO>,1.0,38365,TOPICALM,0.05 %,17-PROPIONATO DE CLOBETASOL,1
2,0.8941,2288468.0,TOPICALM 0.05% CREMA TBO x 30gr,<NINGUNO>,1.0,41259,TOPICALM,0.05 %,17-PROPIONATO DE CLOBETASOL,1
3,0.8941,2288468.0,TOPICALM 0.05% CREMA TBO x 30gr,<NINGUNO>,1.0,41529,TOPICALM,0.05 %,17-PROPIONATO DE CLOBETASOL,1
1,0.8941,2288575.0,TOPICALM 0.05% LOCION FCO x 30ml,<NINGUNO>,1.0,38365,TOPICALM,0.05 %,17-PROPIONATO DE CLOBETASOL,1
2,0.8941,2288575.0,TOPICALM 0.05% LOCION FCO x 30ml,<NINGUNO>,1.0,41259,TOPICALM,0.05 %,17-PROPIONATO DE CLOBETASOL,1
3,0.8941,2288575.0,TOPICALM 0.05% LOCION FCO x 30ml,<NINGUNO>,1.0,41529,TOPICALM,0.05 %,17-PROPIONATO DE CLOBETASOL,1
1,0.9318,2289368.0,FLUCONAZOL 200mg CAJA x 5 CAP - COASPHARMA,FLUCONAZOL,5.0,38392,FLUCONAZOL,200 mg,FLUCONAZOL,4
2,0.9318,2289368.0,FLUCONAZOL 200mg CAJA x 5 CAP - COASPHARMA,FLUCONAZOL,5.0,42483,FLUCONAZOL,200 mg,FLUCONAZOL,4
3,0.9318,2289368.0,FLUCONAZOL 200mg CAJA x 5 CAP - COASPHARMA,FLUCONAZOL,5.0,52659,FLUCONAZOL,200 mg,FLUCONAZOL,4
1,0.9152,2291533.0,NEUROPENTIN 600mg CAJA x 20 TAB,<NINGUNO>,20.0,51006,NEUROPENTIN,600 mg,GABAPENTINA,20
2,0.8788,2291533.0,NEUROPENTIN 600mg CAJA x 20 TAB,<NINGUNO>,20.0,42257,NEUROPENTIN,300 mg,GABAPENTINA,20
3,0.8788,2291533.0,NEUROPENTIN 600mg CAJA x 20 TAB,<NINGUNO>,20.0,45044,NEUROPENTIN,400 mg,GABAPENTINA,20
1,0.8813,2293119.0,ROSUCOL 20mg CAJA x 30 TAB,<NINGUNO>,30.0,43833,ROSUCOL,20 mg,ROSUVASTATINA CALCICA,30
2,0.8369,2293119.0,ROSUCOL 20mg CAJA x 30 TAB,<NINGUNO>,30.0,43834,ROSUCOL,10 mg,ROSUVASTATINA CALCICA,30
1,0.8906,2293761.0,IRBESARTAN 150mg x 50 TAB - PORTUGAL,<NINGUNO>,50.0,42325,IRBESARTAN,150 mg,IRBESARTAN,50
2,0.8406,2293761.0,IRBESARTAN 150mg x 50 TAB - PORTUGAL,<NINGUNO>,50.0,43535,IRBESARTAN,150 mg,IRBESARTAN,20
3,0.8179,2293761.0,IRBESARTAN 150mg x 50 TAB - PORTUGAL,<NINGUNO>,50.0,44127,IRBESARTAN,300 mg,IRBESARTAN,50
1,1.0037,2294126.0,CEFADROXILO 500mg x 50 TAB - AC FARMA,CEFADROXILO 500MG.TABLETAS,50.0,43823,CEFADROXILO,500 mg,CEFADROXILO MONOHIDRATO,50
2,0.8719,2294126.0,CEFADROXILO 500mg x 50 TAB - AC FARMA,CEFADROXILO 500MG.TABLETAS,50.0,40691,CEFADROXILO,250 mg/ 5 mL,CEFADROXILO MONOHIDRATO,1
3,0.8537,2294126.0,CEFADROXILO 500mg x 50 TAB - AC FARMA,CEFADROXILO 500MG.TABLETAS,50.0,45738,CEFADROXILO,500 mg,CEFADROXILO MONOHIDRATO,100
1,0.8125,2294233.0,"LACTULOSA 3,3g./5ml. x 180ml. AC FARMA",<NINGUNO>,1.0,35005,LACTULOSA,3.3 g/ 5 mL,LACTULOSA,1
2,0.8125,2294233.0,"LACTULOSA 3,3g./5ml. x 180ml. AC FARMA",<NINGUNO>,1.0,47524,LACTULOSA,3.3 g/ 5 mL,LACTULOSA,1
3,0.8125,2294233.0,"LACTULOSA 3,3g./5ml. x 180ml. AC FARMA",<NINGUNO>,1.0,52195,LACTULOSA,3.3 g/ 5 mL,LACTULOSA,1
1,0.9393,2298368.0,CLORFENAMINA 10mg/1ml IM IV x 25 AMP - DANY,CLORFENAMINA AMPOLLA,25.0,59267,CLORFENAMINA,10 mg/ mL,CLORFENAMINA MALEATO,25
2,0.8893,2298368.0,CLORFENAMINA 10mg/1ml IM IV x 25 AMP - DANY,CLORFENAMINA AMPOLLA,25.0,42690,CLORFENAMINA,10 mg/ mL,CLORFENAMINA MALEATO,100
3,0.8893,2298368.0,CLORFENAMINA 10mg/1ml IM IV x 25 AMP - DANY,CLORFENAMINA AMPOLLA,25.0,54885,CLORFENAMINA,10 mg/ mL,CLORFENAMINA MALEATO,100
1,1.0,2298803.0,MIXEL 2% SUSP x 60 ml,NITAZOXANIDA,1.0,49442,MIXEL,2 %,NITAZOXANIDA,1
2,1.0,2298803.0,MIXEL 2% SUSP x 60 ml,NITAZOXANIDA,1.0,49443,MIXEL,2 %,NITAZOXANIDA,1
3,0.8423,2298803.0,MIXEL 2% SUSP x 60 ml,NITAZOXANIDA,1.0,47391,MIXEL,500 mg,NITAZOXANIDA,6
1,0.8395,2299703.0,FEMSTAT 100mg CJA x 3 OVULOS VAGINALES,<NINGUNO>,1.0,4764,FEMSTAT,100 mg,BUTOCONAZOL NITRATO,3
2,0.8395,2299703.0,FEMSTAT 100mg CJA x 3 OVULOS VAGINALES,<NINGUNO>,1.0,41126,FEMSTAT,100 mg,BUTOCONAZOL NITRATO,3
1,0.8591,2300035.0,AMOXICLIN CL 500mg/125mg x 48 TAB,AMOXICILINA + ACIDO CLAV. - TABLETA,48.0,49435,AMOXICLIN CL 500,500 mg + 125 mg,ACIDO CLAVULANICO + AMOXICILINA,48
1,1.0,2300463.0,MICO DERMASAN 1% TUBO x 20 GR,CLOTRIMAZOL - CREMA,1.0,38716,MICO DERMASAN,1 %,CLOTRIMAZOL,1
2,1.0,2300463.0,MICO DERMASAN 1% TUBO x 20 GR,CLOTRIMAZOL - CREMA,1.0,55335,MICO DERMASAN,1 %,CLOTRIMAZOL,1
1,0.8706,2301042.0,BETASERC 24mg x 20 TAB,<NINGUNO>,20.0,43963,BETASERC,24 mg,DICLORHIDRATO DE BETAHISTINA,20
1,0.9857,2305719.0,BRONCO AMOXIDIN 250mg/5ml x 60ml SUSP.,AMOXICILINA JARABE,1.0,44137,BRONCO AMOXIDIN,125 mg + 150 mg/ 5 mL,AMOXICILINA TRIHIDRATO + CARBOCISTEINA,1
2,0.9601,2305719.0,BRONCO AMOXIDIN 250mg/5ml x 60ml SUSP.,AMOXICILINA JARABE,1.0,48640,BRONCO AMOXIDIN NF,250 mg/ 5 mL,AMOXICILINA TRIHIDRATO,1
3,0.9515,2305719.0,BRONCO AMOXIDIN 250mg/5ml x 60ml SUSP.,AMOXICILINA JARABE,1.0,50861,BRONCO AMOXIDIN 500,500 mg + 150 mg/ 5 mL,AMOXICILINA,1
1,0.9278,2305826.0,POSULEN 90mg CAJA x 6 OVULOS,<NINGUNO>,6.0,44908,POSULEN,90 mg,POLICRESULENO,6
1,0.9318,2306940.0,PARANITAXZ 500mg x 6 TAB,NITAZOXANIDA,1.0,40748,PARANITAXZ,500 mg,NITAZOXANIDA,6
2,0.9318,2306940.0,PARANITAXZ 500mg x 6 TAB,NITAZOXANIDA,1.0,47425,PARANITAXZ,500 mg,NITAZOXANIDA,6
1,1.0089,2307084.0,ZATRIX 2mg x 20TAB,CLONAZEPAN 2MG,20.0,40426,ZATRIX,2 mg,CLONAZEPAM,20
2,0.9589,2307084.0,ZATRIX 2mg x 20TAB,CLONAZEPAN 2MG,20.0,40424,ZATRIX,2 mg,CLONAZEPAM,100
3,0.9264,2307084.0,ZATRIX 2mg x 20TAB,CLONAZEPAN 2MG,20.0,40428,ZATRIX,0.5 mg,CLONAZEPAM,20
1,0.9118,2308198.0,BONIL 150mg CAJA x 1 TAB,<NINGUNO>,1.0,42274,BONIL,150 mg,IBANDRONATO SODICO,1
2,0.8618,2308198.0,BONIL 150mg CAJA x 1 TAB,<NINGUNO>,1.0,40383,BONIL,150 mg,IBANDRONATO SODICO,2
1,0.8866,2309961.0,ACOXX 90mg CAJA x 14 TAB,<NINGUNO>,14.0,43378,ACOXX,90 mg,ETORICOXIB,14
2,0.8422,2309961.0,ACOXX 90mg CAJA x 14 TAB,<NINGUNO>,14.0,43377,ACOXX,60 mg,ETORICOXIB,14
1,0.8906,2310042.0,ACOXX 120mg CAJA x 7 TAB,<NINGUNO>,7.0,43379,ACOXX,120 mg,ETORICOXIB,7
1,0.9818,2310577.0,FLUDYCISTEINA 200mg CAJA x 30 SOBRES,ACETILCISTEINA ORAL,30.0,50896,FLUDYCISTEINA,200 mg,ACETILCISTEINA,30
2,0.9455,2310577.0,FLUDYCISTEINA 200mg CAJA x 30 SOBRES,ACETILCISTEINA ORAL,30.0,50897,FLUDYCISTEINA,600 mg,ACETILCISTEINA,30
3,0.8955,2310577.0,FLUDYCISTEINA 200mg CAJA x 30 SOBRES,ACETILCISTEINA ORAL,30.0,58359,FLUDYCISTEINA,600 mg,ACETILCISTEINA,32
1,0.8833,2312163.0,AMPICILINA 1gr x 100 TAB - COASPHARMA,AMPICILINA AMPOLLA,100.0,43695,AMPICILINA,1 g,AMPICILINA,25
2,0.8833,2312163.0,AMPICILINA 1gr x 100 TAB - COASPHARMA,AMPICILINA AMPOLLA,100.0,49900,AMPICILINA,1 g,AMPICILINA,10
3,0.8444,2312163.0,AMPICILINA 1gr x 100 TAB - COASPHARMA,AMPICILINA AMPOLLA,100.0,48564,AMPICILINA,500 mg,AMPICILINA,100
1,0.9409,2313712.0,AMOXICLIN CL 12H 875mg x 14 TAB,AMOXICILINA + ACIDO CLAV. - TABLETA,14.0,40472,AMOXICLIN DUO,875 mg,AMOXICILINA,50
2,0.9409,2313712.0,AMOXICLIN CL 12H 875mg x 14 TAB,AMOXICILINA + ACIDO CLAV. - TABLETA,14.0,40487,AMOXICLIN DUO,875 mg,AMOXICILINA,15
3,0.932,2313712.0,AMOXICLIN CL 12H 875mg x 14 TAB,AMOXICILINA + ACIDO CLAV. - TABLETA,14.0,34598,AMOXICLIN CL 12H,875 mg + 125 mg,AMOXICILINA TRIHIDRATO + CLAVULANATO POTASICO,14
1,0.8032,2316947.0,NOGESTROL 1 x 1 TAB (LEVONORGESTREL 1.5mg),PILDORA DE EMERGENCIA,1.0,43357,NOGESTROL 1,1.5 mg,LEVONORGESTREL,1
1,1.0455,2317205.0,FLUIBRONCOL 100mg FRASCO x 120ml,ACETILCISTEINA JARABE,1.0,35450,FLUIBRONCOL,100 mg/ 5 mL,ACETILCISTEINA,1
2,1.0455,2317205.0,FLUIBRONCOL 100mg FRASCO x 120ml,ACETILCISTEINA JARABE,1.0,55206,FLUIBRONCOL,100 mg/ 5 mL,ACETILCISTEINA,1
3,0.9773,2317205.0,FLUIBRONCOL 100mg FRASCO x 120ml,ACETILCISTEINA JARABE,1.0,50434,FLUIBRONCOL,300 mg/ 3 mL,ACETILCISTEINA,3
1,0.9455,2317419.0,FLUDYCISTEINA 100mg FRASCO x 120ml,ACETILCISTEINA JARABE,1.0,44314,FLUDYCISTEINA,100 mg/ 5 mL,ACETILCISTEINA,1
2,0.9455,2317419.0,FLUDYCISTEINA 100mg FRASCO x 120ml,ACETILCISTEINA JARABE,1.0,61936,FLUDYCISTEINA,100 mg/ 5 mL,ACETILCISTEINA,1
3,0.8441,2317419.0,FLUDYCISTEINA 100mg FRASCO x 120ml,ACETILCISTEINA JARABE,1.0,50896,FLUDYCISTEINA,200 mg,ACETILCISTEINA,30
1,0.88,2317526.0,FLAMALGESICO SUSPENSION x 60ml,IBUPROFENO JARABE,1.0,38744,FLAMALGESICO,100 mg/ 5 mL,IBUPROFENO,1
2,0.83,2317526.0,FLAMALGESICO SUSPENSION x 60ml,IBUPROFENO JARABE,1.0,50898,FLAMALGESICO,400 mg,IBUPROFENO,100
1,0.8462,2318105.0,EYEMICIN 0.3% FRASCO x 10ml,<NINGUNO>,1.0,40732,EYEMICIN,0.3 %,GENTAMICINA SULFATO,1
1,0.9167,2318426.0,AZIFAR 200mg FRASCO x 30ml,AZITROMICINA JARABE,1.0,35308,AZIFAR,200 mg/ 5 mL,AZITROMICINA DIHIDRATO,1
2,0.9167,2318426.0,AZIFAR 200mg FRASCO x 30ml,AZITROMICINA JARABE,1.0,44313,AZIFAR,200 mg/ 5 mL,AZITROMICINA DIHIDRATO,1
3,0.9167,2318426.0,AZIFAR 200mg FRASCO x 30ml,AZITROMICINA JARABE,1.0,47277,AZIFAR,200 mg/ 5 mL,AZITROMICINA DIHIDRATO,1
1,0.9423,2319861.0,CLOBETASOL 0.05% CREMA x 30gr - GEN FAR,CLOBETASOL CREMA,1.0,37896,CLOBETASOL,0.05 %,17-PROPIONATO DE CLOBETASOL,1
2,0.9423,2319861.0,CLOBETASOL 0.05% CREMA x 30gr - GEN FAR,CLOBETASOL CREMA,1.0,38123,CLOBETASOL,0.05 %,17-PROPIONATO DE CLOBETASOL,1
3,0.9423,2319861.0,CLOBETASOL 0.05% CREMA x 30gr - GEN FAR,CLOBETASOL CREMA,1.0,41549,CLOBETASOL,0.05 %,17-PROPIONATO DE CLOBETASOL,1
1,0.8895,2320805.0,LOSAPRESAN 50mg CAJA x 30 TAB,LOSARTAN 50MG TAB,30.0,49948,LOSAPRESAN,50 mg,LOSARTAN POTASICO,30
2,0.8895,2320805.0,LOSAPRESAN 50mg CAJA x 30 TAB,LOSARTAN 50MG TAB,30.0,52798,LOSAPRESAN,50 mg,LOSARTAN POTASICO,30
1,0.8351,2322819.0,ZETIX 10mg/1ml SOL. ORAL GOTAS x 15ml,<NINGUNO>,1.0,40442,ZETIX,10 mg/ mL,CETIRIZINA CLORHIDRATO,1
2,0.8017,2322819.0,ZETIX 10mg/1ml SOL. ORAL GOTAS x 15ml,<NINGUNO>,1.0,39410,ZETIX,5 mg/ 5 mL,CETIRIZINA CLORHIDRATO,1
3,0.8017,2322819.0,ZETIX 10mg/1ml SOL. ORAL GOTAS x 15ml,<NINGUNO>,1.0,60256,ZETIX,5 mg/ 5 mL,CETIRIZINA CLORHIDRATO,1
1,0.8568,2323498.0,KOPODEX 500mg CAJA x 30 COMPRIMIDOS,<NINGUNO>,30.0,39059,KOPODEX,500 mg,LEVETIRACETAM,30
2,0.8083,2323498.0,KOPODEX 500mg CAJA x 30 COMPRIMIDOS,<NINGUNO>,30.0,39060,KOPODEX,1000 mg,LEVETIRACETAM,30
1,0.8391,2323505.0,ERGICO 2.5mg/5ML FRASCO x 60ml,<NINGUNO>,1.0,43727,ERGICO,2.5 mg/ 5 mL,DESLORATADINA,1
1,0.9818,2324940.0,GEMFIBROLIP 600mg CAJA x 20 TAB,GEMFIBROZILO - TABLETA,20.0,48684,GEMFIBROLIP,600 mg,GEMFIBROZILO,20
1,0.9402,2325191.0,CEFALEXINA 500mg x 100 TAB - AC FARMA,CEFALEXINA TABLETA,100.0,37770,CEFALEXINA,500 mg,CEFALEXINA MONOHIDRATO,100
2,0.9402,2325191.0,CEFALEXINA 500mg x 100 TAB - AC FARMA,CEFALEXINA TABLETA,100.0,39036,CEFALEXINA,500 mg,CEFALEXINA MONOHIDRATO,100
3,0.9402,2325191.0,CEFALEXINA 500mg x 100 TAB - AC FARMA,CEFALEXINA TABLETA,100.0,41548,CEFALEXINA,500 mg,CEFALEXINA MONOHIDRATO,100
1,0.9402,2328112.0,CEFABRONCOL - S 500mg CAJA x 80 CAP,CEFALEXINA TABLETA,80.0,45696,CEFABRONCOL-S,500 mg,CEFALEXINA MONOHIDRATO,80
2,0.8902,2328112.0,CEFABRONCOL - S 500mg CAJA x 80 CAP,CEFALEXINA TABLETA,80.0,60673,CEFABRONCOL-S,500 mg,CEFALEXINA MONOHIDRATO,60
3,0.8083,2328112.0,CEFABRONCOL - S 500mg CAJA x 80 CAP,CEFALEXINA TABLETA,80.0,45374,CEFABRONCOL-S,250 mg/ 5 mL,CEFALEXINA MONOHIDRATO,1
1,0.9273,2328433.0,AMIKABIOT 1gr x 3 AMP,AMIKACINA AMPOLLA,3.0,46189,AMIKABIOT,1 g/ 4 mL,AMIKACINA SULFATO,3
2,0.8831,2328433.0,AMIKABIOT 1gr x 3 AMP,AMIKACINA AMPOLLA,3.0,35492,AMIKABIOT,500 mg/ 2 mL,AMIKACINA SULFATO,3
3,0.8831,2328433.0,AMIKABIOT 1gr x 3 AMP,AMIKACINA AMPOLLA,3.0,44687,AMIKABIOT,250 mg/ 2 mL,AMIKACINA SULFATO,3
1,1.0818,2329119.0,REFRAXOL 100mg CAJA x 30 TAB,CLOZAPINA 100MG,30.0,40029,REFRAXOL,100 mg,CLOZAPINA,30
1,0.8833,2329226.0,PRIPAX 75mg CAJA x 10 CAP,<NINGUNO>,10.0,44285,PRIPAX,75 mg,PREGABALINA,10
2,0.8256,2329226.0,PRIPAX 75mg CAJA x 10 CAP,<NINGUNO>,10.0,44284,PRIPAX,150 mg,PREGABALINA,10
1,0.8565,2329440.0,FUROXINOL 250mg/5ml FRASCO x 70ml,<NINGUNO>,1.0,38373,FUROXINOL,250 mg/ 5 mL,CEFUROXIMA AXETIL,1
2,0.8565,2329440.0,FUROXINOL 250mg/5ml FRASCO x 70ml,<NINGUNO>,1.0,40323,FUROXINOL,250 mg/ 5 mL,CEFUROXIMA AXETIL,1
1,0.8366,2331384.0,AXONA SPRAY NASAL 50mcg x 120 DOSIS,<NINGUNO>,1.0,44733,AXONA,50 mcg/ dosis,FLUTICASONA PROPIONATO,1
1,0.8874,2335198.0,DICETEL 100mg CAJA x 14 TAB,<NINGUNO>,14.0,45455,DICETEL,100 mg,BROMURO DE PINAVERIO,14
1,0.9333,2339554.0,CLORURO DE SODIO 0.9% x 250ml-ACULIFE,<NINGUNO>,1.0,52965,CLORURO DE SODIO,0.9 %,CLORURO DE SODIO,1
2,0.9333,2339554.0,CLORURO DE SODIO 0.9% x 250ml-ACULIFE,<NINGUNO>,1.0,59112,CLORURO DE SODIO,0.9 %,CLORURO DE SODIO,1
3,0.9333,2339554.0,CLORURO DE SODIO 0.9% x 250ml-ACULIFE,<NINGUNO>,1.0,61923,CLORURO DE SODIO,0.9 %,CLORURO DE SODIO,1
1,0.9747,2339768.0,DORMEX 7.5mg CAJA x 20 COMPRIMIDOS,ZOPLICONA 7.5MG TAB,20.0,49134,DORMEX,7.5 mg,ZOPICLONA,20
1,0.9139,2340712.0,AMOXIORAL 250mg SUSPENSION x 60ml,AMOXICILINA CAPSULA,1.0,50248,AMOXIORAL®,250 mg/ 5 mL,AMOXICILINA TRIHIDRATO,1
2,0.8115,2340712.0,AMOXIORAL 250mg SUSPENSION x 60ml,AMOXICILINA CAPSULA,1.0,43042,AMOXIORAL,500 mg,AMOXICILINA TRIHIDRATO,100
1,0.8088,2340819.0,MUPIDERM 2% UNGUENTO x 15gr - SHERFARMA,<NINGUNO>,1.0,46190,MUPIDERM,2 %,MUPIROCINA,1
2,0.8088,2340819.0,MUPIDERM 2% UNGUENTO x 15gr - SHERFARMA,<NINGUNO>,1.0,52044,MUPIDERM,2 %,MUPIROCINA,1
1,0.9778,2340926.0,ANTIPRED 20mg CAJA x 100 TAB - SHERFARMA,PREDNISONA 20MG - TABLETA,100.0,35434,ANTIPRED,20 mg,PREDNISONA,100
2,0.9778,2340926.0,ANTIPRED 20mg CAJA x 100 TAB - SHERFARMA,PREDNISONA 20MG - TABLETA,100.0,44948,ANTIPRED,20 mg,PREDNISONA,100
3,0.9778,2340926.0,ANTIPRED 20mg CAJA x 100 TAB - SHERFARMA,PREDNISONA 20MG - TABLETA,100.0,47446,ANTIPRED,20 mg,PREDNISONA,100
1,0.8108,2341070.0,METROFLAXYL 500mg CAJA x 20 TAB,<NINGUNO>,20.0,39811,METROFLAXYL,500 mg,METRONIDAZOL,20
2,0.8108,2341070.0,METROFLAXYL 500mg CAJA x 20 TAB,<NINGUNO>,20.0,44949,METROFLAXYL,500 mg,METRONIDAZOL,20
3,0.8108,2341070.0,METROFLAXYL 500mg CAJA x 20 TAB,<NINGUNO>,20.0,47459,METROFLAXYL,500 mg,METRONIDAZOL,20
1,0.8963,2341391.0,ASPIRINA 100mg x 100 TABLETAS,ACIDO ACETIL SALICILICO,100.0,46469,ASPIRINA 100,100 mg,ACIDO ACETILSALICILICO,100
2,0.86,2341391.0,ASPIRINA 100mg x 100 TABLETAS,ACIDO ACETIL SALICILICO,100.0,34214,ASPIRINA,500 mg,ACIDO ACETILSALICILICO,100
3,0.86,2341391.0,ASPIRINA 100mg x 100 TABLETAS,ACIDO ACETIL SALICILICO,100.0,56867,ASPIRINA,500 mg,ACIDO ACETILSALICILICO,100
1,0.859,2341505.0,DURASIL 60mg CAJA x 4 TAB,<NINGUNO>,4.0,45942,DURASIL,60 mg,CLORHIDRATO DE DAPOXETINA,4
2,0.859,2341505.0,DURASIL 60mg CAJA x 4 TAB,<NINGUNO>,4.0,61666,DURASIL,60 mg,CLORHIDRATO DE DAPOXETINA,4
3,0.8146,2341505.0,DURASIL 60mg CAJA x 4 TAB,<NINGUNO>,4.0,45941,DURASIL,30 mg,CLORHIDRATO DE DAPOXETINA,4
1,0.8866,2343191.0,ETOX 90mg x 14 TABLETAS,<NINGUNO>,14.0,45435,ETOX,90 mg,ETORICOXIB,14
2,0.8866,2343191.0,ETOX 90mg x 14 TABLETAS,<NINGUNO>,14.0,60096,ETOX,90 mg,ETORICOXIB,14
3,0.8422,2343191.0,ETOX 90mg x 14 TABLETAS,<NINGUNO>,14.0,45433,ETOX,60 mg,ETORICOXIB,14
1,0.8906,2343298.0,ETOX 120mg x 7 TAB,<NINGUNO>,7.0,45436,ETOX,120 mg,ETORICOXIB,7
2,0.8406,2343298.0,ETOX 120mg x 7 TAB,<NINGUNO>,7.0,45437,ETOX,120 mg,ETORICOXIB,14
3,0.8288,2343298.0,ETOX 120mg x 7 TAB,<NINGUNO>,7.0,45432,ETOX,60 mg,ETORICOXIB,7
1,1.0434,2343947.0,AMOXICLIN 500mg x 96 TAB,AMOXICILINA CAPSULA,96.0,42496,AMOXICLIN,500 mg,AMOXICILINA TRIHIDRATO,96
2,0.9365,2343947.0,AMOXICLIN 500mg x 96 TAB,AMOXICILINA CAPSULA,96.0,49433,AMOXICLIN,500 mg/ 5 mL,AMOXICILINA TRIHIDRATO,1
3,0.9365,2343947.0,AMOXICLIN 500mg x 96 TAB,AMOXICILINA CAPSULA,96.0,51569,AMOXICLIN,500 mg/ 5 mL,AMOXICILINA TRIHIDRATO,1
1,0.8906,2344198.0,ANEMIUS SOL. ORAL GOTAS x 20ml,HIERRO POLIMALTOSADO,1.0,44737,ANEMIUS,50 mg/ mL,COMPLEJO DE HIDROXIDO DE HIERRO (III) POLIMALTOSO,1
1,0.9568,2344205.0,ACEMUK 600mg CAJA x 20 COMP. EFERV. BLISTER,ACETILCISTEINA ORAL,20.0,44734,ACEMUK 600,600 mg,ACETILCISTEINA,20
2,0.93,2344205.0,ACEMUK 600mg CAJA x 20 COMP. EFERV. BLISTER,ACETILCISTEINA ORAL,20.0,30183,ACEMUK,2 g/ 100 mL,ACETILCISTEINA,1
3,0.9068,2344205.0,ACEMUK 600mg CAJA x 20 COMP. EFERV. BLISTER,ACETILCISTEINA ORAL,20.0,40502,ACEMUK 600,600 mg,ACETILCISTEINA,10
1,0.9,2345105.0,IBUPROFENO JBE x 120ml - COASPHARMA,IBUPROFENO JARABE,1.0,27717,IBUPROFENO,100 mg/ 5 mL,IBUPROFENO,1
2,0.9,2345105.0,IBUPROFENO JBE x 120ml - COASPHARMA,IBUPROFENO JARABE,1.0,27718,IBUPROFENO,100 mg/ 5 mL,IBUPROFENO,1
3,0.9,2345105.0,IBUPROFENO JBE x 120ml - COASPHARMA,IBUPROFENO JARABE,1.0,37077,IBUPROFENO,100 mg/ 5 mL,IBUPROFENO,1
1,0.8906,2346219.0,MESARTIN 150mg CAJA x 30 COMPRIMIDOS,<NINGUNO>,30.0,41510,MESARTIN,150 mg,IRBESARTAN,30
2,0.8906,2346219.0,MESARTIN 150mg CAJA x 30 COMPRIMIDOS,<NINGUNO>,30.0,61145,MESARTIN,150 mg,IRBESARTAN,30
3,0.8179,2346219.0,MESARTIN 150mg CAJA x 30 COMPRIMIDOS,<NINGUNO>,30.0,41511,MESARTIN,300 mg,IRBESARTAN,30
1,0.8714,2348019.0,GALANTINA 8mg CAJA x 10 CAP,<NINGUNO>,10.0,45497,GALANTINA,8 mg,GALANTAMINA BROMHIDRATO,10
2,0.8214,2348019.0,GALANTINA 8mg CAJA x 10 CAP,<NINGUNO>,10.0,45057,GALANTINA,8 mg,GALANTAMINA BROMHIDRATO,30
3,0.8214,2348019.0,GALANTINA 8mg CAJA x 10 CAP,<NINGUNO>,10.0,45058,GALANTINA,8 mg,GALANTAMINA BROMHIDRATO,100
1,0.9393,2348340.0,DICLOFENACO 50mg x 100 TAB - IQFARMA,DICLOFENACO - TABLETA,100.0,43367,DICLOFENACO,50 mg,DICLOFENACO SODICO,100
2,0.9393,2348340.0,DICLOFENACO 50mg x 100 TAB - IQFARMA,DICLOFENACO - TABLETA,100.0,49641,DICLOFENACO,50 mg,DICLOFENACO SODICO,100
3,0.9393,2348340.0,DICLOFENACO 50mg x 100 TAB - IQFARMA,DICLOFENACO - TABLETA,100.0,52870,DICLOFENACO,50 mg,DICLOFENACO SODICO,100
1,0.8267,2348768.0,TRAYENTA 5mg CAJA x 30 COMPRIMIDOS,<NINGUNO>,30.0,32744,TRAYENTA,5 mg,LINAGLIPTINA,30
2,0.8267,2348768.0,TRAYENTA 5mg CAJA x 30 COMPRIMIDOS,<NINGUNO>,30.0,45597,TRAYENTA,5 mg,LINAGLIPTINA,30
3,0.8267,2348768.0,TRAYENTA 5mg CAJA x 30 COMPRIMIDOS,<NINGUNO>,30.0,60978,TRAYENTA,5 mg,LINAGLIPTINA,30
1,0.8615,2350284.0,DOXY 100 LG CAJA x 10 CAP,DOXICICLINA TABLETA,10.0,46595,DOXY 100 LG,100 mg,DOXICICLINA HICLATO,10
2,0.8115,2350284.0,DOXY 100 LG CAJA x 10 CAP,DOXICICLINA TABLETA,10.0,43991,DOXY 100,100 mg,DOXICICLINA HICLATO,100
3,0.8115,2350284.0,DOXY 100 LG CAJA x 10 CAP,DOXICICLINA TABLETA,10.0,47179,DOXY 100,100 mg,DOXICICLINA HICLATO,30
1,0.8813,2350391.0,TALENTUM 10mg CAJA x 30 COMPRIMIDOS,<NINGUNO>,30.0,43347,TALENTUM,10 mg,MEMANTINA CLORHIDRATO,30
1,0.8032,2350826.0,FLUTICASONA 50MCG - C/AEROSOL -,<NINGUNO>,1.0,47753,FLUTICASONA,125 mmcg/ dosis,FLUTICASONA PROPIONATO,1
1,0.9318,2352626.0,NITOXADIN 500mg CAJA x 6 TAB,NITAZOXANIDA,1.0,44761,NITOXADIN,500 mg,NITAZOXANIDA,6
2,0.9318,2352626.0,NITOXADIN 500mg CAJA x 6 TAB,NITAZOXANIDA,1.0,49535,NITOXADIN,500 mg,NITAZOXANIDA,6
3,0.9,2352626.0,NITOXADIN 500mg CAJA x 6 TAB,NITAZOXANIDA,1.0,42366,NITOXADIN,100 mg/ 5 mL,NITAZOXANIDA,1
1,0.8125,2353312.0,MEDIBETA 0.05% CREMA x 20gr,<NINGUNO>,1.0,38743,MEDIBETA,0.05 %,BETAMETASONA DIPROPIONATO,1
2,0.8125,2353312.0,MEDIBETA 0.05% CREMA x 20gr,<NINGUNO>,1.0,44834,MEDIBETA,0.05 %,BETAMETASONA DIPROPIONATO,1
1,0.8152,2353419.0,GAPETINA 300mg CAJA x 30 CAP,<NINGUNO>,30.0,50961,GAPETINA,300 mg,GABAPENTINA,30
1,0.8949,2354747.0,DICLOFENACO 75mg x 100 AMP - PHARMAGEN,DICLOFENACO - AMPOLLA,100.0,43367,DICLOFENACO,50 mg,DICLOFENACO SODICO,100
2,0.8949,2354747.0,DICLOFENACO 75mg x 100 AMP - PHARMAGEN,DICLOFENACO - AMPOLLA,100.0,49641,DICLOFENACO,50 mg,DICLOFENACO SODICO,100
3,0.8949,2354747.0,DICLOFENACO 75mg x 100 AMP - PHARMAGEN,DICLOFENACO - AMPOLLA,100.0,52870,DICLOFENACO,50 mg,DICLOFENACO SODICO,100
1,0.8787,2354961.0,PRAIVA 400mg CAJA x 7 UNID,<NINGUNO>,7.0,46902,PRAIVA,400 mg,MOXIFLOXACINO CLORHIDRATO,7
2,0.8787,2354961.0,PRAIVA 400mg CAJA x 7 UNID,<NINGUNO>,7.0,53880,PRAIVA,400 mg,MOXIFLOXACINO CLORHIDRATO,7
1,0.9778,2355005.0,TRAMADOL 50mg x 10 TAB - IQFARMA,TRAMADOL 50MG TAB,10.0,46714,TRAMADOL,50 mg,TRAMADOL,10
2,0.9278,2355005.0,TRAMADOL 50mg x 10 TAB - IQFARMA,TRAMADOL 50MG TAB,10.0,59113,TRAMADOL,50 mg,TRAMADOL,100
3,0.8878,2355005.0,TRAMADOL 50mg x 10 TAB - IQFARMA,TRAMADOL 50MG TAB,10.0,40214,TRAMADOL,50 mg,CLORHIDRATO DE TRAMADOL,10
1,0.91,2355219.0,MUPIROX 2% CREMA TUBO x 15gr,<NINGUNO>,1.0,53152,MUPIROX,2 %,MUPIROCINA CALCICA,1
2,0.9088,2355219.0,MUPIROX 2% CREMA TUBO x 15gr,<NINGUNO>,1.0,38531,MUPIROX,2 %,MUPIROCINA,1
1,0.8432,2355647.0,DILTIAZEM 60mg CAJA x 20 TAB - FARMINDUSTRIA,DILTIAZEN 60MG  - TABLETA,20.0,39721,DILTIAZEM,60 mg,DILTIAZEM CLORHIDRATO,20
2,0.8432,2355647.0,DILTIAZEM 60mg CAJA x 20 TAB - FARMINDUSTRIA,DILTIAZEN 60MG  - TABLETA,20.0,45257,DILTIAZEM,60 mg,DILTIAZEM CLORHIDRATO,20
3,0.8432,2355647.0,DILTIAZEM 60mg CAJA x 20 TAB - FARMINDUSTRIA,DILTIAZEN 60MG  - TABLETA,20.0,58430,DILTIAZEM,60 mg,DILTIAZEM CLORHIDRATO,20
1,0.8,2356333.0,TERBISPOR 1% CREMA x 20gr - SHERFARMA,<NINGUNO>,1.0,46229,TERBISPOR,1 %,TERBINAFINA CLORHIDRATO,1
2,0.8,2356333.0,TERBISPOR 1% CREMA x 20gr - SHERFARMA,<NINGUNO>,1.0,54892,TERBISPOR,1 %,TERBINAFINA CLORHIDRATO,1
1,0.823,2356654.0,TOSALFLEM JBE x 120ml,PSEUDOEFREDRINA JARABE,1.0,45768,TOSALFLEM,1.25 mg + 30 mg + 10 mg,BROMHIDRATO DE DEXTROMETORFANO MONOHIDRATO + CLORHIDRATO DE PSEUDOEFEDRINA + TRIPROLIDINA CLORHIDRATO MONOHIDRATO,1
1,0.9167,2356761.0,AMIGDAZOL B 0.15% SPRAY FCO x 20ml,<NINGUNO>,1.0,43705,AMIGDAZOL B,0.15 %,BENCIDAMINA CLORHIDRATO,1
1,0.8056,2357661.0,KETOFUNGOL 2% CREMA x 20gr,<NINGUNO>,1.0,35257,KETOFUNGOL,2 %,KETOCONAZOL,1
2,0.8056,2357661.0,KETOFUNGOL 2% CREMA x 20gr,<NINGUNO>,1.0,46197,KETOFUNGOL,2 %,KETOCONAZOL,1
1,0.8659,2357875.0,METFORSIL 1000mg CAJA x 30 TAB,<NINGUNO>,30.0,47196,METFORSIL,1000 mg,CLORHIDRATO DE METFORMINA,30
2,0.8146,2357875.0,METFORSIL 1000mg CAJA x 30 TAB,<NINGUNO>,30.0,47198,METFORSIL,500 mg,CLORHIDRATO DE METFORMINA,30
1,0.8631,2357982.0,METFORSIL 750mg CAJA x 30 TAB,<NINGUNO>,30.0,47197,METFORSIL,750 mg,CLORHIDRATO DE METFORMINA,30
2,0.8267,2357982.0,METFORSIL 750mg CAJA x 30 TAB,<NINGUNO>,30.0,47198,METFORSIL,500 mg,CLORHIDRATO DE METFORMINA,30
1,0.8631,2358026.0,METFORSIL 500mg CAJA x 30 TAB,<NINGUNO>,30.0,47198,METFORSIL,500 mg,CLORHIDRATO DE METFORMINA,30
2,0.8267,2358026.0,METFORSIL 500mg CAJA x 30 TAB,<NINGUNO>,30.0,47197,METFORSIL,750 mg,CLORHIDRATO DE METFORMINA,30
3,0.8146,2358026.0,METFORSIL 500mg CAJA x 30 TAB,<NINGUNO>,30.0,47196,METFORSIL,1000 mg,CLORHIDRATO DE METFORMINA,30
1,0.9,2359354.0,PANADOL ANTIGRIPAL CAJA x 104 TAB - (52 SOBRES x 2),PARACETAMOL 500MG.TABLETAS,52.0,54413,PANADOL,500 mg,PARACETAMOL,52
2,0.85,2359354.0,PANADOL ANTIGRIPAL CAJA x 104 TAB - (52 SOBRES x 2),PARACETAMOL 500MG.TABLETAS,52.0,55728,PANADOL,100 mg/ mL,PARACETAMOL,1
3,0.85,2359354.0,PANADOL ANTIGRIPAL CAJA x 104 TAB - (52 SOBRES x 2),PARACETAMOL 500MG.TABLETAS,52.0,56314,PANADOL,80 mg,PARACETAMOL,100
1,1.0023,2360077.0,LEXIN 250mg/5ml SUSPENSION FRASCO x 60ml,CEFALEXINA JARABE,1.0,6756,LEXIN,250 mg/ 5 mL,CEFALEXINA MONOHIDRATO,1
2,1.0023,2360077.0,LEXIN 250mg/5ml SUSPENSION FRASCO x 60ml,CEFALEXINA JARABE,1.0,23056,LEXIN,250 mg/ 5 mL,CEFALEXINA MONOHIDRATO,1
3,1.0023,2360077.0,LEXIN 250mg/5ml SUSPENSION FRASCO x 60ml,CEFALEXINA JARABE,1.0,43819,LEXIN,250 mg/ 5 mL,CEFALEXINA MONOHIDRATO,1
1,0.8802,2360184.0,TELDANE 180mg CAJA x 10 TAB,<NINGUNO>,10.0,45151,TELDANE,180 mg,FEXOFENADINA CLORHIDRATO,10
1,0.8763,2360291.0,TIAZID 12.5mg CAJA x 30 TAB,<NINGUNO>,30.0,42302,TIAZID,12.5 mg,HIDROCLOROTIAZIDA,30
2,0.8371,2360291.0,TIAZID 12.5mg CAJA x 30 TAB,<NINGUNO>,30.0,40514,TIAZID,25 mg,HIDROCLOROTIAZIDA,30
3,0.8263,2360291.0,TIAZID 12.5mg CAJA x 30 TAB,<NINGUNO>,30.0,57153,TIAZID,12.5 mg,HIDROCLOROTIAZIDA,100
1,0.8934,2360405.0,CEPIRON 12.5mg CAJA x 30 TAB,<NINGUNO>,30.0,44449,CEPIRON,12.5 mg,CARVEDILOL,30
2,0.8543,2360405.0,CEPIRON 12.5mg CAJA x 30 TAB,<NINGUNO>,30.0,43988,CEPIRON,25 mg,CARVEDILOL,30
3,0.8434,2360405.0,CEPIRON 12.5mg CAJA x 30 TAB,<NINGUNO>,30.0,43783,CEPIRON,12.5 mg,CARVEDILOL,500
1,0.8866,2360512.0,CEPIRON 25mg CAJA x 30 TAB,<NINGUNO>,30.0,43988,CEPIRON,25 mg,CARVEDILOL,30
2,0.8543,2360512.0,CEPIRON 25mg CAJA x 30 TAB,<NINGUNO>,30.0,44449,CEPIRON,12.5 mg,CARVEDILOL,30
3,0.8366,2360512.0,CEPIRON 25mg CAJA x 30 TAB,<NINGUNO>,30.0,58435,CEPIRON,25 mg,CARVEDILOL,100
1,0.8214,2361840.0,ACIDO FUSIDICO 2% CREMA x 15gr - FARMINDUSTRIA,<NINGUNO>,1.0,40091,ACIDO FUSIDICO,2 %,ACIDO FUSIDICO,1
2,0.8214,2361840.0,ACIDO FUSIDICO 2% CREMA x 15gr - FARMINDUSTRIA,<NINGUNO>,1.0,45249,ACIDO FUSIDICO,2 %,ACIDO FUSIDICO,1
3,0.8214,2361840.0,ACIDO FUSIDICO 2% CREMA x 15gr - FARMINDUSTRIA,<NINGUNO>,1.0,47504,ACIDO FUSIDICO,2 %,ACIDO FUSIDICO,1
1,0.9597,2362091.0,CLINDAMICINA 600mg x 50 AMP - PHARMAGEN,CLINDAMICINA - AMPOLLA,50.0,43374,CLINDAMICINA,300 mg,CLINDAMICINA CLORHIDRATO,100
2,0.8893,2362091.0,CLINDAMICINA 600mg x 50 AMP - PHARMAGEN,CLINDAMICINA - AMPOLLA,50.0,40331,CLINDAMICINA,600 mg/ 4 mL,CLINDAMICINA FOSFATO,50
3,0.8893,2362091.0,CLINDAMICINA 600mg x 50 AMP - PHARMAGEN,CLINDAMICINA - AMPOLLA,50.0,47191,CLINDAMICINA,600 mg/ 4 mL,CLINDAMICINA FOSFATO,50
1,0.8108,2362419.0,METRODIL 500mg CAJA x 10 UVULOS,<NINGUNO>,10.0,45794,METRODIL,500 mg,METRONIDAZOL,10
1,0.8895,2363640.0,LOSARTAN 50mg x 100 TAB - PERUFARMA,LOSARTAN 50MG TAB,100.0,7008,LOSARTAN,50 mg,LOSARTAN POTASICO,100
2,0.8895,2363640.0,LOSARTAN 50mg x 100 TAB - PERUFARMA,LOSARTAN 50MG TAB,100.0,41134,LOSARTAN,50 mg,LOSARTAN POTASICO,100
3,0.8895,2363640.0,LOSARTAN 50mg x 100 TAB - PERUFARMA,LOSARTAN 50MG TAB,100.0,43477,LOSARTAN,50 mg,LOSARTAN POTASICO,100
1,0.9434,2370733.0,ORFENADRINA 100mg x 100 TAB - EUROFARMA/MOMENTA,ORFENADRINA - TABLETA,100.0,55608,ORFENADRINA,100 mg,ORFENADRINA CITRATO,100
2,0.9434,2370733.0,ORFENADRINA 100mg x 100 TAB - EUROFARMA/MOMENTA,ORFENADRINA - TABLETA,100.0,55910,ORFENADRINA,100 mg,ORFENADRINA CITRATO,100
3,0.81,2370733.0,ORFENADRINA 100mg x 100 TAB - EUROFARMA/MOMENTA,ORFENADRINA - TABLETA,100.0,38240,ORFENADRINA CITRATO,100 mg,ORFENADRINA CITRATO,100
1,0.9714,2371205.0,LEVOALLERGY 5mg x 100 TAB,LEVOCETIRIZINA,100.0,48987,LEVOALLERGY,5 mg,LEVOCETIRIZINA DICLORHIDRATO,100
1,0.877,2371526.0,DIBROLAX 5mg CAJA x 10 TAB,<NINGUNO>,10.0,44103,DIBROLAX,5 mg,PICOSULFATO DE SODIO,10
2,0.827,2371526.0,DIBROLAX 5mg CAJA x 10 TAB,<NINGUNO>,10.0,39543,DIBROLAX,5 mg,PICOSULFATO DE SODIO,100
1,0.837,2371954.0,CLINOTRIN 3 150mg/ml AMP,<NINGUNO>,1.0,44553,CLINOTRIN 3,150 mg/ mL,MEDROXIPROGESTERONA ACETATO,1
1,0.9,2372098.0,GASEOVET MS x 40 TAB - MASTICABLES,MAGALDRATO/SIMETICONA TABLETAS,40.0,43330,GASEOVET,40 mg,SIMETICONA,40
2,0.9,2372098.0,GASEOVET MS x 40 TAB - MASTICABLES,MAGALDRATO/SIMETICONA TABLETAS,40.0,49672,GASEOVET® MS,800 mg + 40 mg,MAGALDRATO + SIMETICONA,40
3,0.85,2372098.0,GASEOVET MS x 40 TAB - MASTICABLES,MAGALDRATO/SIMETICONA TABLETAS,40.0,35557,GASEOVET,80 mg,SIMETICONA,30
1,0.91,2372105.0,VINIL 0.1% SOLUCION OFTALMICA,<NINGUNO>,1.0,43547,VINIL,0.1 %,DICLOFENACO SODICO,1
1,0.9714,2372426.0,MEDICORT 4mg CAJA x 20 TAB,DEXAMETASONA TABLETAS,20.0,47639,MEDICORT,4 mg,DEXAMETASONA,20
2,0.9214,2372426.0,MEDICORT 4mg CAJA x 20 TAB,DEXAMETASONA TABLETAS,20.0,37749,MEDICORT,4 mg,DEXAMETASONA,10
3,0.9214,2372426.0,MEDICORT 4mg CAJA x 20 TAB,DEXAMETASONA TABLETAS,20.0,37750,MEDICORT,4 mg,DEXAMETASONA,50
1,0.9714,2372640.0,ANTIPRED 5mg CAJA x 100 TAB - SHERFARMA,PREDNISONA 5MG - TABLETA,100.0,50241,ANTIPRED,5 mg,PREDNISONA,100
2,0.9,2372640.0,ANTIPRED 5mg CAJA x 100 TAB - SHERFARMA,PREDNISONA 5MG - TABLETA,100.0,35434,ANTIPRED,20 mg,PREDNISONA,100
3,0.9,2372640.0,ANTIPRED 5mg CAJA x 100 TAB - SHERFARMA,PREDNISONA 5MG - TABLETA,100.0,44948,ANTIPRED,20 mg,PREDNISONA,100
1,0.8812,2373219.0,AZITRAL 200mg/5mlx30ml SUSP,AZITROMICINA JARABE,1.0,45906,AZITRAL 200,200 mg/ 5 mL,AZITROMICINA DIHIDRATO,1
1,0.95,2374547.0,BETAMETASONA CREMA 0.05%x 20gr - PORTUGAL,BETAMETASONA CREMA,1.0,1467,BETAMETASONA,0.05 %,BETAMETASONA DIPROPIONATO,1
2,0.95,2374547.0,BETAMETASONA CREMA 0.05%x 20gr - PORTUGAL,BETAMETASONA CREMA,1.0,31093,BETAMETASONA,0.05 %,BETAMETASONA DIPROPIONATO,1
3,0.95,2374547.0,BETAMETASONA CREMA 0.05%x 20gr - PORTUGAL,BETAMETASONA CREMA,1.0,31106,BETAMETASONA,0.05 %,BETAMETASONA DIPROPIONATO,1
1,1.0152,2374654.0,SILDENAFILO 100mg x 4 TAB - IQ FARMA,SILDENAFILO 100MG - TABLETA,4.0,40306,SILDENAFILO,100 mg,SILDENAFILO CITRATO,4
2,0.9533,2374654.0,SILDENAFILO 100mg x 4 TAB - IQ FARMA,SILDENAFILO 100MG - TABLETA,4.0,10017,SILDENAFILO,50 mg,SILDENAFILO CITRATO,4
3,0.9533,2374654.0,SILDENAFILO 100mg x 4 TAB - IQ FARMA,SILDENAFILO 100MG - TABLETA,4.0,40232,SILDENAFILO,50 mg,SILDENAFILO CITRATO,4
1,0.9818,2374761.0,ACICLOVIR 800mg x 10 TAB - IQ FARMA,ACICLOVIR - TABLETA,10.0,39695,ACICLOVIR,800 mg,ACICLOVIR,10
2,0.9818,2374761.0,ACICLOVIR 800mg x 10 TAB - IQ FARMA,ACICLOVIR - TABLETA,10.0,40009,ACICLOVIR,800 mg,ACICLOVIR,10
3,0.9818,2374761.0,ACICLOVIR 800mg x 10 TAB - IQ FARMA,ACICLOVIR - TABLETA,10.0,41346,ACICLOVIR,800 mg,ACICLOVIR,10
1,0.9857,2375661.0,GASEOVET FORTE GOTAS x 15ml FRESA,MAGALDRATO/SIMETICONA GOTAS,1.0,47036,GASEOVET,80 mg/ 5 mL,SIMETICONA,1
2,0.9667,2375661.0,GASEOVET FORTE GOTAS x 15ml FRESA,MAGALDRATO/SIMETICONA GOTAS,1.0,40825,GASEOVET,80 mg/ mL,SIMETICONA,1
3,0.9271,2375661.0,GASEOVET FORTE GOTAS x 15ml FRESA,MAGALDRATO/SIMETICONA GOTAS,1.0,45635,GASEOVET FORTE SABOR FRESA,100 mg/ mL,SIMETICONA,1
1,0.9857,2375768.0,GASEOVET FORTE GOTAS x 15ml ANIS,MAGALDRATO/SIMETICONA GOTAS,1.0,47036,GASEOVET,80 mg/ 5 mL,SIMETICONA,1
2,0.9667,2375768.0,GASEOVET FORTE GOTAS x 15ml ANIS,MAGALDRATO/SIMETICONA GOTAS,1.0,40825,GASEOVET,80 mg/ mL,SIMETICONA,1
3,0.9241,2375768.0,GASEOVET FORTE GOTAS x 15ml ANIS,MAGALDRATO/SIMETICONA GOTAS,1.0,45634,GASEOVET FORTE SABOR ANIS,100 mg/ mL,SIMETICONA,1
1,1.0243,2376026.0,EUTIROX 75mg x 50 TAB - MERCK,LEVOTIROXINA - TABLETA,50.0,38219,EUTIROX,75 mcg,LEVOTIROXINA DE SODIO,50
2,1.0243,2376026.0,EUTIROX 75mg x 50 TAB - MERCK,LEVOTIROXINA - TABLETA,50.0,57180,EUTIROX,75 mcg,LEVOTIROXINA DE SODIO,50
3,1.0097,2376026.0,EUTIROX 75mg x 50 TAB - MERCK,LEVOTIROXINA - TABLETA,50.0,38222,EUTIROX,175 mcg,LEVOTIROXINA DE SODIO,50
1,0.9818,2376347.0,CLARIMACROL 500mg x 100 TAB,CLARITROMICINA 500MG.TABLETAS,100.0,50242,CLARIMACROL,500 mg,CLARITROMICINA,100
1,0.8108,2376454.0,CLINDABIOT 300mg x 50 CAP - SHERFARMA,<NINGUNO>,50.0,55119,CLINDABIOT,300 mg,CLINDAMICINA,50
1,1.0818,2377889.0,GASEOVET CB 125mg x 10 CAP BLANDAS,MAGALDRATO/SIMETICONA TABLETAS,10.0,53635,GASEOVET CB,125 mg,SIMETICONA,10
2,1.0318,2377889.0,GASEOVET CB 125mg x 10 CAP BLANDAS,MAGALDRATO/SIMETICONA TABLETAS,10.0,53636,GASEOVET CB,125 mg,SIMETICONA,100
3,1.0091,2377889.0,GASEOVET CB 125mg x 10 CAP BLANDAS,MAGALDRATO/SIMETICONA TABLETAS,10.0,37304,GASEOVET CB,180 mg,SIMETICONA,10
1,0.8617,2378468.0,FOSFUROL 3g CAJA x 1 SOBRE,<NINGUNO>,1.0,46715,FOSFUROL,3 g,FOSFOMICINA TROMETAMOL,1
1,0.8438,2379689.0,MINOXIDIL 5% SOL. CAPILAR x 60ml - EUROFARMA,<NINGUNO>,1.0,39621,MINOXIDIL,5 %,MINOXIDIL,1
2,0.8438,2379689.0,MINOXIDIL 5% SOL. CAPILAR x 60ml - EUROFARMA,<NINGUNO>,1.0,41040,MINOXIDIL,5 %,MINOXIDIL,1
3,0.8438,2379689.0,MINOXIDIL 5% SOL. CAPILAR x 60ml - EUROFARMA,<NINGUNO>,1.0,56281,MINOXIDIL,5 %,MINOXIDIL,1
1,0.9,2379910.0,LAFI-TIL 7 1% CREMA x 15gr,<NINGUNO>,1.0,47802,LAFI-TIL 7,1 %,TERBINAFINA CLORHIDRATO,1
2,0.9,2379910.0,LAFI-TIL 7 1% CREMA x 15gr,<NINGUNO>,1.0,48009,LAFI-TIL 7,1 %,TERBINAFINA CLORHIDRATO,1
3,0.8885,2379910.0,LAFI-TIL 7 1% CREMA x 15gr,<NINGUNO>,1.0,48229,LAFI-TIL 7,1 %,GLICEROL + TERBINAFINA CLORHIDRATO,1
1,0.8125,2380312.0,ACIVICLOR 5% CREMA x 5gr -SHERFARMA,<NINGUNO>,1.0,49566,ACIVICLOR,5 %,ACICLOVIR,1
1,0.925,2380526.0,GENTAMICINA 160mg x 10 AMP (GENTAPHAX) - JPS,GENTAMICINA AMPOLLA,10.0,41938,GENTAMICINA,160 mg/ 2 mL,GENTAMICINA,10
2,0.8865,2380526.0,GENTAMICINA 160mg x 10 AMP (GENTAPHAX) - JPS,GENTAMICINA AMPOLLA,10.0,33881,GENTAMICINA,160 mg/ 2 mL,GENTAMICINA SULFATO,10
3,0.8865,2380526.0,GENTAMICINA 160mg x 10 AMP (GENTAPHAX) - JPS,GENTAMICINA AMPOLLA,10.0,52192,GENTAMICINA,160 mg/ 2 mL,GENTAMICINA SULFATO,10
1,0.8866,2380633.0,ETORICOXIB 90mg CAJA x 14 TAB - GEN FAR,<NINGUNO>,14.0,56001,ETORICOXIB,90 mg,ETORICOXIB,14
2,0.8866,2380633.0,ETORICOXIB 90mg CAJA x 14 TAB - GEN FAR,<NINGUNO>,14.0,57979,ETORICOXIB,90 mg,ETORICOXIB,14
3,0.8866,2380633.0,ETORICOXIB 90mg CAJA x 14 TAB - GEN FAR,<NINGUNO>,14.0,59631,ETORICOXIB,90 mg,ETORICOXIB,14
1,1.0318,2380740.0,NITAZOXANIDA 500mg CAJA x 6 TAB - GEN FAR,NITAZOXANIDA,1.0,56006,NITAZOXANIDA,500 mg,NITAZOXANIDA,6
2,1.0318,2380740.0,NITAZOXANIDA 500mg CAJA x 6 TAB - GEN FAR,NITAZOXANIDA,1.0,61539,NITAZOXANIDA,500 mg,NITAZOXANIDA,4
3,1.0318,2380740.0,NITAZOXANIDA 500mg CAJA x 6 TAB - GEN FAR,NITAZOXANIDA,1.0,61540,NITAZOXANIDA,500 mg,NITAZOXANIDA,6
1,1.0139,2381105.0,AMOXICLIN 500mg x 60ml SUSPENSION,AMOXICILINA JARABE,1.0,49433,AMOXICLIN,500 mg/ 5 mL,AMOXICILINA TRIHIDRATO,1
2,1.0139,2381105.0,AMOXICLIN 500mg x 60ml SUSPENSION,AMOXICILINA JARABE,1.0,51569,AMOXICLIN,500 mg/ 5 mL,AMOXICILINA TRIHIDRATO,1
3,0.9949,2381105.0,AMOXICLIN 500mg x 60ml SUSPENSION,AMOXICILINA JARABE,1.0,45863,AMOXICLIN,250 mg/ 5 mL,AMOXICILINA TRIHIDRATO,1
1,0.8895,2382219.0,LOSARTAN 50mg x 100 TAB - SHERFARMA,LOSARTAN 50MG TAB,100.0,7008,LOSARTAN,50 mg,LOSARTAN POTASICO,100
2,0.8895,2382219.0,LOSARTAN 50mg x 100 TAB - SHERFARMA,LOSARTAN 50MG TAB,100.0,41134,LOSARTAN,50 mg,LOSARTAN POTASICO,100
3,0.8895,2382219.0,LOSARTAN 50mg x 100 TAB - SHERFARMA,LOSARTAN 50MG TAB,100.0,43477,LOSARTAN,50 mg,LOSARTAN POTASICO,100
1,0.9104,2382540.0,NISTAMUG NISTATINA 100 000 UI/ML x 12ml GOTAS,<NINGUNO>,1.0,48232,NISTAMUG,100 000 UI/ mL,NISTATINA,1
2,0.8104,2382540.0,NISTAMUG NISTATINA 100 000 UI/ML x 12ml GOTAS,<NINGUNO>,1.0,46124,NISTATINA,100 000 UI/ mL,NISTATINA,1
1,1.0818,2383012.0,SULPINEX 200mg CAJA x 100 TAB,SULPIRIDA 200MG,100.0,39824,SULPINEX,200 mg,SULPIRIDA,100
2,1.0318,2383012.0,SULPINEX 200mg CAJA x 100 TAB,SULPIRIDA 200MG,100.0,57160,SULPINEX,200 mg,SULPIRIDA,500
3,1.0318,2383012.0,SULPINEX 200mg CAJA x 100 TAB,SULPIRIDA 200MG,100.0,57798,SULPINEX,200 mg,SULPIRIDA,30
1,0.8934,2383440.0,CARVEDILOL 12.5mg CAJA x 30 COMP - GEN FAR,<NINGUNO>,30.0,56420,CARVEDILOL,12.5 mg,CARVEDILOL,30
2,0.8934,2383440.0,CARVEDILOL 12.5mg CAJA x 30 COMP - GEN FAR,<NINGUNO>,30.0,59716,CARVEDILOL,12.5 mg,CARVEDILOL,30
3,0.8543,2383440.0,CARVEDILOL 12.5mg CAJA x 30 COMP - GEN FAR,<NINGUNO>,30.0,56421,CARVEDILOL,25 mg,CARVEDILOL,30
1,0.8273,2384126.0,AMIKACINA 1gr x 1 AMP (AMIKANEN) - OTARVASQ,AMIKACINA AMPOLLA,1.0,61585,AMIKACINA,1 g/ 4 mL,AMIKACINA SULFATO,1
1,0.8115,2384768.0,CEFROM 100mg/5ml FRASCO x 100ml,<NINGUNO>,1.0,47513,CEFROM,100 mg/ 5 mL,CEFIXIMA TRIHIDRATO,1
2,0.8115,2384768.0,CEFROM 100mg/5ml FRASCO x 100ml,<NINGUNO>,1.0,58047,CEFROM®,100 mg/ 5 mL,CEFIXIMA TRIHIDRATO,1
1,0.8703,2384875.0,CEFROM 400mg TABS CAJA x 10 UNID,<NINGUNO>,10.0,47509,CEFROM,400 mg,CEFIXIMA TRIHIDRATO,10
2,0.8703,2384875.0,CEFROM 400mg TABS CAJA x 10 UNID,<NINGUNO>,10.0,56995,CEFROM,400 mg,CEFIXIMA TRIHIDRATO,10
1,0.8338,2387147.0,ROXTIL B CREMA x 20gr,BETAMET+CLOTRIM+GENTAMI,1.0,43682,ROXTIL B,1 % + 0.1 % + 0.05 %,BETAMETASONA DIPROPIONATO + CLOTRIMAZOL + GENTAMICINA SULFATO,1
2,0.8338,2387147.0,ROXTIL B CREMA x 20gr,BETAMET+CLOTRIM+GENTAMI,1.0,48493,ROXTIL B,1 % + 0.1 % + 0.05 %,BETAMETASONA DIPROPIONATO + CLOTRIMAZOL + GENTAMICINA SULFATO,1
3,0.8338,2387147.0,ROXTIL B CREMA x 20gr,BETAMET+CLOTRIM+GENTAMI,1.0,60606,ROXTIL B,1 % + 0.1 % + 0.05 %,BETAMETASONA DIPROPIONATO + CLOTRIMAZOL + GENTAMICINA SULFATO,1
1,0.8714,2387575.0,DESLORATADINA 5mg x 10 TAB - GENFAR,<NINGUNO>,10.0,40165,DESLORATADINA,5 mg,DESLORATADINA,10
2,0.8714,2387575.0,DESLORATADINA 5mg x 10 TAB - GENFAR,<NINGUNO>,10.0,60301,DESLORATADINA,5 mg,DESLORATADINA,10
1,0.8874,2387682.0,CLOZOL 500mg CAJA x 1 TAB VAGINAL,<NINGUNO>,1.0,41911,CLOZOL,500 mg,CLOTRIMAZOL,1
2,0.8374,2387682.0,CLOZOL 500mg CAJA x 1 TAB VAGINAL,<NINGUNO>,1.0,43747,CLOZOL,500 mg,CLOTRIMAZOL,100
1,0.8077,2388154.0,FLOGOCOX 90mg CAJA x 14 TABS,<NINGUNO>,14.0,47402,FLOGOCOX® 90,90 mg,ETORICOXIB,14
1,0.804,2388582.0,PROCOPS 100mg x 10TAB,SILDENAFILO 100MG - TABLETA,10.0,47887,PROCOPS 100,100 mg,SILDENAFILO CITRATO,10
1,0.9361,2390426.0,AMLODIPRESS 10mg x 30 TAB - SHERFARMA,AMLODIPINO - TABLETA,30.0,49563,AMLODIPRESS,10 mg,AMLODIPINO BESILATO,30
2,0.8583,2390426.0,AMLODIPRESS 10mg x 30 TAB - SHERFARMA,AMLODIPINO - TABLETA,30.0,38765,AMLODIPRESS,5 mg,AMLODIPINO BESILATO,30
3,0.8583,2390426.0,AMLODIPRESS 10mg x 30 TAB - SHERFARMA,AMLODIPINO - TABLETA,30.0,47310,AMLODIPRESS,5 mg,AMLODIPINO BESILATO,30
1,0.8382,2390747.0,DICLOBACT 500mg x 100 CAP - SHERFARMA,DICLOFENACO - TABLETA,100.0,38642,DICLOBACT,500 mg,DICLOXACILINA SODICA MONOHIDRATO,100
2,0.8382,2390747.0,DICLOBACT 500mg x 100 CAP - SHERFARMA,DICLOFENACO - TABLETA,100.0,47722,DICLOBACT,500 mg,DICLOXACILINA SODICA MONOHIDRATO,100
3,0.8382,2390747.0,DICLOBACT 500mg x 100 CAP - SHERFARMA,DICLOFENACO - TABLETA,100.0,48070,DICLOBACT,500 mg,DICLOXACILINA SODICA MONOHIDRATO,100
1,0.9124,2390854.0,LEVOBACT 500mg x 7 TAB - SHERFARMA,LEVOFLOXACINO 500MG - TAB,7.0,47462,LEVOBACT,500 mg,LEVOFLOXACINO HEMIHIDRATO,7
2,0.9124,2390854.0,LEVOBACT 500mg x 7 TAB - SHERFARMA,LEVOFLOXACINO 500MG - TAB,7.0,57814,LEVOBACT,500 mg,LEVOFLOXACINO HEMIHIDRATO,7
1,0.8963,2392654.0,ACIDO ACETILSALICILICO 100mg x 100 TAB - GEN FAR,ACIDO ACETIL SALICILICO,100.0,42051,ACIDO ACETILSALICILICO,100 mg,ACIDO ACETILSALICILICO,100
2,0.8463,2392654.0,ACIDO ACETILSALICILICO 100mg x 100 TAB - GEN FAR,ACIDO ACETIL SALICILICO,100.0,56414,ACIDO ACETILSALICILICO,100 mg,ACIDO ACETILSALICILICO,30
1,1.0124,2392761.0,LEVOFLOXACINO 750mg x 5 TAB - GEN FAR,LEVOFLOXACINO 500MG - TAB,5.0,56002,LEVOFLOXACINO,750 mg,LEVOFLOXACINO HEMIHIDRATO,5
2,1.0124,2392761.0,LEVOFLOXACINO 750mg x 5 TAB - GEN FAR,LEVOFLOXACINO 500MG - TAB,5.0,57961,LEVOFLOXACINO,750 mg,LEVOFLOXACINO HEMIHIDRATO,5
3,1.0124,2392761.0,LEVOFLOXACINO 750mg x 5 TAB - GEN FAR,LEVOFLOXACINO 500MG - TAB,5.0,61481,LEVOFLOXACINO,750 mg,LEVOFLOXACINO HEMIHIDRATO,5
1,1.0434,2393019.0,AMOXICILINA CAP 500mg x 100 - SHERFARMA,AMOXICILINA CAPSULA,100.0,27616,AMOXICILINA,500 mg,AMOXICILINA TRIHIDRATO,100
2,1.0434,2393019.0,AMOXICILINA CAP 500mg x 100 - SHERFARMA,AMOXICILINA CAPSULA,100.0,40244,AMOXICILINA,500 mg,AMOXICILINA TRIHIDRATO,100
3,0.9818,2393019.0,AMOXICILINA CAP 500mg x 100 - SHERFARMA,AMOXICILINA CAPSULA,100.0,47312,AMOXICILINA,500 mg,AMOXICILINA,100
1,0.9778,2393126.0,ATORVASTATINA 20mg x 100 TAB - SHERFARMA,ATORVASTATINA - 20MG TABLETA,100.0,47307,ATORVASTATINA,20 mg,ATORVASTATINA,100
2,0.9135,2393126.0,ATORVASTATINA 20mg x 100 TAB - SHERFARMA,ATORVASTATINA - 20MG TABLETA,100.0,35708,ATORVASTATINA,20 mg,ATORVASTATINA DE CALCIO,100
3,0.9135,2393126.0,ATORVASTATINA 20mg x 100 TAB - SHERFARMA,ATORVASTATINA - 20MG TABLETA,100.0,44470,ATORVASTATINA,20 mg,ATORVASTATINA DE CALCIO,100
1,0.8167,2393340.0,TRIAMCINOLONA 0.025% LOCION x 60ml - AC FARMA,<NINGUNO>,1.0,33021,TRIAMCINOLONA,0.025 %,TRIAMCINOLONA ACETONIDO,1
2,0.8167,2393340.0,TRIAMCINOLONA 0.025% LOCION x 60ml - AC FARMA,<NINGUNO>,1.0,38121,TRIAMCINOLONA,0.025 %,TRIAMCINOLONA ACETONIDO,1
3,0.8167,2393340.0,TRIAMCINOLONA 0.025% LOCION x 60ml - AC FARMA,<NINGUNO>,1.0,43148,TRIAMCINOLONA,0.025 %,TRIAMCINOLONA ACETONIDO,1
1,1.1,2393982.0,ACICLOVIR AL 3% UNGTO OFTALMICO x 3.5gr,ACICLOVIR - TABLETA,1.0,37071,ACICLOVIR,3 %,ACICLOVIR,1
2,1.1,2393982.0,ACICLOVIR AL 3% UNGTO OFTALMICO x 3.5gr,ACICLOVIR - TABLETA,1.0,38399,ACICLOVIR,3 %,ACICLOVIR,1
3,1.1,2393982.0,ACICLOVIR AL 3% UNGTO OFTALMICO x 3.5gr,ACICLOVIR - TABLETA,1.0,55929,ACICLOVIR,3 %,ACICLOVIR,1
1,0.9818,2394561.0,CARBAMAZEPINA 200mg x 100 TAB - INDUQUIMICA,CARBAMAZEPINA - TABLETA,100.0,39161,CARBAMAZEPINA,200 mg,CARBAMAZEPINA,100
2,0.9818,2394561.0,CARBAMAZEPINA 200mg x 100 TAB - INDUQUIMICA,CARBAMAZEPINA - TABLETA,100.0,41833,CARBAMAZEPINA,200 mg,CARBAMAZEPINA,100
3,0.9818,2394561.0,CARBAMAZEPINA 200mg x 100 TAB - INDUQUIMICA,CARBAMAZEPINA - TABLETA,100.0,44441,CARBAMAZEPINA,200 mg,CARBAMAZEPINA,100
1,0.8943,2395461.0,ALDOMET 250mg CAJA x 30 TABS,<NINGUNO>,30.0,45931,ALDOMET,250 mg,METILDOPA,30
2,0.8943,2395461.0,ALDOMET 250mg CAJA x 30 TABS,<NINGUNO>,30.0,60837,ALDOMET,250 mg,METILDOPA,30
3,0.858,2395461.0,ALDOMET 250mg CAJA x 30 TABS,<NINGUNO>,30.0,44774,ALDOMET,500 mg,METILDOPA,30
1,0.9818,2395782.0,FLUCOFARMA 150mg CAJA x 2 CAP,FLUCONAZOL,2.0,47313,FLUCOFARMA,150 mg,FLUCONAZOL,2
2,0.9818,2395782.0,FLUCOFARMA 150mg CAJA x 2 CAP,FLUCONAZOL,2.0,57608,FLUCOFARMA,150 mg,FLUCONAZOL,2
1,0.9778,2395889.0,LANZOGASTRIN 30mg CAJA x 30 TABS,LANSOPRAZOL,30.0,39808,LANZOGASTRIN,30 mg,LANSOPRAZOL,30
2,0.9778,2395889.0,LANZOGASTRIN 30mg CAJA x 30 TABS,LANSOPRAZOL,30.0,47476,LANZOGASTRIN,30 mg,LANSOPRAZOL,30
1,0.9434,2396147.0,AMOXIORAL 500mg CAJA x 100 CAP,AMOXICILINA JARABE,100.0,43042,AMOXIORAL,500 mg,AMOXICILINA TRIHIDRATO,100
2,0.8115,2396147.0,AMOXIORAL 500mg CAJA x 100 CAP,AMOXICILINA JARABE,100.0,50248,AMOXIORAL®,250 mg/ 5 mL,AMOXICILINA TRIHIDRATO,1
1,0.835,2396789.0,KOPODEX 100mg/ml SOLUCION ORAL x 120ml,<NINGUNO>,1.0,47387,KOPODEX,100 mg/ mL,LEVETIRACETAM,1
1,0.9936,2397154.0,LOSARTAN 100mg x 30 TAB- GENFAR,LOSARTAN 50MG TAB,30.0,45056,LOSARTAN,100 mg,LOSARTAN POTASICO,30
2,0.9936,2397154.0,LOSARTAN 100mg x 30 TAB- GENFAR,LOSARTAN 50MG TAB,30.0,60342,LOSARTAN,100 mg,LOSARTAN POTASICO,30
3,0.9318,2397154.0,LOSARTAN 100mg x 30 TAB- GENFAR,LOSARTAN 50MG TAB,30.0,43589,LOSARTAN,50 mg,LOSARTAN POTASICO,30
1,0.9961,2397261.0,AZITROMICINA 500mg x 5 TAB - FARMINDUSTRIA,AZITROMICINA TABLETA,5.0,44125,AZITROMICINA,500 mg,AZITROMICINA DIHIDRATO,3
2,0.9461,2397261.0,AZITROMICINA 500mg x 5 TAB - FARMINDUSTRIA,AZITROMICINA TABLETA,5.0,48507,AZITROMICINA,500 mg,AZITROMICINA DIHIDRATO,5
3,0.9318,2397261.0,AZITROMICINA 500mg x 5 TAB - FARMINDUSTRIA,AZITROMICINA TABLETA,5.0,39027,AZITROMICINA,500 mg,AZITROMICINA,30
1,0.8064,2398703.0,PLUXIME 100mg/5ml SUSPENSION x 120ml,<NINGUNO>,1.0,48823,PLUXIME,100 mg/ 5 mL,CEFIXIMA,1
1,0.8703,2398810.0,PLUXIME 400mg CAJA x 8 TABS,<NINGUNO>,8.0,48824,PLUXIME,400 mg,CEFIXIMA TRIHIDRATO,8
1,0.9455,2400577.0,FLUCONAZOL 100mg/50ml FRASCO IV - PHARMAGEN,FLUCONAZOL,1.0,37744,FLUCONAZOL,100 mg/ 50 mL,FLUCONAZOL,1
2,0.9455,2400577.0,FLUCONAZOL 100mg/50ml FRASCO IV - PHARMAGEN,FLUCONAZOL,1.0,43718,FLUCONAZOL,100 mg/ 50 mL,FLUCONAZOL,1
3,0.9391,2400577.0,FLUCONAZOL 100mg/50ml FRASCO IV - PHARMAGEN,FLUCONAZOL,1.0,34736,FLUCONAZOL,200 mg/ 100 mL,FLUCONAZOL,1
1,0.9461,2400905.0,TRI AZIT 500mg CAJA x 3 COMPRIMIDOS,AZITROMICINA TABLETA,3.0,35564,TRI AZIT,500 mg,AZITROMICINA DIHIDRATO,3
2,0.8961,2400905.0,TRI AZIT 500mg CAJA x 3 COMPRIMIDOS,AZITROMICINA TABLETA,3.0,35565,TRI AZIT,500 mg,AZITROMICINA DIHIDRATO,15
3,0.8961,2400905.0,TRI AZIT 500mg CAJA x 3 COMPRIMIDOS,AZITROMICINA TABLETA,3.0,61512,TRI AZIT,500 mg,AZITROMICINA DIHIDRATO,15
1,0.9461,2401049.0,TRI AZIT 500mg CAJA x 15 COMPRIMIDOS,AZITROMICINA TABLETA,15.0,35565,TRI AZIT,500 mg,AZITROMICINA DIHIDRATO,15
2,0.9461,2401049.0,TRI AZIT 500mg CAJA x 15 COMPRIMIDOS,AZITROMICINA TABLETA,15.0,61512,TRI AZIT,500 mg,AZITROMICINA DIHIDRATO,15
3,0.8961,2401049.0,TRI AZIT 500mg CAJA x 15 COMPRIMIDOS,AZITROMICINA TABLETA,15.0,35564,TRI AZIT,500 mg,AZITROMICINA DIHIDRATO,3
1,0.826,2401691.0,LEVOXIDAL 750mg CAJA x 5 TAB - PHARMED,LEVOFLOXACINO 500MG - TAB,5.0,50232,LEVOXIDAL,500 mg,LEVOFLOXACINO HEMIHIDRATO,10
2,0.8215,2401691.0,LEVOXIDAL 750mg CAJA x 5 TAB - PHARMED,LEVOFLOXACINO 500MG - TAB,5.0,48710,LEVOXIDAL 750,750 mg,LEVOFLOXACINO HEMIHIDRATO,5
1,0.9818,2403598.0,ATENOLFAR 100mg CAJA x 30 TABS - SHERFARMA,ATENOLOL - TABLETA,30.0,47311,ATENOLFAR,100 mg,ATENOLOL,30
1,0.8268,2405940.0,GLUCOVANCE 500/2.5mg x 30 TABS,<NINGUNO>,30.0,44335,GLUCOVANCE,500 mg/ 2.5 mg,GLIBENCLAMIDA + CLORHIDRATO DE METFORMINA,30
2,0.8166,2405940.0,GLUCOVANCE 500/2.5mg x 30 TABS,<NINGUNO>,30.0,42833,GLUCOVANCE,500 mg + 5 mg,GLIBENCLAMIDA + CLORHIDRATO DE METFORMINA,30
1,1.0402,2406733.0,AMPICILINA 500mg x 100 CAP - SHERFARMA,AMPICILINA - TABLETA,100.0,40238,AMPICILINA,500 mg,AMPICILINA TRIHIDRATO,100
2,0.9818,2406733.0,AMPICILINA 500mg x 100 CAP - SHERFARMA,AMPICILINA - TABLETA,100.0,48564,AMPICILINA,500 mg,AMPICILINA,100
3,0.9402,2406733.0,AMPICILINA 500mg x 100 CAP - SHERFARMA,AMPICILINA - TABLETA,100.0,45285,AMPICILINA,500 mg,AMPICILINA TRIHIDRATO,100
1,0.8152,2409861.0,NOPRAMAX 550 mg x 100 TABS,<NINGUNO>,100.0,42066,NOPRAMAX,550 mg,NAPROXENO SODICO,100
2,0.8152,2409861.0,NOPRAMAX 550 mg x 100 TABS,<NINGUNO>,100.0,55280,NOPRAMAX,550 mg,NAPROXENO SODICO,100
1,0.9778,2410477.0,NISACORTEC 50mg CAJA x 50 TABS,PREDNISONA 50MG -TABLETA,50.0,45676,NISACORTEC 50,50 mg,PREDNISONA,50
2,0.9278,2410477.0,NISACORTEC 50mg CAJA x 50 TABS,PREDNISONA 50MG -TABLETA,50.0,56240,NISACORTEC 50,50 mg,PREDNISONA,100
3,0.8591,2410477.0,NISACORTEC 50mg CAJA x 50 TABS,PREDNISONA 50MG -TABLETA,50.0,45109,NISACORTEC,5 mg/ 5 mL,PREDNISONA,1
1,0.8631,2411056.0,METFORMINA 500mg x 30 TAB - GEN FAR,<NINGUNO>,30.0,41149,METFORMINA,500 mg,CLORHIDRATO DE METFORMINA,30
2,0.8631,2411056.0,METFORMINA 500mg x 30 TAB - GEN FAR,<NINGUNO>,30.0,59982,METFORMINA,500 mg,CLORHIDRATO DE METFORMINA,30
3,0.8267,2411056.0,METFORMINA 500mg x 30 TAB - GEN FAR,<NINGUNO>,30.0,40616,METFORMINA,850 mg,CLORHIDRATO DE METFORMINA,30
1,0.8045,2413284.0,CEFTRIMAX 1gr + LIDOCAINA (CEFTRIAXONA 1gr) AMP,LIDOCAINA AMPOLLA,1.0,50856,LIDOCAINA,1 %,LIDOCAINA CLORHIDRATO,25
2,0.8045,2413284.0,CEFTRIMAX 1gr + LIDOCAINA (CEFTRIAXONA 1gr) AMP,LIDOCAINA AMPOLLA,1.0,58373,LIDOCAINA,1 %,LIDOCAINA CLORHIDRATO,100
3,0.8,2413284.0,CEFTRIMAX 1gr + LIDOCAINA (CEFTRIAXONA 1gr) AMP,LIDOCAINA AMPOLLA,1.0,49521,LIDOCAINA,5 %,LIDOCAINA,1
1,0.85,2413719.0,CARDIOTON R CAJA x 100 TABS,ACIDO ACETIL SALICILICO,100.0,50477,CARDIOTON R,100 mg,ACIDO SALICILICO,10
1,1.044,2414833.0,CLARIMED 125mg/5ml SUSP x 60ml,CLARITROMICINA - JARABE,1.0,40848,CLARIMED,125 mg/ 5 mL,CLARITROMICINA,1
2,1.044,2414833.0,CLARIMED 125mg/5ml SUSP x 60ml,CLARITROMICINA - JARABE,1.0,40850,CLARIMED,125 mg/ 5 mL,CLARITROMICINA,1
3,0.944,2414833.0,CLARIMED 125mg/5ml SUSP x 60ml,CLARITROMICINA - JARABE,1.0,61233,CLARIMED 125,125 mg/ 5 mL,CLARITROMICINA,1
1,1.0045,2415084.0,LIDOCAINA 2% C/EP x 50 CARTUCHOS - MEDIFARMA,LIDOCAINA AMPOLLA,50.0,47610,LIDOCAINA,2 %,LIDOCAINA CLORHIDRATO,25
2,1.0045,2415084.0,LIDOCAINA 2% C/EP x 50 CARTUCHOS - MEDIFARMA,LIDOCAINA AMPOLLA,50.0,47650,LIDOCAINA,2 %,LIDOCAINA CLORHIDRATO,100
3,0.9045,2415084.0,LIDOCAINA 2% C/EP x 50 CARTUCHOS - MEDIFARMA,LIDOCAINA AMPOLLA,50.0,29081,LIDOCAINA,2 %,LIDOCAINA CLORHIDRATO,20
1,1.0818,2415305.0,GASEOVET CB 125mg x 100 CAP,MAGALDRATO/SIMETICONA TABLETAS,100.0,53636,GASEOVET CB,125 mg,SIMETICONA,100
2,1.0318,2415305.0,GASEOVET CB 125mg x 100 CAP,MAGALDRATO/SIMETICONA TABLETAS,100.0,53635,GASEOVET CB,125 mg,SIMETICONA,10
3,0.9591,2415305.0,GASEOVET CB 125mg x 100 CAP,MAGALDRATO/SIMETICONA TABLETAS,100.0,35148,GASEOVET CB,180 mg,SIMETICONA,50
1,0.8268,2417105.0,ZELCOM 3.3g/5ml FRASCO x 90ml,<NINGUNO>,1.0,46754,ZELCOM,3.3 g/ 5 mL,LACTULOSA,1
2,0.8268,2417105.0,ZELCOM 3.3g/5ml FRASCO x 90ml,<NINGUNO>,1.0,55016,ZELCOM,3.3 g/ 5 mL,LACTULOSA,1
3,0.8268,2417105.0,ZELCOM 3.3g/5ml FRASCO x 90ml,<NINGUNO>,1.0,60186,ZELCOM,3.3 g/ 5 mL,LACTULOSA,1
1,1.0333,2418326.0,Z-MOL 1gr CAJA x 20 COMPRIMIDOS,PARACETAMOL 500MG.TABLETAS,20.0,35426,Z MOL,1 g,PARACETAMOL,20
2,0.9167,2418326.0,Z-MOL 1gr CAJA x 20 COMPRIMIDOS,PARACETAMOL 500MG.TABLETAS,20.0,41376,Z MOL,100 mg/ mL,PARACETAMOL,1
1,0.8641,2418433.0,VALYC 500mg x 10 TAB (VALACICLOVIR),<NINGUNO>,10.0,45192,VALYC,500 mg,VALACICLOVIR CLORHIDRATO,10
1,0.8758,2420484.0,ORFENADRINA 60mg x 25 AMP - DANY,ORFENADRINA - AMPOLLA,25.0,37322,ORFENADRINA,60 mg/ 2 mL,ORFENADRINA CITRATO,25
2,0.8315,2420484.0,ORFENADRINA 60mg x 25 AMP - DANY,ORFENADRINA - AMPOLLA,25.0,55608,ORFENADRINA,100 mg,ORFENADRINA CITRATO,100
3,0.8315,2420484.0,ORFENADRINA 60mg x 25 AMP - DANY,ORFENADRINA - AMPOLLA,25.0,55910,ORFENADRINA,100 mg,ORFENADRINA CITRATO,100
1,0.8759,2420591.0,PIROXIDEN 20mg CAJA x 100 CAP,PIROXICAN 20MG.TABLETA,100.0,50894,PIROXIDEN,20 mg,PIROXICAM,100
1,0.9124,2420919.0,LEVOFLOXACINO 750mg x 5 TAB - EUROFARMA,LEVOFLOXACINO 500MG - TAB,5.0,47490,LEVOFLOXACINO,750 mg,LEVOFLOXACINO HEMIHIDRATO,5
2,0.9124,2420919.0,LEVOFLOXACINO 750mg x 5 TAB - EUROFARMA,LEVOFLOXACINO 500MG - TAB,5.0,48759,LEVOFLOXACINO,750 mg,LEVOFLOXACINO HEMIHIDRATO,5
3,0.9124,2420919.0,LEVOFLOXACINO 750mg x 5 TAB - EUROFARMA,LEVOFLOXACINO 500MG - TAB,5.0,53396,LEVOFLOXACINO,750 mg,LEVOFLOXACINO HEMIHIDRATO,5
1,0.9124,2421063.0,LEVOFLOXACINO 500mg x 10 TAB - EUROFARMA,LEVOFLOXACINO 500MG - TAB,10.0,46103,LEVOFLOXACINO,500 mg,LEVOFLOXACINO HEMIHIDRATO,10
2,0.9124,2421063.0,LEVOFLOXACINO 500mg x 10 TAB - EUROFARMA,LEVOFLOXACINO 500MG - TAB,10.0,49617,LEVOFLOXACINO,500 mg,LEVOFLOXACINO HEMIHIDRATO,10
3,0.9124,2421063.0,LEVOFLOXACINO 500mg x 10 TAB - EUROFARMA,LEVOFLOXACINO 500MG - TAB,10.0,50377,LEVOFLOXACINO,500 mg,LEVOFLOXACINO HEMIHIDRATO,10
1,0.8874,2421170.0,BICERTO 150mg x 10 CAP,<NINGUNO>,10.0,49616,BICERTO,150 mg,KETOPROFENO,10
2,0.8874,2421170.0,BICERTO 150mg x 10 CAP,<NINGUNO>,10.0,52994,BICERTO,150 mg,KETOPROFENO,10
1,0.9271,2421598.0,GLICENEX 850mg CAJA x 60 COMPRIMIDOS,GLIBENCLAMIDA - TABLETA,60.0,41724,GLICENEX,850 mg,CLORHIDRATO DE METFORMINA,60
2,0.8407,2421598.0,GLICENEX 850mg CAJA x 60 COMPRIMIDOS,GLIBENCLAMIDA - TABLETA,60.0,41807,GLICENEX,500 mg,CLORHIDRATO DE METFORMINA,30
3,0.8397,2421598.0,GLICENEX 850mg CAJA x 60 COMPRIMIDOS,GLIBENCLAMIDA - TABLETA,60.0,41808,GLICENEX DUO,5 mg + 500 mg,GLIBENCLAMIDA + CLORHIDRATO DE METFORMINA,30
1,1.0,2421819.0,MEDICORT 8mg/2ml CAJA x 1 AMP,DEXAMETASONA AMPOLLA,1.0,52747,MEDICORT,2 mg/ 5 mL,DEXAMETASONA,1
2,0.9893,2421819.0,MEDICORT 8mg/2ml CAJA x 1 AMP,DEXAMETASONA AMPOLLA,1.0,50079,MEDICORT,8 mg/ 2 mL,DEXAMETASONA FOSFATO,1
3,0.975,2421819.0,MEDICORT 8mg/2ml CAJA x 1 AMP,DEXAMETASONA AMPOLLA,1.0,42380,MEDICORT,0.5 mg/ 5 mL,DEXAMETASONA,1
1,0.8943,2424305.0,CEFALOXIME 500mg CAJA x 10 TABS,<NINGUNO>,10.0,43824,CEFALOXIME,500 mg,CEFUROXIMA AXETIL,10
2,0.8443,2424305.0,CEFALOXIME 500mg CAJA x 10 TABS,<NINGUNO>,10.0,41803,CEFALOXIME,500 mg,CEFUROXIMA AXETIL,100
3,0.8443,2424305.0,CEFALOXIME 500mg CAJA x 10 TABS,<NINGUNO>,10.0,46792,CEFALOXIME,500 mg,CEFUROXIMA AXETIL,50
1,0.9,2424412.0,TERBISIL 1% CREMA TUBO x 15gr,<NINGUNO>,1.0,44689,TERBISIL,1 %,TERBINAFINA CLORHIDRATO,1
1,0.9714,2424519.0,RISPERIDONA 2mg x 30 TAB - AC FARMA,RISPERIDONA TABLETA,30.0,44274,RISPERIDONA,2 mg,RISPERIDONA,30
2,0.9714,2424519.0,RISPERIDONA 2mg x 30 TAB - AC FARMA,RISPERIDONA TABLETA,30.0,53042,RISPERIDONA,2 mg,RISPERIDONA,30
3,0.9714,2424519.0,RISPERIDONA 2mg x 30 TAB - AC FARMA,RISPERIDONA TABLETA,30.0,53119,RISPERIDONA,2 mg,RISPERIDONA,30
1,0.8485,2425847.0,AMOX.+ACIDO CLAVUL.500mg x 10 TAB - SHERFARMA,AMOXICILINA + ACIDO CLAV. - TABLETA,10.0,47689,AMOX,500 mg,AMOXICILINA TRIHIDRATO,100
1,0.9818,2426640.0,MUCOASMAT 200mg CAJA x 30 SOBRES,ACETILCISTEINA ORAL,30.0,48053,MUCOASMAT,200 mg,ACETILCISTEINA,30
2,0.9455,2426640.0,MUCOASMAT 200mg CAJA x 30 SOBRES,ACETILCISTEINA ORAL,30.0,50207,MUCOASMAT,600 mg,ACETILCISTEINA,30
3,0.9318,2426640.0,MUCOASMAT 200mg CAJA x 30 SOBRES,ACETILCISTEINA ORAL,30.0,48055,MUCOASMAT,200 mg,ACETILCISTEINA,50
1,0.9323,2427005.0,OMEPRAZOL 40mg x 50 AMP - PHARMAGEN,OMEPRAZOL AMP,50.0,42498,OMEPRAZOL,40 mg,OMEPRAZOL SODICO,50
2,0.9323,2427005.0,OMEPRAZOL 40mg x 50 AMP - PHARMAGEN,OMEPRAZOL AMP,50.0,43970,OMEPRAZOL,40 mg,OMEPRAZOL SODICO,50
3,0.9323,2427005.0,OMEPRAZOL 40mg x 50 AMP - PHARMAGEN,OMEPRAZOL AMP,50.0,54036,OMEPRAZOL,40 mg,OMEPRAZOL SODICO,50
1,0.8662,2428975.0,GASPAN 40mg CAJA x 14 COMPRIMIDOS,<NINGUNO>,14.0,48244,GASPAN,40 mg,PANTOPRAZOL SODICO SESQUIHIDRATO,14
2,0.8162,2428975.0,GASPAN 40mg CAJA x 14 COMPRIMIDOS,<NINGUNO>,14.0,39132,GASPAN,40 mg,PANTOPRAZOL SODICO SESQUIHIDRATO,28
3,0.8162,2428975.0,GASPAN 40mg CAJA x 14 COMPRIMIDOS,<NINGUNO>,14.0,48243,GASPAN,40 mg,PANTOPRAZOL SODICO SESQUIHIDRATO,7
1,0.8201,2429019.0,ALOPURINOL 300mg x 30 TAB - IQ FARMA,<NINGUNO>,30.0,40770,ALOPURINOL,300 mg,ALOPURINOL,30
2,0.8201,2429019.0,ALOPURINOL 300mg x 30 TAB - IQ FARMA,<NINGUNO>,30.0,46949,ALOPURINOL,300 mg,ALOPURINOL,30
1,0.8264,2429233.0,FERROSIL 100mg/5ml AMP. BEBIBLE CAJA x 5 UNID,<NINGUNO>,5.0,50099,FERROSIL,100 mg/ 5 mL,COMPLEJO DE HIDROXIDO FERRICO [HIERRO (III)] POLIMALTOSADO,5
2,0.8264,2429233.0,FERROSIL 100mg/5ml AMP. BEBIBLE CAJA x 5 UNID,<NINGUNO>,5.0,61453,FERROSIL,100 mg/ 5 mL,COMPLEJO DE HIDROXIDO FERRICO [HIERRO (III)] POLIMALTOSADO,5
1,0.8758,2432184.0,DICLOFENACO 75mg x 10 AMP - (DICLOFIX),DICLOFENACO - AMPOLLA,10.0,48185,DICLOFIX,75 mg/ 3 mL,DICLOFENACO SODICO,10
2,0.8758,2432184.0,DICLOFENACO 75mg x 10 AMP - (DICLOFIX),DICLOFENACO - AMPOLLA,10.0,52739,DICLOFENACO,75 mg/ 3 mL,DICLOFENACO SODICO,10
3,0.8758,2432184.0,DICLOFENACO 75mg x 10 AMP - (DICLOFIX),DICLOFENACO - AMPOLLA,10.0,53069,DICLOFENACO,75 mg/ 3 mL,DICLOFENACO SODICO,10
1,0.9865,2432291.0,LINCOMICINA 600mg x 25 AMP - LUSA,LINCOMICINA - AMPOLLA,25.0,50171,LINCOMICINA,600 mg/ 2 mL,LINCOMICINA CLORHIDRATO,25
2,0.8865,2432291.0,LINCOMICINA 600mg x 25 AMP - LUSA,LINCOMICINA - AMPOLLA,25.0,60487,LINCOMICINA,600 mg/ 2 mL,LINCOMICINA CLORHIDRATO,25
3,0.857,2432291.0,LINCOMICINA 600mg x 25 AMP - LUSA,LINCOMICINA - AMPOLLA,25.0,39618,LINCOMICINA,500 mg,LINCOMICINA CLORHIDRATO,20
1,0.8866,2432726.0,CARVEDILOL 25mg CAJA x 30 COMP - GEN FAR,<NINGUNO>,30.0,56421,CARVEDILOL,25 mg,CARVEDILOL,30
2,0.8866,2432726.0,CARVEDILOL 25mg CAJA x 30 COMP - GEN FAR,<NINGUNO>,30.0,59807,CARVEDILOL,25 mg,CARVEDILOL,30
3,0.8543,2432726.0,CARVEDILOL 25mg CAJA x 30 COMP - GEN FAR,<NINGUNO>,30.0,56420,CARVEDILOL,12.5 mg,CARVEDILOL,30
1,1.0031,2433305.0,RIVOTRIL GOTAS 2.5 MG/ML FRASCO x 20ml,CLONAZEPAN 2.5MG,1.0,45083,RIVOTRIL,2.5 mg/ mL,CLONAZEPAM,1
2,0.9731,2433305.0,RIVOTRIL GOTAS 2.5 MG/ML FRASCO x 20ml,CLONAZEPAN 2.5MG,1.0,46422,RIVOTRIL,2 mg,CLONAZEPAM,100
3,0.9731,2433305.0,RIVOTRIL GOTAS 2.5 MG/ML FRASCO x 20ml,CLONAZEPAN 2.5MG,1.0,46424,RIVOTRIL,2 mg,CLONAZEPAM,50
1,0.96,2434847.0,LOSACOR D 50/12.5mg CAJA x 30 COMPRIMIDOS,LOSARTAN 50MG TAB,30.0,44494,LOSACOR D,50 mg + 12.5 mg,HIDROCLOROTIAZIDA + LOSARTAN POTASICO,30
2,0.9209,2434847.0,LOSACOR D 50/12.5mg CAJA x 30 COMPRIMIDOS,LOSARTAN 50MG TAB,30.0,44495,LOSACOR,50 mg,LOSARTAN POTASICO,30
3,0.86,2434847.0,LOSACOR D 50/12.5mg CAJA x 30 COMPRIMIDOS,LOSARTAN 50MG TAB,30.0,53579,LOSACOR D,50 mg + 12.5 mg,HIDROCLOROTIAZIDA + LOSARTAN POTASICO,30
1,0.9333,2438126.0,TERAGRAN 1gr CAJA x 100 TABS,PARACETAMOL 500MG.TABLETAS,100.0,50645,TERAGRAN,1 g,PARACETAMOL,100
1,0.9714,2438875.0,DESAZONA 4mg x 100 TAB (DEXAMETASONA),DEXAMETASONA TABLETAS,100.0,38611,DEXAMETASONA,4 mg,DEXAMETASONA,100
2,0.9714,2438875.0,DESAZONA 4mg x 100 TAB (DEXAMETASONA),DEXAMETASONA TABLETAS,100.0,42074,DEXAMETASONA,4 mg,DEXAMETASONA,100
3,0.9714,2438875.0,DESAZONA 4mg x 100 TAB (DEXAMETASONA),DEXAMETASONA TABLETAS,100.0,43371,DEXAMETASONA,4 mg,DEXAMETASONA,100
1,1.0778,2439026.0,OMEPRAZOL 20mg x 100 CAP - SHERFARMA,OMEPRAZOL CAPSULA,100.0,47305,OMEPRAZOL,20 mg,OMEPRAZOL,100
2,1.0778,2439026.0,OMEPRAZOL 20mg x 100 CAP - SHERFARMA,OMEPRAZOL CAPSULA,100.0,58422,OMEPRAZOL,20 mg,OMEPRAZOL,100
3,0.9778,2439026.0,OMEPRAZOL 20mg x 100 CAP - SHERFARMA,OMEPRAZOL CAPSULA,100.0,38959,OMEPRAZOL,20 mg,OMEPRAZOL,100
1,0.8865,2439454.0,GENTAMICINA 160mg CAJA x 25 AMP - (GENTABIOT) -DANY,GENTAMICINA AMPOLLA,25.0,41053,GENTAMICINA,160 mg/ 2 mL,GENTAMICINA SULFATO,25
2,0.8865,2439454.0,GENTAMICINA 160mg CAJA x 25 AMP - (GENTABIOT) -DANY,GENTAMICINA AMPOLLA,25.0,49086,GENTAMICINA,160 mg/ 2 mL,GENTAMICINA SULFATO,25
3,0.875,2439454.0,GENTAMICINA 160mg CAJA x 25 AMP - (GENTABIOT) -DANY,GENTAMICINA AMPOLLA,25.0,41938,GENTAMICINA,160 mg/ 2 mL,GENTAMICINA,10
1,0.8714,2439561.0,DESLOGLOB 5mg (DESLORATADINA ) CAJA x 30 TABS,<NINGUNO>,30.0,50568,DESLORATADINA,5 mg,DESLORATADINA,30
2,0.8714,2439561.0,DESLOGLOB 5mg (DESLORATADINA ) CAJA x 30 TABS,<NINGUNO>,30.0,50605,DESLOGLOB,5 mg,DESLORATADINA,30
3,0.8214,2439561.0,DESLOGLOB 5mg (DESLORATADINA ) CAJA x 30 TABS,<NINGUNO>,30.0,51269,DESLORATADINA,5 mg,DESLORATADINA,100
1,0.9778,2439668.0,ATORVASTATINA 20mg x 100 TAB - AC FARMA,ATORVASTATINA - 20MG TABLETA,100.0,47307,ATORVASTATINA,20 mg,ATORVASTATINA,100
2,0.9135,2439668.0,ATORVASTATINA 20mg x 100 TAB - AC FARMA,ATORVASTATINA - 20MG TABLETA,100.0,35708,ATORVASTATINA,20 mg,ATORVASTATINA DE CALCIO,100
3,0.9135,2439668.0,ATORVASTATINA 20mg x 100 TAB - AC FARMA,ATORVASTATINA - 20MG TABLETA,100.0,44470,ATORVASTATINA,20 mg,ATORVASTATINA DE CALCIO,100
1,0.9056,2439775.0,KETONIL 2% SHAMPOO x 130ml,<NINGUNO>,1.0,46848,KETONIL,2 %,KETOCONAZOL,1
2,0.9056,2439775.0,KETONIL 2% SHAMPOO x 130ml,<NINGUNO>,1.0,53417,KETONIL,2 %,KETOCONAZOL,1
1,0.8554,2440498.0,TRANEXOL 100mg/ml x 1 AMP,<NINGUNO>,1.0,60651,TRANEXOL,100 mg/ mL,ACIDO TRANEXAMICO,1
1,0.9041,2440505.0,ZESTANID 0.1% CREMA TUBO x 15gr,<NINGUNO>,1.0,42907,ZESTANID,0.1 %,ACEPONATO DE METILPREDNISOLONA,1
1,0.8302,2441077.0,PALA FIEBRE 120mg x 60ml - HERSIL,<NINGUNO>,1.0,50411,PALA® FIEBRE,120 mg/ 5 mL,PARACETAMOL,1
2,0.8302,2441077.0,PALA FIEBRE 120mg x 60ml - HERSIL,<NINGUNO>,1.0,61808,PALA® FIEBRE,120 mg/ 5 mL,PARACETAMOL,1
1,0.9818,2442191.0,MUCOASMAT 600mg CAJA x 30 SOBRES,ACETILCISTEINA ORAL,30.0,50207,MUCOASMAT,600 mg,ACETILCISTEINA,30
2,0.9455,2442191.0,MUCOASMAT 600mg CAJA x 30 SOBRES,ACETILCISTEINA ORAL,30.0,48053,MUCOASMAT,200 mg,ACETILCISTEINA,30
3,0.9318,2442191.0,MUCOASMAT 600mg CAJA x 30 SOBRES,ACETILCISTEINA ORAL,30.0,50210,MUCOASMAT,600 mg,ACETILCISTEINA,1
1,0.8347,2442412.0,GLIBEMET 500mg/5mg CAJA x 30 TABS,<NINGUNO>,30.0,39566,GLIBEMET,500 mg + 5 mg,GLIBENCLAMIDA + CLORHIDRATO DE METFORMINA,30
2,0.818,2442412.0,GLIBEMET 500mg/5mg CAJA x 30 TABS,<NINGUNO>,30.0,39567,GLIBEMET,500 mg + 2.5 mg,GLIBENCICLAMIDA + CLORHIDRATO DE METFORMINA,30
1,0.9106,2443205.0,BECLOMETASONA 250 MCG/INH x 200 DOSIS - PHARMAGEN,<NINGUNO>,1.0,37777,BECLOMETASONA,250 mcg/ dosis,BECLOMETASONA DIPROPIONATO,1
2,0.8369,2443205.0,BECLOMETASONA 250 MCG/INH x 200 DOSIS - PHARMAGEN,<NINGUNO>,1.0,37778,BECLOMETASONA,50 mcg/ dosis,BECLOMETASONA DIPROPIONATO,1
3,0.8106,2443205.0,BECLOMETASONA 250 MCG/INH x 200 DOSIS - PHARMAGEN,<NINGUNO>,1.0,38543,BECLOMETASONA,250 mcg/ dosis,BECLOMETASONA DIPROPIONATO,1
1,0.8857,2443312.0,BROMURO DE IPRATROPIO 20 MCG/INH x 100 DOSIS - PHARMAGEN,<NINGUNO>,1.0,40586,BROMURO DE IPRATROPIO,20 mcg/ dosis,BROMURO DE IPRATROPIO,1
1,0.8492,2443526.0,FLACORT 6mg x 10 TAB - AC FARMA,<NINGUNO>,10.0,40811,FLACORT,6 mg,DEFLAZACORT,10
1,0.8556,2443633.0,FLACORT 30mg x 10 TAB - AC FARMA,<NINGUNO>,10.0,43993,FLACORT,30 mg,DEFLAZACORT,10
1,0.8113,2443740.0,ULCIMET 87.33mg x 150ml - AC FARMA,<NINGUNO>,1.0,45933,ULCIMET ®,87.33 mg/ 5 mL,BISMUTO SUBSALICILATO,1
2,0.8113,2443740.0,ULCIMET 87.33mg x 150ml - AC FARMA,<NINGUNO>,1.0,45934,ULCIMET ®,87.33 mg/ 5 mL,BISMUTO SUBSALICILATO,1
3,0.8061,2443740.0,ULCIMET 87.33mg x 150ml - AC FARMA,<NINGUNO>,1.0,61786,ULCIMET ®,87.33 mg/ 5 mL,SUBSALICILATO DE BISMUTO,1
1,0.8569,2443847.0,MADOPAR 200mg/50mg x 30 COMPRIMIDOS -ROCHE,<NINGUNO>,1.0,58420,MADOPAR,200 mg/ 50 mg,BENSERAZIDA CLORHIDRATO + LEVODOPA,1
2,0.8569,2443847.0,MADOPAR 200mg/50mg x 30 COMPRIMIDOS -ROCHE,<NINGUNO>,1.0,60360,MADOPAR,200 mg + 50 mg,BENSERAZIDA CLORHIDRATO + LEVODOPA,1
1,0.8528,2443954.0,ROACCUTAN 20mg CAJA x 30 CAP,<NINGUNO>,1.0,45075,ROACCUTAN,20 mg,ISOTRETINOINA,30
2,0.8528,2443954.0,ROACCUTAN 20mg CAJA x 30 CAP,<NINGUNO>,1.0,46426,ROACCUTAN,20 mg,ISOTRETINOINA,20
3,0.8083,2443954.0,ROACCUTAN 20mg CAJA x 30 CAP,<NINGUNO>,1.0,49621,ROACCUTAN,10 mg,ISOTRETINOINA,30
1,0.8089,2444098.0,PROMESTINE CREMA VAG. TUBO x 15gr,<NINGUNO>,1.0,45091,PROMESTINE,1 %,PROMESTRIENO,1
1,0.81,2445540.0,DICLOPTIC 0.1% SOL.OFT x 5ml (DICLOFENACO),<NINGUNO>,1.0,38372,DICLOPTIC,0.1 %,DICLOFENACO SODICO,1
1,1.0107,2446333.0,CEFABRONCOL - S 250mg x 60ml,CEFALEXINA JARABE,1.0,45374,CEFABRONCOL-S,250 mg/ 5 mL,CEFALEXINA MONOHIDRATO,1
2,0.9083,2446333.0,CEFABRONCOL - S 250mg x 60ml,CEFALEXINA JARABE,1.0,45696,CEFABRONCOL-S,500 mg,CEFALEXINA MONOHIDRATO,80
3,0.9083,2446333.0,CEFABRONCOL - S 250mg x 60ml,CEFALEXINA JARABE,1.0,60673,CEFABRONCOL-S,500 mg,CEFALEXINA MONOHIDRATO,60
1,0.8179,2447126.0,METAMIZOL SODICO 1gr/2ml x 25 AMP - LUSA,<NINGUNO>,25.0,61978,METAMIZOL SODICO,1 mg/ 2 mL,METAMIZOL SODICO MONOHIDRATO,25
1,1.0091,2448133.0,MEDICORT 4mg x 2ml CAJA x 10AMP,DEXAMETASONA AMPOLLA,10.0,37749,MEDICORT,4 mg,DEXAMETASONA,10
2,0.9893,2448133.0,MEDICORT 4mg x 2ml CAJA x 10AMP,DEXAMETASONA AMPOLLA,10.0,50644,MEDICORT,4 mg/ 2 mL,DEXAMETASONA FOSFATO SODICO,10
3,0.9591,2448133.0,MEDICORT 4mg x 2ml CAJA x 10AMP,DEXAMETASONA AMPOLLA,10.0,37750,MEDICORT,4 mg,DEXAMETASONA,50
1,0.8414,2448347.0,AMOXIDIN CL 600/42.9mg SUSP x 100ml - MEDIFARMA,<NINGUNO>,1.0,35590,AMOXIDIN CL 600,500 mg + 100 mg,AMOXICILINA + CLAVULANATO POTASICO,1
2,0.8414,2448347.0,AMOXIDIN CL 600/42.9mg SUSP x 100ml - MEDIFARMA,<NINGUNO>,1.0,56664,AMOXIDIN CL 600,500 mg + 100 mg,AMOXICILINA + CLAVULANATO POTASICO,1
3,0.8217,2448347.0,AMOXIDIN CL 600/42.9mg SUSP x 100ml - MEDIFARMA,<NINGUNO>,1.0,49673,AMOXIDIN CL 600/42.9,600 mg + 42.9 mg/ 5 mL,ACIDO CLAVULANICO + AMOXICILINA,1
1,0.8216,2450833.0,CEBROCAL 1gr/10ml x 6 SOBRES,<NINGUNO>,6.0,46963,CEBROCAL,1 g,CITICOLINA SODICA,6
1,0.8428,2451947.0,VITAMINA C - PROVITA C 10gr FRASCO x 20ml,<NINGUNO>,1.0,51433,PROVITA C,10 g/ 20 mL,ASCORBICO ACIDO,1
1,0.9124,2452091.0,LEVOFLOXACINO 500mg x 10 TAB - PHARMAGEN,LEVOFLOXACINO 500MG - TAB,10.0,46103,LEVOFLOXACINO,500 mg,LEVOFLOXACINO HEMIHIDRATO,10
2,0.9124,2452091.0,LEVOFLOXACINO 500mg x 10 TAB - PHARMAGEN,LEVOFLOXACINO 500MG - TAB,10.0,49617,LEVOFLOXACINO,500 mg,LEVOFLOXACINO HEMIHIDRATO,10
3,0.9124,2452091.0,LEVOFLOXACINO 500mg x 10 TAB - PHARMAGEN,LEVOFLOXACINO 500MG - TAB,10.0,50377,LEVOFLOXACINO,500 mg,LEVOFLOXACINO HEMIHIDRATO,10
1,0.9243,2452847.0,MERIFAR 10mg/2ml SOL INY x 5 AMP,METOCLOPRAMIDA AMPOLLA,5.0,37006,MERIFAR,10 mg/ 2 mL,METOCLOPRAMIDA CLORHIDRATO MONOHIDRATO,5
2,0.8521,2452847.0,MERIFAR 10mg/2ml SOL INY x 5 AMP,METOCLOPRAMIDA AMPOLLA,5.0,35750,MERIFAR,4 mg/ mL,METOCLOPRAMIDA CLORHIDRATO MONOHIDRATO,1
1,0.8462,2453105.0,GLUCONATO DE CALCIO 10%/10ml x 10 AMP - DANY (GLUCAL),<NINGUNO>,10.0,60916,GLUCONATO DE CALCIO,10 %,GLUCONATO DE CALCIO,10
2,0.8214,2453105.0,GLUCONATO DE CALCIO 10%/10ml x 10 AMP - DANY (GLUCAL),<NINGUNO>,10.0,61367,GLUCONATO DE CALCIO,10 %,CALCIO GLUCONATO MONOHIDRATO,10
3,0.8087,2453105.0,GLUCONATO DE CALCIO 10%/10ml x 10 AMP - DANY (GLUCAL),<NINGUNO>,10.0,35540,GLUCONATO DE CALCIO,10 %,CALCIO GLUCONATO,50
1,0.9461,2453533.0,AZIFAR 500mg x 3 TABLETAS,AZITROMICINA TABLETA,3.0,38763,AZIFAR,500 mg,AZITROMICINA DIHIDRATO,3
2,0.9461,2453533.0,AZIFAR 500mg x 3 TABLETAS,AZITROMICINA TABLETA,3.0,45750,AZIFAR,500 mg,AZITROMICINA DIHIDRATO,3
3,0.9461,2453533.0,AZIFAR 500mg x 3 TABLETAS,AZITROMICINA TABLETA,3.0,56799,AZIFAR,500 mg,AZITROMICINA DIHIDRATO,3
1,0.8152,2453747.0,NORTRICOL 200mg x 20 CAP - SIEGRFRIED,<NINGUNO>,20.0,48411,NORTRICOL,200 mg,FENOFIBRATO,20
1,0.9818,2454326.0,FLAMALGESICO 400mg CAJA x 100 CAP .BLANDAS,IBUPROFENO 400MG.TABLETA,100.0,50898,FLAMALGESICO,400 mg,IBUPROFENO,100
2,0.85,2454326.0,FLAMALGESICO 400mg CAJA x 100 CAP .BLANDAS,IBUPROFENO 400MG.TABLETA,100.0,38744,FLAMALGESICO,100 mg/ 5 mL,IBUPROFENO,1
1,0.9818,2454433.0,FLUDYCISTEINA 600mg CAJA x 30 SOBRES,ACETILCISTEINA ORAL,30.0,50897,FLUDYCISTEINA,600 mg,ACETILCISTEINA,30
2,0.9455,2454433.0,FLUDYCISTEINA 600mg CAJA x 30 SOBRES,ACETILCISTEINA ORAL,30.0,50896,FLUDYCISTEINA,200 mg,ACETILCISTEINA,30
3,0.9318,2454433.0,FLUDYCISTEINA 600mg CAJA x 30 SOBRES,ACETILCISTEINA ORAL,30.0,58359,FLUDYCISTEINA,600 mg,ACETILCISTEINA,32
1,0.8648,2455119.0,CLOMINIL 10mg CAJA x 10 TABS,<NINGUNO>,10.0,40777,CLOMINIL,10 mg,ESCITALOPRAM OXALATO,10
1,0.8,2455761.0,LEVO-DEL x 100 TAB - DELFARMA,LEVOCETIRIZINA,100.0,41374,LEVO DEL,5 mg,LEVOCETIRIZINA DICLORHIDRATO,100
1,0.9333,2460084.0,CLORURO DE SODIO 0.9% x 100ml - PHARMAGEN,<NINGUNO>,1.0,42288,CLORURO DE SODIO,0.9 %,CLORURO DE SODIO,1
2,0.9333,2460084.0,CLORURO DE SODIO 0.9% x 100ml - PHARMAGEN,<NINGUNO>,1.0,42403,CLORURO DE SODIO,0.9 %,CLORURO DE SODIO,1
3,0.9333,2460084.0,CLORURO DE SODIO 0.9% x 100ml - PHARMAGEN,<NINGUNO>,1.0,48700,CLORURO DE SODIO,0.9 %,CLORURO DE SODIO,1
1,0.8428,2460626.0,APIRON 500mg/ml GOTAS x 10ml,METAMIZOL GOTAS,1.0,32642,APIRON,500 mg/ mL,METAMIZOL SODICO MONOHIDRATO,1
2,0.8428,2460626.0,APIRON 500mg/ml GOTAS x 10ml,METAMIZOL GOTAS,1.0,54169,APIRON,500 mg/ mL,METAMIZOL SODICO MONOHIDRATO,1
1,0.9865,2462533.0,LINCOMICINA 600mg x 10 AMP - MEDIFARMA,LINCOMICINA - AMPOLLA,10.0,50455,LINCOMICINA,600 mg/ 2 mL,LINCOMICINA CLORHIDRATO,10
2,0.8865,2462533.0,LINCOMICINA 600mg x 10 AMP - MEDIFARMA,LINCOMICINA - AMPOLLA,10.0,53788,LINCOMICINA,600 mg/ 2 mL,LINCOMICINA CLORHIDRATO,10
3,0.8865,2462533.0,LINCOMICINA 600mg x 10 AMP - MEDIFARMA,LINCOMICINA - AMPOLLA,10.0,56886,LINCOMICINA,600 mg/ 2 mL,LINCOMICINA CLORHIDRATO,10
1,0.8943,2462747.0,ALDOMET 500mg CAJA x 30 TABS,<NINGUNO>,30.0,44774,ALDOMET,500 mg,METILDOPA,30
2,0.8943,2462747.0,ALDOMET 500mg CAJA x 30 TABS,<NINGUNO>,30.0,60838,ALDOMET,500 mg,METILDOPA,30
3,0.858,2462747.0,ALDOMET 500mg CAJA x 30 TABS,<NINGUNO>,30.0,45931,ALDOMET,250 mg,METILDOPA,30
1,0.8175,2463540.0,CLAVUMOX 400mg x 100ml SUSP,<NINGUNO>,1.0,54868,CLAVUMOX,500 mg + 125 mg,ACIDO CLAVULANICO + AMOXICILINA TRIHIDRATO,1
1,0.844,2463968.0,KETOROLACO 30mg IM/IV x 25 AMP - DANY,KETOROLACO - AMPOLLA,25.0,56189,KETOROLACO,60 mg/ 2 mL,KETOROLACO TROMETAMINA,25
2,0.8417,2463968.0,KETOROLACO 30mg IM/IV x 25 AMP - DANY,KETOROLACO - AMPOLLA,25.0,25538,KETOROLACO,10 mg,KETOROLACO TROMETAMOL,10
3,0.8417,2463968.0,KETOROLACO 30mg IM/IV x 25 AMP - DANY,KETOROLACO - AMPOLLA,25.0,27722,KETOROLACO,10 mg,KETOROLACO TROMETAMOL,100
1,0.8152,2465875.0,VANCOMICINA 500mg AMPOLLA - DANY,<NINGUNO>,10.0,38735,VANCOMICINA,500 mg,VANCOMICINA,10
1,0.8303,2467996.0,ELBRUS 1mg CAJA x 30 COMPRIMIDOS,<NINGUNO>,1.0,34661,ELBRUS,1 mg,RASAGILINA,30
2,0.8303,2467996.0,ELBRUS 1mg CAJA x 30 COMPRIMIDOS,<NINGUNO>,1.0,49437,ELBRUS,1 mg,RASAGILINA,30
1,0.9524,2468147.0,CEFALEXINA 250mg SUSP x 60ml - PORTUGAL,CEFALEXINA JARABE,1.0,33891,CEFALEXINA,250 mg/ 5 mL,CEFALEXINA,1
2,0.9107,2468147.0,CEFALEXINA 250mg SUSP x 60ml - PORTUGAL,CEFALEXINA JARABE,1.0,37135,CEFALEXINA,250 mg/ 5 mL,CEFALEXINA MONOHIDRATO,1
3,0.9107,2468147.0,CEFALEXINA 250mg SUSP x 60ml - PORTUGAL,CEFALEXINA JARABE,1.0,41547,CEFALEXINA,250 mg/ 5 mL,CEFALEXINA MONOHIDRATO,1
1,1.0124,2468361.0,LEVOFLOXACINO 500mg x 100 TAB - PORTUGAL,LEVOFLOXACINO 500MG - TAB,100.0,51133,LEVOFLOXACINO,500 mg,LEVOFLOXACINO HEMIHIDRATO,100
2,0.926,2468361.0,LEVOFLOXACINO 500mg x 100 TAB - PORTUGAL,LEVOFLOXACINO 500MG - TAB,100.0,52876,LEVOFLOXACINO,750 mg,LEVOFLOXACINO HEMIHIDRATO,30
3,0.9124,2468361.0,LEVOFLOXACINO 500mg x 100 TAB - PORTUGAL,LEVOFLOXACINO 500MG - TAB,100.0,42975,LEVOFLOXACINO,500 mg,LEVOFLOXACINO HEMIHIDRATO,100
1,1.0714,2468468.0,GLIBENCLAMIDA 5mg x 100 TAB - PORTUGAL,GLIBENCLAMIDA - TABLETA,100.0,51132,GLIBENCLAMIDA,5 mg,GLIBENCLAMIDA,100
2,1.0214,2468468.0,GLIBENCLAMIDA 5mg x 100 TAB - PORTUGAL,GLIBENCLAMIDA - TABLETA,100.0,61525,GLIBENCLAMIDA,5 mg,GLIBENCLAMIDA,200
3,0.9714,2468468.0,GLIBENCLAMIDA 5mg x 100 TAB - PORTUGAL,GLIBENCLAMIDA - TABLETA,100.0,37580,GLIBENCLAMIDA,5 mg,GLIBENCLAMIDA,100
1,0.8703,2470740.0,QUETIDIN 100MG x 30TAB - FARMINDUSTRIA,<NINGUNO>,30.0,46062,QUETIDIN,100 mg,QUETIAPINA FUMARATO,30
2,0.8339,2470740.0,QUETIDIN 100MG x 30TAB - FARMINDUSTRIA,<NINGUNO>,30.0,39110,QUETIDIN,300 mg,QUETIAPINA FUMARATO,30
3,0.8339,2470740.0,QUETIDIN 100MG x 30TAB - FARMINDUSTRIA,<NINGUNO>,30.0,39111,QUETIDIN,200 mg,QUETIAPINA FUMARATO,30
1,0.818,2471319.0,NOTIZOL B CREMA TUBO x 20gr,CLOTRI+DEXA+GENTA,1.0,50392,NOTIZOL B,1 g + 0.1 g + 0.05 g,BETAMETASONA DIPROPIONATO + CLOTRIMAZOL + GENTAMICINA SULFATO,1
2,0.818,2471319.0,NOTIZOL B CREMA TUBO x 20gr,CLOTRI+DEXA+GENTA,1.0,51532,NOTIZOL B,1 g + 0.1 g + 0.05 g,BETAMETASONA DIPROPIONATO + CLOTRIMAZOL + GENTAMICINA SULFATO,1
1,0.8906,2471426.0,IRBESARTAN 300mg x 30 TAB - SHERFARMA,<NINGUNO>,30.0,51436,IRBESARTAN,300 mg,IRBESARTAN,30
2,0.8179,2471426.0,IRBESARTAN 300mg x 30 TAB - SHERFARMA,<NINGUNO>,30.0,51481,IRBESARTAN,150 mg,IRBESARTAN,30
1,0.8906,2471533.0,IRBESARTAN 150mg x 30 TAB - SHERFARMA,<NINGUNO>,30.0,51481,IRBESARTAN,150 mg,IRBESARTAN,30
2,0.8179,2471533.0,IRBESARTAN 150mg x 30 TAB - SHERFARMA,<NINGUNO>,30.0,51436,IRBESARTAN,300 mg,IRBESARTAN,30
1,0.8778,2471640.0,RETEVEN CR 10mg x 10 COMP - TECNOFARMA,<NINGUNO>,10.0,47369,RETEVEN CR®,10 mg,OXIBUTININA CLORHIDRATO,10
1,0.8455,2471854.0,TAMSULON DUO 0.5mg x 30 CAP - TECNOFARMA,<NINGUNO>,30.0,54347,TAMSULON,0.4 mg,TAMSULOSINA CLORHIDRATO,30
2,0.8396,2471854.0,TAMSULON DUO 0.5mg x 30 CAP - TECNOFARMA,<NINGUNO>,30.0,44667,TAMSULON DUO,0.5 mg + 0.4 mg,DUTASTERIDA + TAMSULOSINA CLORHIDRATO,30
1,0.8895,2473868.0,LOSARTAN 50mg x 100 TAB - AC FARMA,LOSARTAN 50MG TAB,100.0,7008,LOSARTAN,50 mg,LOSARTAN POTASICO,100
2,0.8895,2473868.0,LOSARTAN 50mg x 100 TAB - AC FARMA,LOSARTAN 50MG TAB,100.0,41134,LOSARTAN,50 mg,LOSARTAN POTASICO,100
3,0.8895,2473868.0,LOSARTAN 50mg x 100 TAB - AC FARMA,LOSARTAN 50MG TAB,100.0,43477,LOSARTAN,50 mg,LOSARTAN POTASICO,100
1,0.8617,2474340.0,MONUROL 3G x 1 SOBRE - LUKOLL,<NINGUNO>,1.0,44311,MONUROL,3 g,FOSFOMICINA TROMETAMOL,1
1,0.8949,2474661.0,DICLOFENACO 75mg x 100 AMP - DANY,DICLOFENACO - AMPOLLA,100.0,43367,DICLOFENACO,50 mg,DICLOFENACO SODICO,100
2,0.8949,2474661.0,DICLOFENACO 75mg x 100 AMP - DANY,DICLOFENACO - AMPOLLA,100.0,49641,DICLOFENACO,50 mg,DICLOFENACO SODICO,100
3,0.8949,2474661.0,DICLOFENACO 75mg x 100 AMP - DANY,DICLOFENACO - AMPOLLA,100.0,52870,DICLOFENACO,50 mg,DICLOFENACO SODICO,100
1,0.836,2475775.0,LEVOTIROXINA 100mcg x 100 TAB - AC FARMA,LEVOTIROXINA - TABLETA,100.0,38160,LEVOTIROXINA SODICA,100 mcg,LEVOTIROXINA DE SODIO,100
2,0.836,2475775.0,LEVOTIROXINA 100mcg x 100 TAB - AC FARMA,LEVOTIROXINA - TABLETA,100.0,51557,LEVOTIROXINA SODICA,100 mcg,LEVOTIROXINA DE SODIO,100
3,0.836,2475775.0,LEVOTIROXINA 100mcg x 100 TAB - AC FARMA,LEVOTIROXINA - TABLETA,100.0,52420,LEVOTIROXINA SODICA,100 mcg,LEVOTIROXINA DE SODIO,100
1,0.9615,2476889.0,DOLOCORDRALAN FORTE 2% GEL x 50GR,DICLOFENACO - GEL,1.0,52244,DOLOCORDRALAN FORTE 2%,2 %,DICLOFENACO DIETILAMINA,1
1,0.9961,2476996.0,AZITROMICINA 500mg x 100 TAB - PORTUGAL,AZITROMICINA TABLETA,100.0,44125,AZITROMICINA,500 mg,AZITROMICINA DIHIDRATO,3
2,0.9461,2476996.0,AZITROMICINA 500mg x 100 TAB - PORTUGAL,AZITROMICINA TABLETA,100.0,49602,AZITROMICINA,500 mg,AZITROMICINA DIHIDRATO,100
3,0.9461,2476996.0,AZITROMICINA 500mg x 100 TAB - PORTUGAL,AZITROMICINA TABLETA,100.0,49649,AZITROMICINA,500 mg,AZITROMICINA DIHIDRATO,100
1,0.8833,2477896.0,PREGABALINA 75mg x 30 CAP - BONAPHARM,<NINGUNO>,30.0,50689,PREGABALINA,75 mg,PREGABALINA,30
2,0.8256,2477896.0,PREGABALINA 75mg x 30 CAP - BONAPHARM,<NINGUNO>,30.0,50690,PREGABALINA,150 mg,PREGABALINA,30
1,0.8615,2478803.0,NORFLEX x 10 TABS,ORFENADRINA - TABLETA,10.0,49317,NORFLEX,100 mg,ORFENADRINA CITRATO,10
2,0.8115,2478803.0,NORFLEX x 10 TABS,ORFENADRINA - TABLETA,10.0,38544,NORFLEX,60 mg/ 2 mL,ORFENADRINA CITRATO,1
3,0.8115,2478803.0,NORFLEX x 10 TABS,ORFENADRINA - TABLETA,10.0,40409,NORFLEX,100 mg,ORFENADRINA CITRATO,100
1,0.8874,2479482.0,TALFLEX BI 150mg CAJA x 14 COMPRIMIDOS,<NINGUNO>,14.0,52316,TALFLEX BI,150 mg,KETOPROFENO,14
2,0.8874,2479482.0,TALFLEX BI 150mg CAJA x 14 COMPRIMIDOS,<NINGUNO>,14.0,56145,TALFLEX BI,150 mg,KETOPROFENO,14
3,0.8374,2479482.0,TALFLEX BI 150mg CAJA x 14 COMPRIMIDOS,<NINGUNO>,14.0,43889,TALFLEX BI,150 mg,KETOPROFENO,10
1,0.8648,2479917.0,BIVADIN 10mg CAJA x 20 COMPRIMIDOS,<NINGUNO>,20.0,30407,BIVADIN,10 mg,ESCITALOPRAM OXALATO,20
2,0.8648,2479917.0,BIVADIN 10mg CAJA x 20 COMPRIMIDOS,<NINGUNO>,20.0,42070,BIVADIN,10 mg,ESCITALOPRAM OXALATO,20
3,0.8148,2479917.0,BIVADIN 10mg CAJA x 20 COMPRIMIDOS,<NINGUNO>,20.0,40450,BIVADIN,10 mg,ESCITALOPRAM OXALATO,10
1,0.9278,2480426.0,PAROXETINA 20mg CAJA x 50 TAB.- AC FARMA,PAROXETINA 20MG,50.0,39155,PAROXETINA,20 mg,PAROXETINA CLORHIDRATO,50
2,0.8778,2480426.0,PAROXETINA 20mg CAJA x 50 TAB.- AC FARMA,PAROXETINA 20MG,50.0,35849,PAROXETINA,20 mg,PAROXETINA CLORHIDRATO,30
3,0.8778,2480426.0,PAROXETINA 20mg CAJA x 50 TAB.- AC FARMA,PAROXETINA 20MG,50.0,44678,PAROXETINA,20 mg,CLORHIDRATO DE PAROXETINA HEMIHIDRATO,20
1,0.9439,2480640.0,MILPAX F 10ml x 12 SOBRES,ALGINATO + BICARBONATO + CARBONATO CALCI,12.0,51600,MILPAX F,500 mg/ 10 mL + 267 mg/ 10 mL + 160 mg/ 10 mL,BICARBONATO DE SODIO + CARBONATO DE CALCIO + ALGINATO DE SODIO,12
2,0.8939,2480640.0,MILPAX F 10ml x 12 SOBRES,ALGINATO + BICARBONATO + CARBONATO CALCI,12.0,52287,MILPAX F,500 mg/ 10 mL + 267 mg/ 10 mL + 160 mg/ 10 mL,BICARBONATO DE SODIO + CARBONATO DE CALCIO + ALGINATO DE SODIO,1
1,0.95,2481005.0,DEXAMETASONA 4mg/1ml CJA x 50 AMP - SHERFARMA,DEXAMETASONA AMPOLLA,50.0,51336,DEXAMETASONA,4 mg/ mL,DEXAMETASONA FOSFATO SODICO,50
2,0.8955,2481005.0,DEXAMETASONA 4mg/1ml CJA x 50 AMP - SHERFARMA,DEXAMETASONA AMPOLLA,50.0,37907,DEXAMETASONA,1 mg,DEXAMETASONA,100
3,0.8643,2481005.0,DEXAMETASONA 4mg/1ml CJA x 50 AMP - SHERFARMA,DEXAMETASONA AMPOLLA,50.0,49056,DEXAMETASONA,4 mg/ 2 mL,DEXAMETASONA FOSFATO SODICO,50
1,0.8333,2481433.0,XAROBAN 20mg CAJA x 15 COMPRIMIDOS,<NINGUNO>,1.0,50790,XAROBAN,20 mg,RIVAROXABAN,15
1,0.8297,2481754.0,ZITROZIN 200mg/5ml SUSP. x 30ml - MARKOS,<NINGUNO>,1.0,42670,ZITROZIN,200 mg/ 5 mL,AZITROMICINA DIHIDRATO,1
2,0.8297,2481754.0,ZITROZIN 200mg/5ml SUSP. x 30ml - MARKOS,<NINGUNO>,1.0,44256,ZITROZIN,200 mg/ 5 mL,AZITROMICINA DIHIDRATO,1
1,0.8,2482226.0,NEOSIL 1% FRASCO - DROGUERIA TOBAL,<NINGUNO>,1.0,48178,NEOSIL,1 %,TERBINAFINA CLORHIDRATO,1
2,0.8,2482226.0,NEOSIL 1% FRASCO - DROGUERIA TOBAL,<NINGUNO>,1.0,51861,NEOSIL,1 %,TERBINAFINA CLORHIDRATO,1
1,0.8676,2482868.0,DOLORAL FORTE SUSPENSION x 60ml,<NINGUNO>,1.0,38312,DOLORAL,40 mg/ mL,IBUPROFENO,1
2,0.8676,2482868.0,DOLORAL FORTE SUSPENSION x 60ml,<NINGUNO>,1.0,61663,DOLORAL,40 mg/ mL,IBUPROFENO,1
3,0.8476,2482868.0,DOLORAL FORTE SUSPENSION x 60ml,<NINGUNO>,1.0,39684,DOLORAL,100 mg/ 5 mL,IBUPROFENO,1
1,1.0615,2484347.0,BENGUE 1% (DICLOFENACO) x 60GR,DICLOFENACO - GEL,1.0,43555,DICLOFENACO,1 %,DICLOFENACO DIETILAMONIO,1
2,1.0615,2484347.0,BENGUE 1% (DICLOFENACO) x 60GR,DICLOFENACO - GEL,1.0,43683,DICLOFENACO,1 %,DICLOFENACO DIETILAMINA,1
3,1.0615,2484347.0,BENGUE 1% (DICLOFENACO) x 60GR,DICLOFENACO - GEL,1.0,54722,DICLOFENACO,1 %,DICLOFENACO DIETILAMINA,1
1,0.8631,2485354.0,METFORMINA 850mg x 100 TAB - PERUFARMA,<NINGUNO>,100.0,45779,METFORMINA,850 mg,CLORHIDRATO DE METFORMINA,100
1,0.8815,2487047.0,ORFENADRINA 60mg x 100 AMP - DIPHASAC,ORFENADRINA - AMPOLLA,100.0,55608,ORFENADRINA,100 mg,ORFENADRINA CITRATO,100
2,0.8815,2487047.0,ORFENADRINA 60mg x 100 AMP - DIPHASAC,ORFENADRINA - AMPOLLA,100.0,55910,ORFENADRINA,100 mg,ORFENADRINA CITRATO,100
3,0.881,2487047.0,ORFENADRINA 60mg x 100 AMP - DIPHASAC,ORFENADRINA - AMPOLLA,100.0,51169,ORFENADRINA CITRATO,60 mg/ 2 mL,ORFENADRINA,100
1,0.92,2488482.0,TRAMADOL 100mg x 10 AMP - VITALIS,TRAMADOL 50MG INY,10.0,46714,TRAMADOL,50 mg,TRAMADOL,10
2,0.87,2488482.0,TRAMADOL 100mg x 10 AMP - VITALIS,TRAMADOL 50MG INY,10.0,59113,TRAMADOL,50 mg,TRAMADOL,100
3,0.835,2488482.0,TRAMADOL 100mg x 10 AMP - VITALIS,TRAMADOL 50MG INY,10.0,58354,TRAMADOL,100 mg/ 2 mL,CLORHIDRATO DE TRAMADOL,10
1,0.8854,2488917.0,AMPICILINA 500mg x 120 CAP - GENFAR,<NINGUNO>,120.0,55770,AMPICILINA,500 mg,AMPICILINA TRIHIDRATO,120
2,0.8354,2488917.0,AMPICILINA 500mg x 120 CAP - GENFAR,<NINGUNO>,120.0,40238,AMPICILINA,500 mg,AMPICILINA TRIHIDRATO,100
3,0.8354,2488917.0,AMPICILINA 500mg x 120 CAP - GENFAR,<NINGUNO>,120.0,56397,AMPICILINA,500 mg,AMPICILINA TRIHIDRATO,100
1,0.8874,2490968.0,PREGABALINA 150mg x 30 CAP.- BONAPHARM,<NINGUNO>,30.0,50690,PREGABALINA,150 mg,PREGABALINA,30
2,0.8256,2490968.0,PREGABALINA 150mg x 30 CAP.- BONAPHARM,<NINGUNO>,30.0,50689,PREGABALINA,75 mg,PREGABALINA,30
1,0.8791,2491547.0,AMLODIPRESS 5mg CAJA x 30 TABS,<NINGUNO>,30.0,47310,AMLODIPRESS,5 mg,AMLODIPINO BESILATO,30
2,0.8077,2491547.0,AMLODIPRESS 5mg CAJA x 30 TABS,<NINGUNO>,30.0,49563,AMLODIPRESS,10 mg,AMLODIPINO BESILATO,30
1,0.8684,2491761.0,FRENALER 2.5mg JBE x 60ml,<NINGUNO>,1.0,53094,FRENALER,2.5 mg/ 5 mL,DESLORATADINA,1
1,0.8214,2491868.0,ACIDO FUSIDICO 2% CREMA x 15gr - IQ FARMA,<NINGUNO>,1.0,40091,ACIDO FUSIDICO,2 %,ACIDO FUSIDICO,1
2,0.8214,2491868.0,ACIDO FUSIDICO 2% CREMA x 15gr - IQ FARMA,<NINGUNO>,1.0,45249,ACIDO FUSIDICO,2 %,ACIDO FUSIDICO,1
3,0.8214,2491868.0,ACIDO FUSIDICO 2% CREMA x 15gr - IQ FARMA,<NINGUNO>,1.0,47504,ACIDO FUSIDICO,2 %,ACIDO FUSIDICO,1
1,0.8084,2491975.0,ATROPINA SULFATO 1mg/1ml AMP - CAJA x 10 - DANY,<NINGUNO>,10.0,52179,ATROPINA SULFATO,1 mg/ mL,ATROPINA SULFATO,10
2,0.8084,2491975.0,ATROPINA SULFATO 1mg/1ml AMP - CAJA x 10 - DANY,<NINGUNO>,10.0,54350,ATROPINA SULFATO,1 mg/ mL,ATROPINA SULFATO,10
3,0.8084,2491975.0,ATROPINA SULFATO 1mg/1ml AMP - CAJA x 10 - DANY,<NINGUNO>,10.0,57624,ATROPINA SULFATO,1 mg/ mL,ATROPINA SULFATO,10
1,0.8874,2492982.0,DI-PROFEKET 150mg CAJA x 20 CAP,<NINGUNO>,20.0,61467,DI-PROFEKET,150 mg,KETOPROFENO,20
2,0.8374,2492982.0,DI-PROFEKET 150mg CAJA x 20 CAP,<NINGUNO>,20.0,60571,DI-PROFEKET,150 mg,KETOPROFENO,10
1,0.8037,2493240.0,MUCOTRIM FORTE 30mg/5ml JBE x 100ml,<NINGUNO>,1.0,49995,MUCOTRIM FORTE,30 mg/ 5 mL,AMBROXOL CLORHIDRATO,1
2,0.8037,2493240.0,MUCOTRIM FORTE 30mg/5ml JBE x 100ml,<NINGUNO>,1.0,60002,MUCOTRIM,15 mg/ 5 mL,AMBROXOL CLORHIDRATO,1
1,0.8833,2496047.0,XARELTO 20MG x 14 COMP - BAYER,<NINGUNO>,14.0,32921,XARELTO,20 mg,RIVAROXABAN,14
2,0.8833,2496047.0,XARELTO 20MG x 14 COMP - BAYER,<NINGUNO>,14.0,51845,XARELTO,20 mg,RIVAROXABAN,14
3,0.8333,2496047.0,XARELTO 20MG x 14 COMP - BAYER,<NINGUNO>,14.0,32922,XARELTO,20 mg,RIVAROXABAN,28
1,0.8152,2496796.0,ITRACONAZOL 100mg x 100 CAP.-AC FARMA,<NINGUNO>,100.0,37622,ITRACONAZOL,100 mg,ITRACONAZOL,100
2,0.8152,2496796.0,ITRACONAZOL 100mg x 100 CAP.-AC FARMA,<NINGUNO>,100.0,40690,ITRACONAZOL,100 mg,ITRACONAZOL,100
3,0.8152,2496796.0,ITRACONAZOL 100mg x 100 CAP.-AC FARMA,<NINGUNO>,100.0,51664,ITRACONAZOL,100 mg,ITRACONAZOL,100
1,1.031,2496803.0,EUTIROX 125mg x 50 TAB - MERCK,LEVOTIROXINA - TABLETA,50.0,38220,EUTIROX,125 mcg,LEVOTIROXINA DE SODIO,50
2,1.031,2496803.0,EUTIROX 125mg x 50 TAB - MERCK,LEVOTIROXINA - TABLETA,50.0,57184,EUTIROX,125 mcg,LEVOTIROXINA DE SODIO,50
3,1.0097,2496803.0,EUTIROX 125mg x 50 TAB - MERCK,LEVOTIROXINA - TABLETA,50.0,37284,EUTIROX,25 mcg,LEVOTIROXINA DE SODIO,50
1,0.9879,2498061.0,METAMIZOL SODICO 1gr/2ml x 10 AMP - VITALIS,METAMIZOL AMPOLLA,10.0,38559,METAMIZOL SODICO,1 g/ 2 mL,METAMIZOL SODICO MONOHIDRATO,10
2,0.9879,2498061.0,METAMIZOL SODICO 1gr/2ml x 10 AMP - VITALIS,METAMIZOL AMPOLLA,10.0,57734,METAMIZOL SODICO,1 g/ 2 mL,METAMIZOL SODICO MONOHIDRATO,10
3,0.8879,2498061.0,METAMIZOL SODICO 1gr/2ml x 10 AMP - VITALIS,METAMIZOL AMPOLLA,10.0,37197,METAMIZOL SODICO,1 g/ 2 mL,METAMIZOL SODICO MONOHIDRATO,10
1,0.9643,2498275.0,DEXCORTIL 4 mg/2 mL x 10 AMP. (DEXAMETASONA) - DANY,DEXAMETASONA AMPOLLA,10.0,55988,DEXCORTIL,4 mg/ 2 mL,DEXAMETASONA FOSFATO,10
2,0.9421,2498275.0,DEXCORTIL 4 mg/2 mL x 10 AMP. (DEXAMETASONA) - DANY,DEXAMETASONA AMPOLLA,10.0,59597,DEXCORTIL,4 mg/ 1 mL,DEXAMETASONA FOSFATO,10
1,0.8607,2499824.0,ADAX FLU JBE x 60ml - FARMINDUSTRIA,PSEUDOEFREDRINA JARABE,1.0,39736,ADAX FLU,100 mg + 15 mg/ 5 mL,IBUPROFENO + CLORHIDRATO DE PSEUDOEFEDRINA,1
2,0.8334,2499824.0,ADAX FLU JBE x 60ml - FARMINDUSTRIA,PSEUDOEFREDRINA JARABE,1.0,46086,ADAX,100 mg/ 5 mL,IBUPROFENO,1
3,0.8334,2499824.0,ADAX FLU JBE x 60ml - FARMINDUSTRIA,PSEUDOEFREDRINA JARABE,1.0,46087,ADAX,100 mg/ 5 mL,IBUPROFENO,1
1,0.8709,2500049.0,CLAVUNIL 250mg/62.5mg FRASCO x 60ml,<NINGUNO>,1.0,38449,CLAVUNIL,250 mg + 62.5 mg/ 5 mL,ACIDO CLAVULANICO + AMOXICILINA TRIHIDRATO,1
1,0.83,2501377.0,ISOCONAZOL 1% CREMA x 20gr - FARMINDUSTRIA,<NINGUNO>,1.0,40152,ISOCONAZOL,1 %,ISOCONAZOL NITRATO,1
2,0.83,2501377.0,ISOCONAZOL 1% CREMA x 20gr - FARMINDUSTRIA,<NINGUNO>,1.0,42077,ISOCONAZOL,1 %,ISOCONAZOL NITRATO,1
3,0.83,2501377.0,ISOCONAZOL 1% CREMA x 20gr - FARMINDUSTRIA,<NINGUNO>,1.0,45267,ISOCONAZOL,1 %,ISOCONAZOL NITRATO,1
1,0.8833,2501484.0,LIMIAR 75mg CAJA x 30 CAP,<NINGUNO>,30.0,54917,LIMIAR,75 mg,PREGABALINA,30
2,0.8256,2501484.0,LIMIAR 75mg CAJA x 30 CAP,<NINGUNO>,30.0,54918,LIMIAR,150 mg,PREGABALINA,30
1,0.8874,2501591.0,LIMIAR 150mg CAJA x 30 CAP,<NINGUNO>,30.0,54918,LIMIAR,150 mg,PREGABALINA,30
2,0.8256,2501591.0,LIMIAR 150mg CAJA x 30 CAP,<NINGUNO>,30.0,54917,LIMIAR,75 mg,PREGABALINA,30
1,0.937,2501698.0,ATROPINA SULFATO 1% SOL.OFT - LANSIER,<NINGUNO>,1.0,46025,ATROPINA SULFATO,1 %,ATROPINA SULFATO,1
2,0.937,2501698.0,ATROPINA SULFATO 1% SOL.OFT - LANSIER,<NINGUNO>,1.0,55934,ATROPINA SULFATO,1 %,ATROPINA SULFATO,1
3,0.887,2501698.0,ATROPINA SULFATO 1% SOL.OFT - LANSIER,<NINGUNO>,1.0,50846,ATROPINA SULFATO,1 %,ATROPINA SULFATO,20
1,0.8976,2501812.0,NOVOCORTIL 250MG VIAL - AC FARMA,<NINGUNO>,1.0,42908,NOVOCORTIL,250 mg,HIDROCORTISONA SUCCINATO SODICO,1
2,0.8249,2501812.0,NOVOCORTIL 250MG VIAL - AC FARMA,<NINGUNO>,1.0,43503,NOVOCORTIL,100 mg,HIDROCORTISONA SUCCINATO SODICO,1
1,0.8673,2501919.0,ESOMEPRAZOL 20mg x 50 TAB - AC FARMA,<NINGUNO>,50.0,42958,ESOMEPRAZOL,20 mg,ESOMEPRAZOL MAGNESIO TRIHIDRATO,50
2,0.8228,2501919.0,ESOMEPRAZOL 20mg x 50 TAB - AC FARMA,<NINGUNO>,50.0,40992,ESOMEPRAZOL,40 mg,ESOMEPRAZOL MAGNESIO TRIHIDRATO,50
3,0.8173,2501919.0,ESOMEPRAZOL 20mg x 50 TAB - AC FARMA,<NINGUNO>,50.0,57783,ESOMEPRAZOL,20 mg,ESOMEPRAZOL MAGNESIO TRIHIDRATO,30
1,0.8365,2503612.0,ALERGICAL SF JBE x 110ml,PSEUDOEFREDRINA JARABE,1.0,39843,ALERGICAL SF,2 mg + 30 mg/ 5 mL,CLORFENAMINA MALEATO + CLORHIDRATO DE PSEUDOEFEDRINA,1
2,0.8365,2503612.0,ALERGICAL SF JBE x 110ml,PSEUDOEFREDRINA JARABE,1.0,41840,ALERGICAL SF,2 mg + 30 mg/ 5 mL,CLORFENAMINA MALEATO + CLORHIDRATO DE PSEUDOEFEDRINA,1
3,0.8365,2503612.0,ALERGICAL SF JBE x 110ml,PSEUDOEFREDRINA JARABE,1.0,57243,ALERGICAL SF,2 mg + 30 mg/ 5 mL,CLORFENAMINA MALEATO + CLORHIDRATO DE PSEUDOEFEDRINA,1
1,0.877,2503826.0,INDUCTAL 2mg CAJA x 30 COMPRIMIDOS,<NINGUNO>,30.0,51749,INDUCTAL,2 mg,ESZOPICLONA,30
2,0.8198,2503826.0,INDUCTAL 2mg CAJA x 30 COMPRIMIDOS,<NINGUNO>,30.0,51750,INDUCTAL,3 mg,ESZOPICLONA,30
1,0.8941,2505084.0,FREEGEN GEL 1% FRASCO x 15ml,<NINGUNO>,1.0,36863,FREEGEN GEL,1 %,CARBOXIMETILCELULOSA SODICA,1
1,0.8844,2507098.0,MISULONA 200mg (PROGESTERONA) CAJA x 10 CAP,<NINGUNO>,10.0,53279,MISULONA,200 mg,PROGESTERONA,10
1,0.8118,2507319.0,BONESE 150mg CAJA x 3 CAP BLANDAS,<NINGUNO>,3.0,48373,BONESE,150 mg,IBANDRONATO SODICO,3
1,0.8854,2508005.0,CLOTIPIDE 250MG x 25CAP - AC FARMA,<NINGUNO>,25.0,50525,CLOTIPIDE,250 mg,ACIDO URSODEOXICOLICO,25
1,0.9716,2508112.0,TERBINAFINA 1% CREMA x 20gr - PORTUGAL,VITAMINA E CAPSULA,1.0,37463,TERBINAFINA,1 %,TERBINAFINA CLORHIDRATO,1
2,0.9716,2508112.0,TERBINAFINA 1% CREMA x 20gr - PORTUGAL,VITAMINA E CAPSULA,1.0,55732,TERBINAFINA,1 %,TERBINAFINA CLORHIDRATO,1
3,0.8716,2508112.0,TERBINAFINA 1% CREMA x 20gr - PORTUGAL,VITAMINA E CAPSULA,1.0,40215,TERBINAFINA,1 %,TERBINAFINA CLORHIDRATO,1
1,0.9949,2508219.0,CLAVUTRIM 1gr x 7 TAB - PORTUGAL,AMOXICILINA CAPSULA,7.0,51387,CLAVUTRIM,1 g,AMOXICILINA TRIHIDRATO,7
2,0.8401,2508219.0,CLAVUTRIM 1gr x 7 TAB - PORTUGAL,AMOXICILINA CAPSULA,7.0,52479,CLAVUTRIM,250 mg/ 5 mL,AMOXICILINA TRIHIDRATO,1
3,0.8401,2508219.0,CLAVUTRIM 1gr x 7 TAB - PORTUGAL,AMOXICILINA CAPSULA,7.0,54723,CLAVUTRIM,250 mg/ 5 mL,AMOXICILINA TRIHIDRATO,1
1,0.9249,2509975.0,SOLIXIL 5mg CAJA x 10 TABS,<NINGUNO>,10.0,52727,SOLIXIL®,5 mg,SOLIFENACINA SUCCINATO,10
1,0.8835,2510484.0,AMOXICILINA CAP 500mg x 120 - GEN FAR,<NINGUNO>,120.0,56396,AMOXICILINA,500 mg,AMOXICILINA TRIHIDRATO,120
2,0.8374,2510484.0,AMOXICILINA CAP 500mg x 120 - GEN FAR,<NINGUNO>,120.0,40205,AMOXICILINA,500 mg,AMOXICILINA,50
3,0.8335,2510484.0,AMOXICILINA CAP 500mg x 120 - GEN FAR,<NINGUNO>,120.0,27616,AMOXICILINA,500 mg,AMOXICILINA TRIHIDRATO,100
1,0.859,2510919.0,DURASIL 30mg CAJA x 4 TAB,<NINGUNO>,4.0,45941,DURASIL,30 mg,CLORHIDRATO DE DAPOXETINA,4
2,0.859,2510919.0,DURASIL 30mg CAJA x 4 TAB,<NINGUNO>,4.0,61665,DURASIL,30 mg,CLORHIDRATO DE DAPOXETINA,4
3,0.8146,2510919.0,DURASIL 30mg CAJA x 4 TAB,<NINGUNO>,4.0,45942,DURASIL,60 mg,CLORHIDRATO DE DAPOXETINA,4
1,0.8247,2511384.0,REFLEXAN 5mg CAJA x 20 TABS,<NINGUNO>,20.0,44867,REFLEXAN 5,5 mg,CICLOBENZAPRINA CLORHIDRATO,20
1,0.8818,2512391.0,TAMSULOSINA 0.4mg x 30 CAP - DIPHASAC,<NINGUNO>,30.0,48237,TAMSULOSINA,0.4 mg,TAMSULOSINA CLORHIDRATO,30
1,0.8226,2512505.0,FLUIBRONCOL 300mg x 3 AMP,<NINGUNO>,3.0,50434,FLUIBRONCOL,300 mg/ 3 mL,ACETILCISTEINA,3
1,0.8631,2513291.0,CELECOXIB 400mg x 50 CAP - INDUQUIMICA,<NINGUNO>,50.0,47079,CELECOXIB,400 mg,CELECOXIB,50
1,0.8943,2513398.0,TRINALER 200MG x 50 COMP,<NINGUNO>,50.0,35004,TRINALER,200 mg,ACICLOVIR,50
1,0.8866,2513726.0,ETORICOXIB 90mg CAJA x 30 TAB.-BONAPHARM,<NINGUNO>,30.0,51935,ETORICOXIB,90 mg,ETORICOXIB,30
2,0.8422,2513726.0,ETORICOXIB 90mg CAJA x 30 TAB.-BONAPHARM,<NINGUNO>,30.0,51934,ETORICOXIB,60 mg,ETORICOXIB,30
3,0.8288,2513726.0,ETORICOXIB 90mg CAJA x 30 TAB.-BONAPHARM,<NINGUNO>,30.0,51936,ETORICOXIB,120 mg,ETORICOXIB,30
1,0.9056,2513940.0,XALOPTIC SR 0.005% SOL. OFTALMICA x 2.5ml,<NINGUNO>,1.0,38428,XALOPTIC,0.005 %,LATANOPROST,1
2,0.9056,2513940.0,XALOPTIC SR 0.005% SOL. OFTALMICA x 2.5ml,<NINGUNO>,1.0,52916,XALOPTIC SR,0.005 %,LATANOPROST,1
3,0.9056,2513940.0,XALOPTIC SR 0.005% SOL. OFTALMICA x 2.5ml,<NINGUNO>,1.0,55857,XALOPTIC,0.005 %,LATANOPROST,1
1,0.925,2514084.0,UNIMOX MR 0.5% x 5ml SOLUCION OFTALMICA,<NINGUNO>,1.0,42874,UNIMOX MR,0.5 %,MOXIFLOXACINO,1
1,0.8941,2515633.0,ALBALER 0.05% UNGUENTO x 40GR - ROXFARMA,<NINGUNO>,1.0,53785,ALBALER,0.05 %,17-PROPIONATO DE CLOBETASOL,1
2,0.8941,2515633.0,ALBALER 0.05% UNGUENTO x 40GR - ROXFARMA,<NINGUNO>,1.0,53797,ALBALER,0.05 %,17-PROPIONATO DE CLOBETASOL,1
1,0.8941,2515740.0,ALBALER 0.05% CREMA x 30GR - ROXFARMA,<NINGUNO>,1.0,53785,ALBALER,0.05 %,17-PROPIONATO DE CLOBETASOL,1
2,0.8941,2515740.0,ALBALER 0.05% CREMA x 30GR - ROXFARMA,<NINGUNO>,1.0,53797,ALBALER,0.05 %,17-PROPIONATO DE CLOBETASOL,1
1,0.8177,2516426.0,LESSTAMIN 2.5mg/5ml JBE FRASCO x 60ml,<NINGUNO>,1.0,51741,LESSTAMIN,2.5 mg/ 5 mL,LEVOCETIRIZINA DICLORHIDRATO,1
1,0.8117,2517112.0,BETAMETASONA 4mg CAJA x 10 AMP.-GEN FAR,<NINGUNO>,10.0,55992,BETAMETASONA,4 mg/ mL,BETAMETASONA FOSFATO DISODICO,10
1,0.877,2517861.0,RISPERIDONA 2mg x 30 TAB - EUROFARMA,<NINGUNO>,30.0,53042,RISPERIDONA,2 mg,RISPERIDONA,30
2,0.877,2517861.0,RISPERIDONA 2mg x 30 TAB - EUROFARMA,<NINGUNO>,30.0,53119,RISPERIDONA,2 mg,RISPERIDONA,30
1,0.8596,2518333.0,PARACETAMOL 500mg x 100 TAB - PERUFARMA,<NINGUNO>,100.0,49645,PARACETAMOL,500 mg,PARACETAMOL,100
1,0.8787,2518654.0,MOXIFLOXACINO 400mg x 5 TAB - DIPHASAC,<NINGUNO>,5.0,53383,MOXIFLOXACINO,400 mg,MOXIFLOXACINO CLORHIDRATO,5
2,0.8287,2518654.0,MOXIFLOXACINO 400mg x 5 TAB - DIPHASAC,<NINGUNO>,5.0,51995,MOXIFLOXACINO,400 mg,MOXIFLOXACINO CLORHIDRATO,25
1,0.8804,2519019.0,SIMVASTATINA 20mg x 10 TAB - GENFAR,<NINGUNO>,10.0,40210,SIMVASTATINA,20 mg,SIMVASTATINA,10
2,0.8804,2519019.0,SIMVASTATINA 20mg x 10 TAB - GENFAR,<NINGUNO>,10.0,59094,SIMVASTATINA,20 mg,SIMVASTATINA,10
1,0.8635,2520384.0,MORASS PLUS 20mg CAJA x 30 TAB,<NINGUNO>,30.0,48520,MORASS,20 mg,OLMESARTAN MEDOXOMILO,30
2,0.819,2520384.0,MORASS PLUS 20mg CAJA x 30 TAB,<NINGUNO>,30.0,50642,MORASS,40 mg,OLMESARTAN MEDOXOMILO,30
1,1.0714,2520491.0,AMAGLEN 4mg x 30 TAB - IQFARMA,GLIMEPIRIDA 2MG TAB,30.0,40740,AMAGLEN,4 mg,GLIMEPIRIDA,30
2,1.0143,2520491.0,AMAGLEN 4mg x 30 TAB - IQFARMA,GLIMEPIRIDA 2MG TAB,30.0,40739,AMAGLEN,2 mg,GLIMEPIRIDA,30
1,0.8282,2520598.0,CARDIVAS 6.25MG x 30 TAB - SUN PHARMA,<NINGUNO>,30.0,53424,CARDIVAS 6.25,6.25 mg,CARVEDILOL,30
1,0.9088,2520605.0,CARDIVAS 25 MG x 30 TAB - SUN PHARMA,<NINGUNO>,30.0,53427,CARDIVAS 25,25 mg,CARVEDILOL,30
2,0.8672,2520605.0,CARDIVAS 25 MG x 30 TAB - SUN PHARMA,<NINGUNO>,30.0,53424,CARDIVAS 6.25,6.25 mg,CARVEDILOL,30
3,0.8588,2520605.0,CARDIVAS 25 MG x 30 TAB - SUN PHARMA,<NINGUNO>,30.0,53426,CARDIVAS 25,25 mg,CARVEDILOL,10
1,0.8895,2521070.0,CORENTEL 2.5mg x 30 COMPRIMIDOS,<NINGUNO>,30.0,44956,CORENTEL,2.5 mg,BISOPROLOL FUMARATO,30
1,0.8874,2521284.0,PRESTAT 150mg x 20 COM - BAGO,<NINGUNO>,20.0,49030,PRESTAT,150 mg,PREGABALINA,20
2,0.8656,2521284.0,PRESTAT 150mg x 20 COM - BAGO,<NINGUNO>,20.0,55181,PRESTAT,50 mg,PREGABALINA,20
3,0.8256,2521284.0,PRESTAT 150mg x 20 COM - BAGO,<NINGUNO>,20.0,49028,PRESTAT,75 mg,PREGABALINA,20
1,0.8813,2521391.0,ROSUCOL 10mg CAJA x 30 TAB,<NINGUNO>,30.0,43834,ROSUCOL,10 mg,ROSUVASTATINA CALCICA,30
2,0.8369,2521391.0,ROSUCOL 10mg CAJA x 30 TAB,<NINGUNO>,30.0,43833,ROSUCOL,20 mg,ROSUVASTATINA CALCICA,30
1,0.8866,2521505.0,COXALGEN 90mg CAJA x 7 UNIDADES,<NINGUNO>,7.0,45908,COXALGEN,90 mg,ETORICOXIB,7
2,0.8422,2521505.0,COXALGEN 90mg CAJA x 7 UNIDADES,<NINGUNO>,7.0,45914,COXALGEN,60 mg,ETORICOXIB,7
3,0.8288,2521505.0,COXALGEN 90mg CAJA x 7 UNIDADES,<NINGUNO>,7.0,45909,COXALGEN,120 mg,ETORICOXIB,7
1,0.8596,2522184.0,LEVETIRACETAM 1000mg CAJA x 30 COMP. GEN FAR,<NINGUNO>,30.0,56385,LEVETIRACETAM,1000 mg,LEVETIRACETAM,30
2,0.8596,2522184.0,LEVETIRACETAM 1000mg CAJA x 30 COMP. GEN FAR,<NINGUNO>,30.0,60339,LEVETIRACETAM,1000 mg,LEVETIRACETAM,30
3,0.8083,2522184.0,LEVETIRACETAM 1000mg CAJA x 30 COMP. GEN FAR,<NINGUNO>,30.0,56386,LEVETIRACETAM,500 mg,LEVETIRACETAM,30
1,0.8568,2522291.0,LEVETIRACETAM 500mg CAJA x 30 COMP. GEN FAR,<NINGUNO>,30.0,56386,LEVETIRACETAM,500 mg,LEVETIRACETAM,30
2,0.8568,2522291.0,LEVETIRACETAM 500mg CAJA x 30 COMP. GEN FAR,<NINGUNO>,30.0,59214,LEVETIRACETAM,500 mg,LEVETIRACETAM,30
3,0.8083,2522291.0,LEVETIRACETAM 500mg CAJA x 30 COMP. GEN FAR,<NINGUNO>,30.0,56385,LEVETIRACETAM,1000 mg,LEVETIRACETAM,30
1,0.8934,2522405.0,CARVEDILOL 6.25mg CAJA x 30 TAB.-GEN FAR,<NINGUNO>,30.0,56422,CARVEDILOL,6.25 mg,CARVEDILOL,30
2,0.8934,2522405.0,CARVEDILOL 6.25mg CAJA x 30 TAB.-GEN FAR,<NINGUNO>,30.0,60323,CARVEDILOL,6.25 mg,CARVEDILOL,30
3,0.8543,2522405.0,CARVEDILOL 6.25mg CAJA x 30 TAB.-GEN FAR,<NINGUNO>,30.0,56421,CARVEDILOL,25 mg,CARVEDILOL,30
1,0.8944,2522726.0,THYROZOL 10mg x 50 TAB - MERCK,<NINGUNO>,50.0,39931,THYROZOL,10 mg,TIAMAZOL,50
2,0.8944,2522726.0,THYROZOL 10mg x 50 TAB - MERCK,<NINGUNO>,50.0,49246,THYROZOL,10 mg,TIAMAZOL,50
3,0.85,2522726.0,THYROZOL 10mg x 50 TAB - MERCK,<NINGUNO>,50.0,39932,THYROZOL,20 mg,TIAMAZOL,50
1,0.925,2522940.0,UNICLOR 1% UNG.OFT 3.5gr - ROSTER,<NINGUNO>,1.0,42791,UNICLOR,1 %,CLORANFENICOL,1
2,0.805,2522940.0,UNICLOR 1% UNG.OFT 3.5gr - ROSTER,<NINGUNO>,1.0,52365,UNICLOR,0.5 %,CLORANFENICOL,1
1,0.8702,2523084.0,EUTIROX 150mg x 50 TAB - MERCK,<NINGUNO>,50.0,38221,EUTIROX,150 mcg,LEVOTIROXINA DE SODIO,50
2,0.8702,2523084.0,EUTIROX 150mg x 50 TAB - MERCK,<NINGUNO>,50.0,57186,EUTIROX,150 mcg,LEVOTIROXINA DE SODIO,50
3,0.849,2523084.0,EUTIROX 150mg x 50 TAB - MERCK,<NINGUNO>,50.0,38232,EUTIROX,50 mcg,LEVOTIROXINA DE SODIO,50
1,0.9152,2523298.0,NABILA 5mg x 28 COMP - TECNOFARMA,<NINGUNO>,28.0,42261,NABILA,5 mg,NEBIVOLOL,28
2,0.8369,2523298.0,NABILA 5mg x 28 COMP - TECNOFARMA,<NINGUNO>,28.0,40498,NABILA,2.5 mg,NEBIVOLOL CLORHIDRATO,28
3,0.8369,2523298.0,NABILA 5mg x 28 COMP - TECNOFARMA,<NINGUNO>,28.0,50145,NABILA,2.5 mg,NEBIVOLOL CLORHIDRATO,28
1,0.8649,2523519.0,CEFALOXIME 250mg SUSP X 70ml - AC FARMA,<NINGUNO>,1.0,39260,CEFALOXIME,250 mg/ 5 mL,CEFUROXIMA AXETIL,1
2,0.8649,2523519.0,CEFALOXIME 250mg SUSP X 70ml - AC FARMA,<NINGUNO>,1.0,40468,CEFALOXIME,250 mg/ 5 mL,CEFUROXIMA AXETIL,1
3,0.8649,2523519.0,CEFALOXIME 250mg SUSP X 70ml - AC FARMA,<NINGUNO>,1.0,56464,CEFALOXIME,250 mg/ 5 mL,CEFUROXIMA AXETIL,1
1,0.8623,2523733.0,HANAKEDOL 10mg CAJA x 50 TABS,<NINGUNO>,50.0,49518,HANAKEDOL,10 mg,KETOROLACO TROMETAMINA,50
1,0.9108,2524526.0,NITAZOXANIDA 500mg CAJA x 6 TAB - GENERION PHARMA,<NINGUNO>,6.0,61540,NITAZOXANIDA,500 mg,NITAZOXANIDA,6
2,0.8608,2524526.0,NITAZOXANIDA 500mg CAJA x 6 TAB - GENERION PHARMA,<NINGUNO>,6.0,61539,NITAZOXANIDA,500 mg,NITAZOXANIDA,4
3,0.8108,2524526.0,NITAZOXANIDA 500mg CAJA x 6 TAB - GENERION PHARMA,<NINGUNO>,6.0,51024,NITAZOXANIDA,500 mg,NITAZOXANIDA,6
1,0.8906,2524633.0,ETORICOXIB 120mg CAJA x 10 TAB - MOMENTA,<NINGUNO>,10.0,49231,ETORICOXIB,120 mg,ETORICOXIB,10
2,0.8406,2524633.0,ETORICOXIB 120mg CAJA x 10 TAB - MOMENTA,<NINGUNO>,10.0,47290,ETORICOXIB,120 mg,ETORICOXIB,7
3,0.8406,2524633.0,ETORICOXIB 120mg CAJA x 10 TAB - MOMENTA,<NINGUNO>,10.0,50109,ETORICOXIB,120 mg,ETORICOXIB,20
1,0.8866,2524740.0,ETORICOXIB 90mg CAJA x 20 TAB - EUROFARMA,<NINGUNO>,20.0,50107,ETORICOXIB,90 mg,ETORICOXIB,20
2,0.8366,2524740.0,ETORICOXIB 90mg CAJA x 20 TAB - EUROFARMA,<NINGUNO>,20.0,47379,ETORICOXIB,90 mg,ETORICOXIB,14
3,0.8366,2524740.0,ETORICOXIB 90mg CAJA x 20 TAB - EUROFARMA,<NINGUNO>,20.0,50108,ETORICOXIB,90 mg,ETORICOXIB,100
1,0.8803,2525212.0,DUOMO 4mg CAJA x 30 COMPRIMIDOS,<NINGUNO>,30.0,53051,DUOMO,4 mg,DOXAZOSINA,30
1,0.8517,2526647.0,LEVOCERT D GOTAS FRASCO x 15ml,PSEUDOEFREDRINA 30MG GOTAS,1.0,43849,LEVOCERT,5 mg/ mL,LEVOCETIRIZINA DICLORHIDRATO,1
2,0.8093,2526647.0,LEVOCERT D GOTAS FRASCO x 15ml,PSEUDOEFREDRINA 30MG GOTAS,1.0,54322,LEVOCERT D,(2.5 mg + 30 g)/ 5 mL,LEVOCETIRIZINA DICLORHIDRATO,1
1,0.8818,2526754.0,TAMSURIL 0.4mg CAJA x 30 CAP,<NINGUNO>,30.0,42905,TAMSURIL,0.4 mg,TAMSULOSINA CLORHIDRATO,30
1,0.8906,2527333.0,COXALGEN 120mg CAJA x 7 UNIDADES,<NINGUNO>,7.0,45909,COXALGEN,120 mg,ETORICOXIB,7
2,0.8288,2527333.0,COXALGEN 120mg CAJA x 7 UNIDADES,<NINGUNO>,7.0,45908,COXALGEN,90 mg,ETORICOXIB,7
3,0.8288,2527333.0,COXALGEN 120mg CAJA x 7 UNIDADES,<NINGUNO>,7.0,45914,COXALGEN,60 mg,ETORICOXIB,7
1,0.8734,2528554.0,FERANIN 100mg CAJA x 30 GRAGEAS,HIERRO POLIMALTOSADO,1.0,56056,FERANIN,100 mg/ 5 mL,HIERRO (III) POLIMALTOSA,1
2,0.8734,2528554.0,FERANIN 100mg CAJA x 30 GRAGEAS,HIERRO POLIMALTOSADO,1.0,58870,FERANIN,100 mg/ 5 mL,HIERRO (III) POLIMALTOSA,1
3,0.8676,2528554.0,FERANIN 100mg CAJA x 30 GRAGEAS,HIERRO POLIMALTOSADO,1.0,54496,FERANIN,100 mg,COMPLEJO DE HIDROXIDO FERRICO [HIERRO (III)] POLIMALTOSADO,30
1,0.8152,2528768.0,GABAPENTINA 300mg CAJA x 100 TAB.-OQPHARMA,<NINGUNO>,100.0,39384,GABAPENTINA,300 mg,GABAPENTINA,100
2,0.8152,2528768.0,GABAPENTINA 300mg CAJA x 100 TAB.-OQPHARMA,<NINGUNO>,100.0,41551,GABAPENTINA,300 mg,GABAPENTINA,100
3,0.8152,2528768.0,GABAPENTINA 300mg CAJA x 100 TAB.-OQPHARMA,<NINGUNO>,100.0,41692,GABAPENTINA,300 mg,GABAPENTINA,100
1,0.9778,2529133.0,TRAMADOL 50mg x 10 AMP - VITALIS,TRAMADOL 50MG INY,10.0,46714,TRAMADOL,50 mg,TRAMADOL,10
2,0.9278,2529133.0,TRAMADOL 50mg x 10 AMP - VITALIS,TRAMADOL 50MG INY,10.0,59113,TRAMADOL,50 mg,TRAMADOL,100
3,0.8878,2529133.0,TRAMADOL 50mg x 10 AMP - VITALIS,TRAMADOL 50MG INY,10.0,40214,TRAMADOL,50 mg,CLORHIDRATO DE TRAMADOL,10
1,0.874,2529347.0,DEBLAX VITAMINA D3 100000 UI x 2 TAB,<NINGUNO>,1.0,47192,DEBLAX,100 000 UI,VITAMINA D3,1
2,0.824,2529347.0,DEBLAX VITAMINA D3 100000 UI x 2 TAB,<NINGUNO>,1.0,47376,DEBLAX,100 000 UI,VITAMINA D3,2
1,0.9152,2529454.0,GABAPENTINA 300mg x 30 CAP - SHERFARMA,<NINGUNO>,30.0,52763,GABAPENTINA,300 mg,GABAPENTINA,30
1,0.8556,2530177.0,"FLACORT 22,75 mg/ml SUSPENSION x 6,5 ml - AC FARMA",<NINGUNO>,1.0,43998,FLACORT,22.75 mg/ mL,DEFLAZACORT,1
1,0.877,2530284.0,INDUCTAL 3mg CAJA x 30 COMPRIMIDOS,<NINGUNO>,30.0,51750,INDUCTAL,3 mg,ESZOPICLONA,30
2,0.8198,2530284.0,INDUCTAL 3mg CAJA x 30 COMPRIMIDOS,<NINGUNO>,30.0,51749,INDUCTAL,2 mg,ESZOPICLONA,30
1,0.8648,2530391.0,MERIDIAN 10mg x 30 COMP,<NINGUNO>,30.0,53206,MERIDIAN,10 mg,ESCITALOPRAM OXALATO,30
2,0.8204,2530391.0,MERIDIAN 10mg x 30 COMP,<NINGUNO>,30.0,53207,MERIDIAN,20 mg,ESCITALOPRAM OXALATO,30
1,0.8172,2530719.0,PENETRO FORTE x 100 gr POTE,<NINGUNO>,1.0,54880,PENETRO FORTE,15 g + 10 g,MENTOL + SALICILATO DE METILO,1
1,0.8906,2531291.0,COXMARK 120mg CAJA x 7 COMPRIMIDOS,<NINGUNO>,7.0,45769,COXMARK,120 mg,ETORICOXIB,7
1,0.9125,2532298.0,CORTIMAX 0.05% CREMA x 20 GR - AC FARMA,<NINGUNO>,1.0,43990,CORTIMAX,0.05 %,BETAMETASONA DIPROPIONATO,1
1,0.8889,2532840.0,KLARICID GRAN 125 MG x 50 ML,<NINGUNO>,1.0,41032,KLARICID,125 mg/ 5 mL,CLARITROMICINA,1
2,0.8715,2532840.0,KLARICID GRAN 125 MG x 50 ML,<NINGUNO>,1.0,41033,KLARICID,250 mg/ 5 mL,CLARITROMICINA,1
1,0.8895,2533091.0,MUVETT 300mg CAJA x 20 TABLETAS LIB. PROL.,<NINGUNO>,20.0,49300,MUVETT,300 mg,TRIMEBUTINA MALEATO,20
1,0.8528,2533198.0,ISOFACE 20mg CAJA x 30 CAPSULAS BLANDAS,<NINGUNO>,3.0,38075,ISOFACE,20 mg,ISOTRETINOINA,40
2,0.8528,2533198.0,ISOFACE 20mg CAJA x 30 CAPSULAS BLANDAS,<NINGUNO>,3.0,45547,ISOFACE,20 mg,ISOTRETINOINA,30
3,0.8083,2533198.0,ISOFACE 20mg CAJA x 30 CAPSULAS BLANDAS,<NINGUNO>,3.0,44177,ISOFACE,10 mg,ISOTRETINOINA,30
1,0.8588,2533205.0,DEFEROL 7000 UI CAJA x 8 CAPSULAS BLANDAS,<NINGUNO>,1.0,50483,DEFEROL®,7000 UI,VITAMINA D,4
2,0.8588,2533205.0,DEFEROL 7000 UI CAJA x 8 CAPSULAS BLANDAS,<NINGUNO>,1.0,50484,DEFEROL®,7000 UI,VITAMINA D,8
3,0.8188,2533205.0,DEFEROL 7000 UI CAJA x 8 CAPSULAS BLANDAS,<NINGUNO>,1.0,61348,DEFEROL,50000 UI,VITAMINA D,2
1,0.8403,2533312.0,LOSARTAN 50mg x 100 TAB - PORTUGAL,<NINGUNO>,100.0,61461,LOSARTAN,50 mg,LOSARTAN POTASICO,200
1,0.8631,2533847.0,DEXIDE 850mg CAJA x 30 TABLETAS,<NINGUNO>,30.0,39580,DEXIDE,850 mg,CLORHIDRATO DE METFORMINA,30
2,0.8267,2533847.0,DEXIDE 850mg CAJA x 30 TABLETAS,<NINGUNO>,30.0,49095,DEXIDE,500 mg,CLORHIDRATO DE METFORMINA,30
1,0.9088,2533954.0,DIPHA-SCBIX AL 5% x 60gr CREMA,<NINGUNO>,1.0,50572,DIPHA - SCBIX,5 %,PERMETRINA,1
2,0.9088,2533954.0,DIPHA-SCBIX AL 5% x 60gr CREMA,<NINGUNO>,1.0,50648,DIPHA - SCBIX,5 %,PERMETRINA,1
3,0.9088,2533954.0,DIPHA-SCBIX AL 5% x 60gr CREMA,<NINGUNO>,1.0,54013,DIPHA - SCBIX,5 %,PERMETRINA,1
1,0.8492,2534426.0,PARACETAMOL 1 gr x 100 TAB - PORTUGAL,<NINGUNO>,100.0,52872,PARACETAMOL,1 g,PARACETAMOL,100
1,0.8903,2534533.0,LOSACOR 50mg CAJA x 30 TABLETAS,<NINGUNO>,30.0,44495,LOSACOR,50 mg,LOSARTAN POTASICO,30
1,0.8714,2534747.0,CLAVAM DUO 875mg + 125mg x 14 COMP - EUROFARMA,<NINGUNO>,1.0,60361,CLAVAM DUO,875 mg + 125 mg,AMOXICILINA TRIHIDRATO + CLAVULANATO POTASICO,1
1,0.9,2535112.0,DOLOCORT PLUS 2% GEL TOPICO TBO x 50gr,<NINGUNO>,1.0,54491,DOLOCORT PLUS,2 %,DICLOFENACO DIETILAMINA,1
1,1.0305,2535219.0,PROFLOX-CL 500mg/125mg x 10 TAB - BONAPHARM,AMOXICILINA + ACIDO CLAV. - TABLETA,10.0,51460,PROFLOX-CL,500 mg + 125 mg,ACIDO CLAVULANICO + AMOXICILINA,10
2,0.981,2535219.0,PROFLOX-CL 500mg/125mg x 10 TAB - BONAPHARM,AMOXICILINA + ACIDO CLAV. - TABLETA,10.0,56615,PROFLOX-CL,875 mg + 125 mg,ACIDO CLAVULANICO + AMOXICILINA TRIHIDRATO,10
1,0.8845,2535968.0,VASTASLIM EZ 10/20 Mg x 20 TAB - CAFERMA,<NINGUNO>,20.0,46540,VASTASLIM EZ,10 mg + 20 mg,EZETIMIBA + SIMVASTATINA,20
2,0.8845,2535968.0,VASTASLIM EZ 10/20 Mg x 20 TAB - CAFERMA,<NINGUNO>,20.0,61889,VASTASLIM EZ,10 mg + 20 mg,EZETIMIBA + SIMVASTATINA,20
1,0.8656,2536547.0,PROFEKET INY 100mg/5mL INTRAV. CAJA x 5 AMP - CAFERMA,<NINGUNO>,5.0,46224,PROFEKET®,100 mg/ 5 mL,KETOPROFENO,5
2,0.8156,2536547.0,PROFEKET INY 100mg/5mL INTRAV. CAJA x 5 AMP - CAFERMA,<NINGUNO>,5.0,47916,PROFEKET®,100 mg/ 2 mL,KETOPROFENO,10
1,0.8476,2536761.0,DOLFARB (IBUPROFENO) JBE x 60ml,<NINGUNO>,1.0,39276,IBUPROFENO,100 mg/ 5 mL,IBUPROFENO,1
2,0.8476,2536761.0,DOLFARB (IBUPROFENO) JBE x 60ml,<NINGUNO>,1.0,42374,IBUPROFENO,100 mg/ 5 mL,IBUPROFENO,1
1,0.8746,2537019.0,LITIASIN K 1080mg x 20 TAB,<NINGUNO>,20.0,52134,LITIASIN K,1080 mg,CITRATO DE POTASIO,20
2,0.8246,2537019.0,LITIASIN K 1080mg x 20 TAB,<NINGUNO>,20.0,52135,LITIASIN K,1080 mg,CITRATO DE POTASIO,100
1,1.0333,2537126.0,FLUIBRONCOL ORAL 100MG INFANTIL x 30 SOBRES,ACETILCISTEINA ORAL,30.0,39887,FLUIBRONCOL ORAL INFANTIL,100 mg/ 1 g,ACETILCISTEINA,30
2,1.0231,2537126.0,FLUIBRONCOL ORAL 100MG INFANTIL x 30 SOBRES,ACETILCISTEINA ORAL,30.0,35547,FLUIBRONCOL ORAL,200 mg/ g,ACETILCISTEINA,30
3,0.9955,2537126.0,FLUIBRONCOL ORAL 100MG INFANTIL x 30 SOBRES,ACETILCISTEINA ORAL,30.0,48540,FLUIBRONCOL,600 mg,ACETILCISTEINA,20
1,0.9333,2537447.0,NASODIL NF 0.85% SOL. NASAL x 15ml,<NINGUNO>,1.0,49466,NASODIL® NF,0.85 %,CLORURO DE SODIO,1
1,0.9111,2537982.0,SESAREN XR 75mg CAJA x 30 CAPSULAS,<NINGUNO>,30.0,34582,SESAREN XR,75 mg,VENLAFAXINA,30
2,0.9111,2537982.0,SESAREN XR 75mg CAJA x 30 CAPSULAS,<NINGUNO>,30.0,53139,SESAREN XR,75 mg,VENLAFAXINA,30
3,0.82,2537982.0,SESAREN XR 75mg CAJA x 30 CAPSULAS,<NINGUNO>,30.0,30194,SESAREN XR,150 mg,VENLAFAXINA CLORHIDRATO,30
1,0.8077,2538882.0,REFLEXAN 10mg CAJA x 20 TABLETAS,<NINGUNO>,20.0,44866,REFLEXAN 10,10 mg,CICLOBENZAPRINA CLORHIDRATO,20
1,0.8714,2540398.0,FRENALER 5mg x 14 COMP - SIEGFRIED,<NINGUNO>,14.0,53095,FRENALER,5 mg,DESLORATADINA,14
1,0.859,2540512.0,ATENUAL 30mg CAJA x 30 COMPRIMIDOS,<NINGUNO>,30.0,45105,ATENUAL,30 mg,KETAZOLAM,30
1,1.0038,2541298.0,ALTAD 7 000UI x 4 CAP.BLAN - EUROFARMA,COLECALCIFEROL,1.0,54648,ALTAD CAPS,7 000 UI,COLECALCIFEROL,4
2,0.9929,2541298.0,ALTAD 7 000UI x 4 CAP.BLAN - EUROFARMA,COLECALCIFEROL,1.0,54649,ALTAD CAPS,50 000 UI,COLECALCIFEROL,4
1,0.8108,2541305.0,HEPTRAL 500mg x 20 COMP - ABBOTT,<NINGUNO>,20.0,54400,HEPTRAL,500 mg,ADEMETIONINA,20
1,0.9068,2541519.0,PENTOXIFILINA 400mg x 100 TAB - FARMINDUSTRIA,<NINGUNO>,100.0,41757,PENTOXIFILINA,400 mg,PENTOXIFILINA,100
1,0.8874,2541626.0,PRIPAX 150mg CAJA x 10 CAPSULAS,<NINGUNO>,10.0,44284,PRIPAX,150 mg,PREGABALINA,10
2,0.8256,2541626.0,PRIPAX 150mg CAJA x 10 CAPSULAS,<NINGUNO>,10.0,44285,PRIPAX,75 mg,PREGABALINA,10
1,1.0364,2541840.0,NAPROMED 550mg x 100 COM,NAPROXENO - TABLETA,100.0,44098,NAPROMED,550 mg,NAPROXENO SODICO,100
1,0.8833,2542419.0,MIRTAPAX  30mg CAJA x 30 COMPRIMIDOS,<NINGUNO>,30.0,41600,MIRTAPAX,30 mg,MIRTAZAPINA,30
2,0.8833,2542419.0,MIRTAPAX  30mg CAJA x 30 COMPRIMIDOS,<NINGUNO>,30.0,54228,MIRTAPAX,30 mg,MIRTAZAPINA,30
3,0.8333,2542419.0,MIRTAPAX  30mg CAJA x 30 COMPRIMIDOS,<NINGUNO>,30.0,41601,MIRTAPAX,30 mg,MIRTAZAPINA,10
1,1.0778,2542526.0,RINEPAN 10mg x 10TAB - ACFARMA,RUPATADINA,10.0,42789,RINEPAN,10 mg,RUPATADINA FUMARATO,10
1,1.0455,2542633.0,NEUROTOL 200mg x 10TAB - AC FARMA,QUETIAPINA,10.0,53220,NEUROTOL,100 mg,QUETIAPINA FUMARATO,10
2,1.0318,2542633.0,NEUROTOL 200mg x 10TAB - AC FARMA,QUETIAPINA,10.0,53140,NEUROTOL,200 mg,QUETIAPINA FUMARATO,30
3,1.0318,2542633.0,NEUROTOL 200mg x 10TAB - AC FARMA,QUETIAPINA,10.0,59115,NEUROTOL,200 mg,QUETIAPINA FUMARATO,500
1,0.9758,2542740.0,DIOXAFLEX 75mg AMP CAJA x 3 DOSIS,DICLOFENACO - AMPOLLA,3.0,54833,DIOXAFLEX,75 mg/ 3 mL,DICLOFENACO SODICO,3
2,0.8734,2542740.0,DIOXAFLEX 75mg AMP CAJA x 3 DOSIS,DICLOFENACO - AMPOLLA,3.0,60567,DIOXAFLEX CB,50 mg,DICLOFENACO POTASICO,120
3,0.8199,2542740.0,DIOXAFLEX 75mg AMP CAJA x 3 DOSIS,DICLOFENACO - AMPOLLA,3.0,55148,DIOXAFLEX CB NF,50 mg,DICLOFENACO POTASICO,120
1,0.923,2543105.0,DIMENHIDRINATO 50mg TAB. x 100 - QUILAB,<NINGUNO>,100.0,40228,DIMENHIDRINATO,50 mg,DIMENHIDRINATO,100
2,0.823,2543105.0,DIMENHIDRINATO 50mg TAB. x 100 - QUILAB,<NINGUNO>,100.0,38610,DIMENHIDRINATO,50 mg,DIMENHIDRINATO,100
3,0.823,2543105.0,DIMENHIDRINATO 50mg TAB. x 100 - QUILAB,<NINGUNO>,100.0,43189,DIMENHIDRINATO,50 mg,DIMENHIDRINATO,100
1,0.8683,2543426.0,DIMENHIDRINATO 50mg/5ml x 100AMP - PHARMAGEN,<NINGUNO>,100.0,40228,DIMENHIDRINATO,50 mg,DIMENHIDRINATO,100
2,0.8008,2543426.0,DIMENHIDRINATO 50mg/5ml x 100AMP - PHARMAGEN,<NINGUNO>,100.0,27419,DIMENHIDRINATO,50 mg/ 5 mL,DIMENHIDRINATO,100
3,0.8008,2543426.0,DIMENHIDRINATO 50mg/5ml x 100AMP - PHARMAGEN,<NINGUNO>,100.0,58688,DIMENHIDRINATO,50 mg/ 5 mL,DIMENHIDRINATO,100
1,0.8941,2544540.0,CLOBENATE 0.05% UNGUENTO TUBO x 30gr,<NINGUNO>,1.0,43346,CLOBENATE,0.05 %,17-PROPIONATO DE CLOBETASOL,1
2,0.8941,2544540.0,CLOBENATE 0.05% UNGUENTO TUBO x 30gr,<NINGUNO>,1.0,49951,CLOBENATE,0.05 %,17-PROPIONATO DE CLOBETASOL,1
1,0.8056,2545226.0,DEXTROSA 33.3% x 20ml AMP- CAJA x 5 UNID-DANY,<NINGUNO>,5.0,53667,DEXTROSA,33.3 %,DEXTROSA MONOHIDRATO,5
1,0.8787,2545440.0,MOXIFLOXACINO 400mg CAJA x 7 TAB.-GEN FAR,<NINGUNO>,7.0,56004,MOXIFLOXACINO,400 mg,MOXIFLOXACINO CLORHIDRATO,7
2,0.8287,2545440.0,MOXIFLOXACINO 400mg CAJA x 7 TAB.-GEN FAR,<NINGUNO>,7.0,45195,MOXIFLOXACINO,400 mg,MOXIFLOXACINO CLORHIDRATO,5
1,0.8066,2545868.0,ACIDO TRANEXAMICO 1gr x 10ml AMP.-(DIPHAXAMICO),<NINGUNO>,1.0,55214,ACIDO TRANEXAMICO,1 g/ 10 mL,ACIDO TRANEXAMICO,1
1,0.897,2545975.0,NAPROXENO 550mg TAB x 100 - PERUFARMA,<NINGUNO>,100.0,45777,NAPROXENO,550 mg,NAPROXENO SODICO,100
1,0.8056,2546875.0,PREDNISOLONA 1% SUSP OFT x 5ml - VITALINE,<NINGUNO>,1.0,38826,PREDNISOLONA,1 %,PREDNISOLONA ACETATO,1
1,0.8712,2547026.0,GENTAMICINA 160mg x 10 AMP - GEN FAR,<NINGUNO>,10.0,56276,GENTAMICINA,160 mg/ 2 mL,GENTAMICINA SULFATO,10
2,0.8212,2547026.0,GENTAMICINA 160mg x 10 AMP - GEN FAR,<NINGUNO>,10.0,40135,GENTAMICINA,160 mg/ 2 mL,GENTAMICINA SULFATO,1
1,0.8088,2548889.0,CROMUS 0.1% x 15g - PROCAPS,<NINGUNO>,1.0,46785,CROMUS,0.1 %,TACROLIMUS,1
1,0.8895,2549040.0,SILDENAFILO 100mg x 10 TAB - AC FARMA,<NINGUNO>,10.0,54371,SILDENAFILO,100 mg,SILDENAFILO CITRATO,10
2,0.8395,2549040.0,SILDENAFILO 100mg x 10 TAB - AC FARMA,<NINGUNO>,10.0,56440,SILDENAFILO,100 mg,SILDENAFILO CITRATO,100
3,0.8395,2549040.0,SILDENAFILO 100mg x 10 TAB - AC FARMA,<NINGUNO>,10.0,57503,SILDENAFILO,100 mg,SILDENAFILO CITRATO,20
1,0.8066,2550084.0,GOFEN 400mg CAJA x 60 CAPSULAS BLANDAS,<NINGUNO>,60.0,49659,GOFEN 400,400 mg,IBUPROFENO,60
1,0.8596,2550947.0,DESTREL 75mcg x 28 COMP - EUROFARMA,<NINGUNO>,1.0,52384,DESTREL,75 mcg,DESOGESTREL,1
1,0.9056,2551205.0,XENDA 0.005% SOL.OFT 3ml - LANSIER,<NINGUNO>,1.0,50369,XENDA,0.005 %,LATANOPROST,1
2,0.9056,2551205.0,XENDA 0.005% SOL.OFT 3ml - LANSIER,<NINGUNO>,1.0,55865,XENDA,0.005 %,LATANOPROST,1
1,0.8515,2552212.0,FLUIBRONCOL ORAL 200mg CAJA x 30 SOBRES,<NINGUNO>,30.0,35547,FLUIBRONCOL ORAL,200 mg/ g,ACETILCISTEINA,30
2,0.8015,2552212.0,FLUIBRONCOL ORAL 200mg CAJA x 30 SOBRES,<NINGUNO>,30.0,53915,FLUIBRONCOL ORAL,200 mg/ g,ACETILCISTEINA,20
1,0.8662,2552319.0,NEUROTOL 25mg CAJA x 10 TABLETAS,<NINGUNO>,10.0,53138,NEUROTOL,25 mg,QUETIAPINA FUMARATO,10
1,0.9004,2553005.0,TAFCILEX-5 9mg CAJA x 30 PARCHES,<NINGUNO>,30.0,46225,TAFCILEX-5,9 mg,RIVASTIGMINA,30
1,0.8388,2553219.0,UROPOL FORTE 200mg CAJA x 100 TABLETAS,<NINGUNO>,100.0,55078,UROPOL FORTE F,200 mg,FENAZOPIRIDINA CLORHIDRATO,100
2,0.8388,2553219.0,UROPOL FORTE 200mg CAJA x 100 TABLETAS,<NINGUNO>,100.0,60062,UROPOL FORTE F,200 mg,FENAZOPIRIDINA CLORHIDRATO,100
3,0.8388,2553219.0,UROPOL FORTE 200mg CAJA x 100 TABLETAS,<NINGUNO>,100.0,61816,UROPOL FORTE F,200 mg,FENAZOPIRIDINA CLORHIDRATO,100
1,0.8015,2554119.0,ALTAD 50 000UI x 4 CAP.BLAN - EUROFARMA,<NINGUNO>,1.0,54648,ALTAD CAPS,7 000 UI,COLECALCIFEROL,4
1,0.8648,2555340.0,NEOPRESOL 10mg CAJA x 15 COMPRIMIDOS,<NINGUNO>,15.0,51371,NEOPRESOL,10 mg,ESCITALOPRAM OXALATO,15
2,0.8148,2555340.0,NEOPRESOL 10mg CAJA x 15 COMPRIMIDOS,<NINGUNO>,15.0,51370,NEOPRESOL,10 mg,ESCITALOPRAM OXALATO,30
1,0.8433,2556882.0,TRAMADOL 100mg/2ml CAJA x 5 AMP - GENFAR,<NINGUNO>,5.0,56836,TRAMADOL,100 mg/ 2 mL,CLORHIDRATO DE TRAMADOL,5
2,0.8245,2556882.0,TRAMADOL 100mg/2ml CAJA x 5 AMP - GENFAR,<NINGUNO>,5.0,56838,TRAMADOL,50 mg/ mL,CLORHIDRATO DE TRAMADOL,5
3,0.8111,2556882.0,TRAMADOL 100mg/2ml CAJA x 5 AMP - GENFAR,<NINGUNO>,5.0,56830,TRAMADOL,100 mg/ mL,CLORHIDRATO DE TRAMADOL,1
1,1.0818,2557354.0,VALSARTAN 160mg x 30 TAB - AC FARMA,VALSARTAN,30.0,38811,VALSARTAN,160 mg,VALSARTAN,30
2,1.0318,2557354.0,VALSARTAN 160mg x 30 TAB - AC FARMA,VALSARTAN,30.0,34570,VALSARTAN,160 mg,VALSARTAN,100
3,1.02,2557354.0,VALSARTAN 160mg x 30 TAB - AC FARMA,VALSARTAN,30.0,38810,VALSARTAN,80 mg,VALSARTAN,30
1,0.9323,2559047.0,OMEPRAZOL 40mg x 1 AMP - SEVEN PHARMA,OMEPRAZOL AMP,1.0,50370,OMEPRAZOL,40 mg,OMEPRAZOL SODICO,1
2,0.9323,2559047.0,OMEPRAZOL 40mg x 1 AMP - SEVEN PHARMA,OMEPRAZOL AMP,1.0,51519,OMEPRAZOL,40 mg,OMEPRAZOL SODICO,1
3,0.9323,2559047.0,OMEPRAZOL 40mg x 1 AMP - SEVEN PHARMA,OMEPRAZOL AMP,1.0,53334,OMEPRAZOL,40 mg,OMEPRAZOL SODICO,1
1,0.8297,2559475.0,CLAVUTRIM 500mg/5ml SUSP x 60ml,<NINGUNO>,1.0,52479,CLAVUTRIM,250 mg/ 5 mL,AMOXICILINA TRIHIDRATO,1
2,0.8297,2559475.0,CLAVUTRIM 500mg/5ml SUSP x 60ml,<NINGUNO>,1.0,54723,CLAVUTRIM,250 mg/ 5 mL,AMOXICILINA TRIHIDRATO,1
1,1.0461,2559796.0,ZIPACK 500mg CAJA x 5 TAB.- (AZITROMICINA) - INDUQUIMICA,AZITROMICINA TABLETA,5.0,50397,ZIPACK,500 mg,AZITROMICINA DIHIDRATO,5
2,0.9143,2559796.0,ZIPACK 500mg CAJA x 5 TAB.- (AZITROMICINA) - INDUQUIMICA,AZITROMICINA TABLETA,5.0,41997,ZIPACK,200 mg/ 5 mL,AZITROMICINA DIHIDRATO,1
1,0.8833,2559803.0,MIRTAZAPINA 30mg CAJA x 30 TAB.  - INDUQUIMICA,<NINGUNO>,30.0,42600,MIRTAZAPINA,30 mg,MIRTAZAPINA,30
2,0.8333,2559803.0,MIRTAZAPINA 30mg CAJA x 30 TAB.  - INDUQUIMICA,<NINGUNO>,30.0,55883,MIRTAZAPINA,30 mg,MIRTAZAPINA,100
1,0.9361,2560526.0,NEOALERGINE PLUS 10mg x 30 CAP - BONAPHARM,CETIRIZINA TABLETA,30.0,43666,NEOALERGINE PLUS,10 mg,CETIRIZINA CLORHIDRATO,30
2,0.8861,2560526.0,NEOALERGINE PLUS 10mg x 30 CAP - BONAPHARM,CETIRIZINA TABLETA,30.0,40180,NEOALERGINE PLUS,10 mg,CETIRIZINA CLORHIDRATO,1
1,0.8405,2560633.0,OXACILINA 1gr x 10 AMP - CORVAL,<NINGUNO>,10.0,45594,OXACILINA,1 g,OXACILINA SODICA MONOHIDRATO,10
1,0.8367,2561098.0,VITAMINA C 7.5/50ml FCO x 50ml - DROPESAC (REFORCE),VITAMINA C,1.0,54673,REFORCE,7.5 g/ 50 mL,ASCORBICO ACIDO,1
1,0.8895,2562005.0,CONCOR 2.5mg x 30 COMPRIMIDOS,<NINGUNO>,30.0,39528,CONCOR,2.5 mg,BISOPROLOL FUMARATO,30
2,0.8895,2562005.0,CONCOR 2.5mg x 30 COMPRIMIDOS,<NINGUNO>,30.0,59806,CONCOR,2.5 mg,BISOPROLOL FUMARATO,30
3,0.841,2562005.0,CONCOR 2.5mg x 30 COMPRIMIDOS,<NINGUNO>,30.0,39527,CONCOR,5 mg,BISOPROLOL FUMARATO,30
1,0.9382,2562112.0,TRUCTUM 0.3% Gts. x 10 ml,<NINGUNO>,1.0,42436,TRUCTUM,0.3 %,OFLOXACINO,1
1,0.8874,2562326.0,KETOPROFENO 150mg x 10 COM - EUROFARMA,<NINGUNO>,10.0,53884,KETOPROFENO,150 mg,KETOPROFENO,10
1,0.8675,2563226.0,FLAVOXATO 200mg x 30TAB - DIPHASAC,<NINGUNO>,30.0,49060,FLAVOXATO,200 mg,FLAVOXATO CLORHIDRATO,30
1,0.8099,2563333.0,CEFMARK 250mg x 100ml - MARKOS,<NINGUNO>,1.0,56055,CEFMARK,250 mg/ 5 mL,CEFALEXINA MONOHIDRATO,1
1,0.8032,2563868.0,CIPROFLOXACINO 500mg x 100 TAB. QUILAB,<NINGUNO>,100.0,58062,CIPROFLOXACINO,500 mg,CIPROFLOXACINO,100
1,0.8201,2563975.0,FLUCONAZOL 150mg x 100 CAP. QUILAB,<NINGUNO>,100.0,4988,FLUCONAZOL,150 mg,FLUCONAZOL,100
2,0.8201,2563975.0,FLUCONAZOL 150mg x 100 CAP. QUILAB,<NINGUNO>,100.0,39938,FLUCONAZOL,150 mg,FLUCONAZOL,100
3,0.8201,2563975.0,FLUCONAZOL 150mg x 100 CAP. QUILAB,<NINGUNO>,100.0,40874,FLUCONAZOL,150 mg,FLUCONAZOL,100
1,0.8794,2564768.0,CLARITROMICINA 500mg x 100 TAB - LABOGEN,<NINGUNO>,100.0,2651,CLARITROMICINA,500 mg,CLARITROMICINA,100
2,0.8794,2564768.0,CLARITROMICINA 500mg x 100 TAB - LABOGEN,<NINGUNO>,100.0,39233,CLARITROMICINA,500 mg,CLARITROMICINA,100
1,0.8833,2565347.0,CLOPIFAR 75mg x 30TAB - SHERFARMA,<NINGUNO>,30.0,51362,CLOPIFAR,75 mg,CLOPIDOGREL,30
1,0.8152,2565454.0,ANFIBOL 5mg x 30COMP - ABBOTT,<NINGUNO>,30.0,38936,ANFIBOL,5 mg,NEBIVOLOL,30
2,0.8152,2565454.0,ANFIBOL 5mg x 30COMP - ABBOTT,<NINGUNO>,30.0,54405,ANFIBOL,5 mg,NEBIVOLOL,30
1,0.8256,2566889.0,CLARIMED 250mg/5ml SUSP x 60ml,<NINGUNO>,1.0,40848,CLARIMED,125 mg/ 5 mL,CLARITROMICINA,1
2,0.8256,2566889.0,CLARIMED 250mg/5ml SUSP x 60ml,<NINGUNO>,1.0,40850,CLARIMED,125 mg/ 5 mL,CLARITROMICINA,1
1,0.9361,2567682.0,DORMIDINA 25mg x 14 COMP,DOXILAMINA TAB,14.0,44601,DORMIDINA,25 mg,SUCCINATO DE DOXILAMINA,14
2,0.9361,2567682.0,DORMIDINA 25mg x 14 COMP,DOXILAMINA TAB,14.0,59568,DORMIDINA,25 mg,SUCCINATO DE DOXILAMINA,14
3,0.9361,2567682.0,DORMIDINA 25mg x 14 COMP,DOXILAMINA TAB,14.0,59804,DORMIDINA,25 mg,SUCCINATO DE DOXILAMINA,14
1,0.8334,2569696.0,CARBIDOPA/LEVODOPA 25/250mg x 100TAB - MEDROCK,<NINGUNO>,100.0,36855,CARBIDOPA + LEVODOPA,25 mg + 250 mg,CARBIDOPA MONOHIDRATO + LEVODOPA,100
1,0.8835,2571433.0,ZITROZIN 500mg x 3 TAB,<NINGUNO>,3.0,35726,ZITROZIN,500 mg,AZITROMICINA DIHIDRATO,3
2,0.8335,2571433.0,ZITROZIN 500mg x 3 TAB,<NINGUNO>,3.0,49681,ZITROZIN,500 mg,AZITROMICINA DIHIDRATO,100
3,0.8335,2571433.0,ZITROZIN 500mg x 3 TAB,<NINGUNO>,3.0,51565,ZITROZIN,500 mg,AZITROMICINA DIHIDRATO,10
1,0.8008,2573126.0,DIMENHIDRINATO 50mg/5ml x 50 AMP.-GRAVICOR,<NINGUNO>,50.0,35031,DIMENHIDRINATO,50 mg/ 5 mL,DIMENHIDRINATO,50
2,0.8008,2573126.0,DIMENHIDRINATO 50mg/5ml x 50 AMP.-GRAVICOR,<NINGUNO>,50.0,39346,DIMENHIDRINATO,50 mg/ 5 mL,DIMENHIDRINATO,50
1,0.8471,2573554.0,PROSTEZOSIN 5mg x 30 TAB,<NINGUNO>,30.0,53453,PROSTEZOSIN,5 mg,TERAZOSINA CLORHIDRATO DIHIDRATO,30
1,0.8335,2573768.0,AZITROMICINA 500mg x 100 TAB - LABOGEN,<NINGUNO>,100.0,44125,AZITROMICINA,500 mg,AZITROMICINA DIHIDRATO,3
1,0.8406,2573875.0,IRBESARTAN 300mg x 100 TAB - LABOGEN,<NINGUNO>,100.0,44127,IRBESARTAN,300 mg,IRBESARTAN,50
1,0.8818,2575568.0,CARBAMAZEPINA 200mg x 100 TAB - IQFARMA,<NINGUNO>,100.0,52642,CARBAMAZEPINA,200 mg,CARBAMAZEPINA,100
1,0.8253,2576575.0,FISIOFER 40mg/15mL FRASCO x 120ml- ITF FARMACEUTICA,<NINGUNO>,1.0,47077,FISIOFER,40 mg/ 15 mL,PROTEINSUCCINATO DE HIERRO (III),1
1,0.8385,2576682.0,FLUIDAR 500mg/5ml x 120ml - ITF FARMACEUTICA,<NINGUNO>,1.0,46942,FLUIDAR,500 mg/ 5 mL,CARBOCISTEINA,1
1,0.916,2577154.0,PREDNISONA 20mg x 100 TAB - PERUFARMA,<NINGUNO>,100.0,49232,PREDNISONA,20 mg,PREDNISONA,100
2,0.816,2577154.0,PREDNISONA 20mg x 100 TAB - PERUFARMA,<NINGUNO>,100.0,9181,PREDNISONA,20 mg,PREDNISONA,100
3,0.816,2577154.0,PREDNISONA 20mg x 100 TAB - PERUFARMA,<NINGUNO>,100.0,38189,PREDNISONA,20 mg,PREDNISONA,100
1,0.8556,2577261.0,DEFLAZACORT 30mg x 30 TAB - DIPHASAC,<NINGUNO>,30.0,54012,DEFLAZACORT,30 mg,DEFLAZACORT,30
2,0.8056,2577261.0,DEFLAZACORT 30mg x 30 TAB - DIPHASAC,<NINGUNO>,30.0,54394,DEFLAZACORT,30 mg,DEFLAZACORT,10
1,0.8389,2578810.0,PLENICA 50mg x 30 CAP,<NINGUNO>,30.0,34588,PLENICA,75 mg,PREGABALINA,30
2,0.8389,2578810.0,PLENICA 50mg x 30 CAP,<NINGUNO>,30.0,52261,PLENICA,75 mg,PREGABALINA,30
1,0.859,2580540.0,CAPTOPRIL 25mg x 100 TAB.- IQ. FARMA,<NINGUNO>,100.0,37553,CAPTOPRIL,25 mg,CAPTOPRIL,100
1,0.8357,2580754.0,LIDOCAINA 2% JALEA TBO x 30gr-(METACAIN)-CORVAL,<NINGUNO>,1.0,42959,LIDOCAINA,2 %,LIDOCAINA CLORHIDRATO,20
1,0.8278,2581012.0,PASSIVA 40mg x 20 TAB - NEUROSCIENCE,<NINGUNO>,1.0,40445,PASSIVA,40 mg,ATOMOXETINA CLORHIDRATO,20
1,0.8803,2581119.0,CICLOBENZAPRINA 5mg x 30TAB - EUROFARMA,<NINGUNO>,30.0,55017,CICLOBENZAPRINA,5 mg,CICLOBENZAPRINA CLORHIDRATO,30
2,0.8088,2581119.0,CICLOBENZAPRINA 5mg x 30TAB - EUROFARMA,<NINGUNO>,30.0,55018,CICLOBENZAPRINA,10 mg,CICLOBENZAPRINA CLORHIDRATO,30
1,0.9,2581654.0,TERBIFUN 1% SPRAY FCO x 30ml - CAFERMA,<NINGUNO>,1.0,41122,TERBIFUN,1 %,TERBINAFINA CLORHIDRATO,1
2,0.9,2581654.0,TERBIFUN 1% SPRAY FCO x 30ml - CAFERMA,<NINGUNO>,1.0,46043,TERBIFUN,1 %,TERBINAFINA CLORHIDRATO,1
3,0.9,2581654.0,TERBIFUN 1% SPRAY FCO x 30ml - CAFERMA,<NINGUNO>,1.0,46706,TERBIFUN,1 %,TERBINAFINA CLORHIDRATO,1
1,0.8559,2582019.0,LOPERAMIDA 2mg x 100 TAB - INDUQUIMICA,<NINGUNO>,100.0,37518,LOPERAMIDA,2 mg,LOPERAMIDA CLORHIDRATO,100
1,0.8673,2582126.0,ESOMEPRAZOL 40mg x 30 TAB - BONAPHARM,<NINGUNO>,30.0,40704,ESOMEPRAZOL,40 mg,ESOMEPRAZOL MAGNESIO TRIHIDRATO,30
2,0.8556,2582126.0,ESOMEPRAZOL 40mg x 30 TAB - BONAPHARM,<NINGUNO>,30.0,40263,ESOMEPRAZOL,40 mg,ESOMEPRAZOL,30
3,0.8111,2582126.0,ESOMEPRAZOL 40mg x 30 TAB - BONAPHARM,<NINGUNO>,30.0,40258,ESOMEPRAZOL,20 mg,ESOMEPRAZOL,30
1,0.8231,2582233.0,CEFADROXILO 250mg/5ml x 100ml SUSP - IQFARMA,<NINGUNO>,1.0,51667,CEFADROXILO,250 mg/ 5 mL,CEFADROXILO MONOHIDRATO,1
1,0.8794,2583133.0,CLARITROMICINA 500mg x 100 TAB - AC FARMA,<NINGUNO>,100.0,38155,CLARITROMICINA,500 mg,CLARITROMICINA,100
2,0.8294,2583133.0,CLARITROMICINA 500mg x 100 TAB - AC FARMA,<NINGUNO>,100.0,59911,CLARITROMICINA,500 mg,CLARITROMICINA,50
1,0.9333,2584568.0,EFETAMOL 1gr x 20 SOBRES ITF,PARACETAMOL 500MG.TABLETAS,20.0,42181,EFETAMOL,1 g,PARACETAMOL,20
1,0.8854,2584675.0,THYROFIX 50mcg x 50 TAB - MEDICAL PHARMA,<NINGUNO>,50.0,55066,THYROFIX,50 mcg,LEVOTIROXINA DE SODIO,50
2,0.849,2584675.0,THYROFIX 50mcg x 50 TAB - MEDICAL PHARMA,<NINGUNO>,50.0,55065,THYROFIX,75 mcg,LEVOTIROXINA DE SODIO,50
3,0.849,2584675.0,THYROFIX 50mcg x 50 TAB - MEDICAL PHARMA,<NINGUNO>,50.0,55067,THYROFIX,25 mcg,LEVOTIROXINA DE SODIO,50
1,0.9,2584996.0,ESPIRONE 100mg x 20 TABLETAS,<NINGUNO>,20.0,43728,ESPIRONE,100 mg,ESPIRONOLACTONA,20
2,0.9,2584996.0,ESPIRONE 100mg x 20 TABLETAS,<NINGUNO>,20.0,57446,ESPIRONE,100 mg,ESPIRONOLACTONA,20
3,0.85,2584996.0,ESPIRONE 100mg x 20 TABLETAS,<NINGUNO>,20.0,43729,ESPIRONE,100 mg,ESPIRONOLACTONA,100
1,0.9923,2585040.0,PARACETAMOL KIDS JARABE x 90ml - GEN FAR,PARACETAMOL JARABE,1.0,56387,PARACETAMOL,100 mg/ mL,PARACETAMOL,1
2,0.9923,2585040.0,PARACETAMOL KIDS JARABE x 90ml - GEN FAR,PARACETAMOL JARABE,1.0,56428,PARACETAMOL,100 mg/ mL,PARACETAMOL,1
3,0.98,2585040.0,PARACETAMOL KIDS JARABE x 90ml - GEN FAR,PARACETAMOL JARABE,1.0,56388,PARACETAMOL,160 mg/ 5 mL,PARACETAMOL,1
1,0.828,2585147.0,CETIRIZINA 5mg/5ml x 60ml JBE - IQFARMA,<NINGUNO>,1.0,51991,CETIRIZINA,5 mg/ 5 mL,CETIRIZINA CLORHIDRATO,1
2,0.828,2585147.0,CETIRIZINA 5mg/5ml x 60ml JBE - IQFARMA,<NINGUNO>,1.0,58341,CETIRIZINA,5 mg/ 5 mL,CETIRIZINA CLORHIDRATO,1
1,0.8233,2586154.0,METAMIZOL SODICO 1gr/2ml x 50 AMP - DIPHA SAC,<NINGUNO>,50.0,55419,METAMIZOL SODICO,1 g/ 2 mL,METAMIZOL DE SODIO,50
1,0.809,2586689.0,MELOXICAM 15mg/1.5 CAJA x 5 AMP.- GEN FAR,<NINGUNO>,5.0,40307,MELOXICAM,15 mg,MELOXICAM,100
2,0.809,2586689.0,MELOXICAM 15mg/1.5 CAJA x 5 AMP.- GEN FAR,<NINGUNO>,5.0,41992,MELOXICAM,15 mg,MELOXICAM,10
3,0.809,2586689.0,MELOXICAM 15mg/1.5 CAJA x 5 AMP.- GEN FAR,<NINGUNO>,5.0,43537,MELOXICAM,15 mg,MELOXICAM,10
1,0.8812,2588817.0,CELECOXIB 400 mg x 30 CAP. (DIPHACOXIB),<NINGUNO>,30.0,49063,DIPHACOXIB 400,400 mg,CELECOXIB,30
2,0.8312,2588817.0,CELECOXIB 400 mg x 30 CAP. (DIPHACOXIB),<NINGUNO>,30.0,58517,CELECOXIB,400 mg,CELECOXIB,50
1,0.8833,2589282.0,PRESTAT 50mg CAJA x 20 COMPRIMIDOS,<NINGUNO>,20.0,55181,PRESTAT,50 mg,PREGABALINA,20
2,0.8656,2589282.0,PRESTAT 50mg CAJA x 20 COMPRIMIDOS,<NINGUNO>,20.0,49030,PRESTAT,150 mg,PREGABALINA,20
3,0.8389,2589282.0,PRESTAT 50mg CAJA x 20 COMPRIMIDOS,<NINGUNO>,20.0,49028,PRESTAT,75 mg,PREGABALINA,20
1,0.9778,2590226.0,NIFEDIPINO 10mg x 100 TAB - (NIFEPHARM) OQPHARMA,NIFEDIPINO TAB,100.0,47157,NIFEDIPINO,10 mg,NIFEDIPINO,100
2,0.9333,2590226.0,NIFEDIPINO 10mg x 100 TAB - (NIFEPHARM) OQPHARMA,NIFEDIPINO TAB,100.0,34052,NIFEDIPINO,30 mg,NIFEDIPINO,100
3,0.9333,2590226.0,NIFEDIPINO 10mg x 100 TAB - (NIFEPHARM) OQPHARMA,NIFEDIPINO TAB,100.0,60449,NIFEDIPINO,30 mg,NIFEDIPINO,100
1,0.8866,2590440.0,SIMETICONA 80mg x 30 TAB.MAST - FARMINDUSTRIA,<NINGUNO>,30.0,49098,SIMETICONA,80 mg,SIMETICONA,30
2,0.8422,2590440.0,SIMETICONA 80mg x 30 TAB.MAST - FARMINDUSTRIA,<NINGUNO>,30.0,45231,SIMETICONA,40 mg,SIMETICONA,30
1,0.8008,2590547.0,CEFALEXINA 500mg (FALEXIN) x 100 CAP - TERBOL,<NINGUNO>,100.0,37770,CEFALEXINA,500 mg,CEFALEXINA MONOHIDRATO,100
2,0.8008,2590547.0,CEFALEXINA 500mg (FALEXIN) x 100 CAP - TERBOL,<NINGUNO>,100.0,39036,CEFALEXINA,500 mg,CEFALEXINA MONOHIDRATO,100
3,0.8008,2590547.0,CEFALEXINA 500mg (FALEXIN) x 100 CAP - TERBOL,<NINGUNO>,100.0,41548,CEFALEXINA,500 mg,CEFALEXINA MONOHIDRATO,100
1,0.8537,2590654.0,CEFADROXILO 500mg x 10 CAP (CEFOTRIX) - TERBOL,CEFADROXILO 500MG.TABLETAS,10.0,43823,CEFADROXILO,500 mg,CEFADROXILO MONOHIDRATO,50
2,0.8537,2590654.0,CEFADROXILO 500mg x 10 CAP (CEFOTRIX) - TERBOL,CEFADROXILO 500MG.TABLETAS,10.0,45738,CEFADROXILO,500 mg,CEFADROXILO MONOHIDRATO,100
3,0.8537,2590654.0,CEFADROXILO 500mg x 10 CAP (CEFOTRIX) - TERBOL,CEFADROXILO 500MG.TABLETAS,10.0,51668,CEFADROXILO,500 mg,CEFADROXILO MONOHIDRATO,100
1,0.8438,2591019.0,TELDANE 120mg CAJA x 10 TABLETAS,<NINGUNO>,10.0,45151,TELDANE,180 mg,FEXOFENADINA CLORHIDRATO,10
1,0.8556,2591554.0,DEFLAZACORT 30mg x 10 TAB - IQFARMA,<NINGUNO>,10.0,41552,DEFLAZACORT,30 mg,DEFLAZACORT,10
1,1.0323,2592668.0,OMEPRAZOL 40mg (ACIPRAL) x  10 AMP - INTIPHARMA,OMEPRAZOL AMP,10.0,55015,ACIPRAL,40 mg,OMEPRAZOL SODICO,10
2,0.9778,2592668.0,OMEPRAZOL 40mg (ACIPRAL) x  10 AMP - INTIPHARMA,OMEPRAZOL AMP,10.0,53208,OMEPRAZOL,40 mg,OMEPRAZOL,10
3,0.9333,2592668.0,OMEPRAZOL 40mg (ACIPRAL) x  10 AMP - INTIPHARMA,OMEPRAZOL AMP,10.0,37114,OMEPRAZOL,20 mg,OMEPRAZOL,10
1,0.9495,2593782.0,IBUPROFENO 400mg TAB x 100 - SHERFARMA,<NINGUNO>,100.0,54990,IBUPROFENO,400 mg,IBUPROFENO,100
2,0.8495,2593782.0,IBUPROFENO 400mg TAB x 100 - SHERFARMA,<NINGUNO>,100.0,37877,IBUPROFENO,400 mg,IBUPROFENO,100
3,0.8495,2593782.0,IBUPROFENO 400mg TAB x 100 - SHERFARMA,<NINGUNO>,100.0,40876,IBUPROFENO,400 mg,IBUPROFENO,100
1,0.8812,2594575.0,RYNAT D 0.05% SOL NASAL - FCO 15ml,<NINGUNO>,1.0,35551,RYNAT D,0.05 %,OXIMETAZOLINA CLORHIDRATO,1
2,0.8812,2594575.0,RYNAT D 0.05% SOL NASAL - FCO 15ml,<NINGUNO>,1.0,40596,RYNAT D,0.05 %,OXIMETAZOLINA CLORHIDRATO,1
3,0.8812,2594575.0,RYNAT D 0.05% SOL NASAL - FCO 15ml,<NINGUNO>,1.0,60003,RYNAT D,0.05 %,OXIMETAZOLINA CLORHIDRATO,1
1,0.8706,2594682.0,VERTINER 24mg x 30 TAB,<NINGUNO>,30.0,51203,VERTINER,24 mg,DICLORHIDRATO DE BETAHISTINA,30
1,0.8903,2594903.0,LOSARTAN 50mg x 30 TAB - EUROFARMA,<NINGUNO>,30.0,52314,LOSARTAN,50 mg,LOSARTAN POTASICO,30
2,0.8903,2594903.0,LOSARTAN 50mg x 30 TAB - EUROFARMA,<NINGUNO>,30.0,55343,LOSARTAN,50 mg,LOSARTAN POTASICO,30
1,0.9,2595047.0,D-SPIERTO 100mg x 100 TAB - SHERFARMA,<NINGUNO>,100.0,55581,D'SPIERTO,100 mg,CAFEINA ANHIDRA,100
1,0.8814,2595368.0,XALAR 5mg CAJA x 90 TABLETAS,<NINGUNO>,90.0,48757,XALAR,5 mg,MONTELUKAST SODICO,90
2,0.81,2595368.0,XALAR 5mg CAJA x 90 TABLETAS,<NINGUNO>,90.0,49653,XALAR,10 mg,MONTELUKAST SODICO,90
1,0.8556,2595796.0,ESOMEPRAZOL 20mg x 30 TAB - BONAPHARM,<NINGUNO>,30.0,40258,ESOMEPRAZOL,20 mg,ESOMEPRAZOL,30
2,0.8556,2595796.0,ESOMEPRAZOL 20mg x 30 TAB - BONAPHARM,<NINGUNO>,30.0,40703,ESOMEPRAZOL,20 mg,ESOMEPRAZOL,30
3,0.8228,2595796.0,ESOMEPRAZOL 20mg x 30 TAB - BONAPHARM,<NINGUNO>,30.0,40704,ESOMEPRAZOL,40 mg,ESOMEPRAZOL MAGNESIO TRIHIDRATO,30
1,0.8673,2595910.0,ESOMEPRAZOL 20mg x 30 TAB - PORTUGAL,<NINGUNO>,30.0,46732,ESOMEPRAZOL,20 mg,ESOMEPRAZOL MAGNESIO TRIHIDRATO,30
2,0.8673,2595910.0,ESOMEPRAZOL 20mg x 30 TAB - PORTUGAL,<NINGUNO>,30.0,57480,ESOMEPRAZOL,20 mg,ESOMEPRAZOL MAGNESIO TRIHIDRATO,30
1,0.925,2596696.0,YODOPOVIDONA ESPUMA 7.5% FCO x 120ml (ALKOYODO),<NINGUNO>,1.0,41074,ALKOYODO ESPUMA,7.5 %,YODO POVIDONA,1
2,0.925,2596696.0,YODOPOVIDONA ESPUMA 7.5% FCO x 120ml (ALKOYODO),<NINGUNO>,1.0,41075,ALKOYODO ESPUMA,7.5 %,YODO POVIDONA,1
3,0.925,2596696.0,YODOPOVIDONA ESPUMA 7.5% FCO x 120ml (ALKOYODO),<NINGUNO>,1.0,42037,ALKOYODO ESPUMA,7.5 %,YODO POVIDONA,1
1,0.8492,2596703.0,DEFLAZACORT 6mg x 10 TAB - IQFARMA,<NINGUNO>,10.0,44375,DEFLAZACORT,6 mg,DEFLAZACORT,10
1,0.9346,2596810.0,DIGOXINA 0.25mg x 100 TAB - IQFARMA,<NINGUNO>,100.0,51672,DIGOXINA,0.25 mg,DIGOXINA,100
2,0.8846,2596810.0,DIGOXINA 0.25mg x 100 TAB - IQFARMA,<NINGUNO>,100.0,37265,DIGOXINA,0.25 mg,DIGOXINA,500
1,0.8111,2597168.0,CIRCULASS RAPID 50mg x 4 TAB - SHERFARMA,<NINGUNO>,4.0,55582,CIRCULASS RAPID,50 mg,SILDENAFILO,4
1,0.8086,2597603.0,COMBIZYM 24mg+220mg x 20 GRAGEAS,<NINGUNO>,20.0,50437,COMBIZYM,24 mg + 220 mg,PANCREATINA + EXTRACTO DE ASPERGILLUS ORYZAE,20
1,0.8214,2598610.0,GLUCONATO DE CALCIO 10%/10ml x 25 AMP - JPS,<NINGUNO>,25.0,27425,GLUCONATO DE CALCIO,10 %,CALCIO GLUCONATO MONOHIDRATO,25
2,0.8214,2598610.0,GLUCONATO DE CALCIO 10%/10ml x 25 AMP - JPS,<NINGUNO>,25.0,54353,GLUCONATO DE CALCIO,10 %,CALCIO GLUCONATO MONOHIDRATO,25
3,0.8214,2598610.0,GLUCONATO DE CALCIO 10%/10ml x 25 AMP - JPS,<NINGUNO>,25.0,57901,GLUCONATO DE CALCIO,10 %,CALCIO GLUCONATO MONOHIDRATO,25
1,0.81,2599182.0,DICLOFAST FORTE GEL 2% TBO x 50gr,<NINGUNO>,1.0,53707,DICLOFAST® FORTE,2 %,DICLOFENACO SODICO,1
1,0.9778,2600919.0,PRED-XOLONA 50mg x 100 TABLETAS,PREDNISONA 50MG -TABLETA,100.0,52801,PRED- XOLONA,50 mg,PREDNISONA,100
1,0.8559,2601712.0,LOPERAMIDA 2mg x 100 TAB - PORTUGAL,<NINGUNO>,100.0,50702,LOPERAMIDA,2 mg,LOPERAMIDA CLORHIDRATO,100
1,0.8475,2601819.0,HIERRO 90mg + ACIDO FOLICO 1mg - PORTUGAL,<NINGUNO>,30.0,55987,HIERRO + ACIDO FOLICO,90 mg + 1 mg,ACIDO FOLICO + SULFATO FERROSO SECO,30
1,0.8429,2603619.0,ISOSORBIDA DINITRATO 10mg x 20Tab - FARMINDUSTRIA,<NINGUNO>,20.0,45632,DINITRATO DE ISOSORBIDA,10 mg,DINITRATO DE ISOSORBIDA,20
1,0.8576,2604412.0,FISIOFER 40mg/15ml CAJA x 10 AMPOLLAS BEBIBLES,<NINGUNO>,10.0,42189,FISIOFER,40 mg/ 15 mL,PROTEINSUCCINATO DE HIERRO (III),10
2,0.8076,2604412.0,FISIOFER 40mg/15ml CAJA x 10 AMPOLLAS BEBIBLES,<NINGUNO>,10.0,47077,FISIOFER,40 mg/ 15 mL,PROTEINSUCCINATO DE HIERRO (III),1
1,0.8596,2604626.0,PARACETAMOL 500mg x 100 TAB - LUSA,<NINGUNO>,100.0,49678,PARACETAMOL,500 mg,PARACETAMOL,100
1,0.8714,2604733.0,CLAVUTRIM CL 12H 875mg/125mg x 14 TAB. REC.,<NINGUNO>,14.0,50462,CLAVUTRIM CL 12H,875 mg + 125 mg,AMOXICILINA TRIHIDRATO + CLAVULANATO POTASICO,14
1,0.8201,2605091.0,FLUCOXIN 150mg x 2 CAP.-QUILAB,<NINGUNO>,2.0,47215,FLUCOXIN,150 mg,FLUCONAZOL,2
2,0.8201,2605091.0,FLUCOXIN 150mg x 2 CAP.-QUILAB,<NINGUNO>,2.0,57683,FLUCOXIN,150 mg,FLUCONAZOL,2
1,0.9778,2605205.0,VODRAVOL 50mg x 100 TAB - LABOFAR,DIMENHIDRINATO - TABLETA,100.0,51383,VODRAVOL,50 mg,DIMENHIDRINATO,100
1,0.8803,2605633.0,TENSIOMAX 5mg x 20 COMP,<NINGUNO>,20.0,55202,TENSIOMAX,5 mg,CICLOBENZAPRINA CLORHIDRATO,20
2,0.8088,2605633.0,TENSIOMAX 5mg x 20 COMP,<NINGUNO>,20.0,55141,TENSIOMAX,10 mg,CICLOBENZAPRINA CLORHIDRATO,20
1,0.8409,2606098.0,UROPOL FORTE 200mg CAJA x 10 TABLETAS,<NINGUNO>,10.0,35821,UROPOL,500 mg,CIPROFLOXACINO CLORHIDRATO,10
2,0.8409,2606098.0,UROPOL FORTE 200mg CAJA x 10 TABLETAS,<NINGUNO>,10.0,61815,UROPOL,500 mg,CIPROFLOXACINO CLORHIDRATO,10
3,0.8388,2606098.0,UROPOL FORTE 200mg CAJA x 10 TABLETAS,<NINGUNO>,10.0,55079,UROPOL FORTE F,200 mg,FENAZOPIRIDINA CLORHIDRATO,10
1,0.8056,2607326.0,PROFEKET 2.5% GEL TUBO x 30 GR (KETOPROFENO),<NINGUNO>,1.0,45160,PROFEKET,2.5 %,KETOPROFENO,1
2,0.8056,2607326.0,PROFEKET 2.5% GEL TUBO x 30 GR (KETOPROFENO),<NINGUNO>,1.0,58531,PROFEKET,2.5 %,KETOPROFENO,1
1,0.8152,2607861.0,GABAPENTINA 300mg CAJA x 100 TAB.-PHARMAGEN,<NINGUNO>,100.0,39384,GABAPENTINA,300 mg,GABAPENTINA,100
2,0.8152,2607861.0,GABAPENTINA 300mg CAJA x 100 TAB.-PHARMAGEN,<NINGUNO>,100.0,41551,GABAPENTINA,300 mg,GABAPENTINA,100
3,0.8152,2607861.0,GABAPENTINA 300mg CAJA x 100 TAB.-PHARMAGEN,<NINGUNO>,100.0,41692,GABAPENTINA,300 mg,GABAPENTINA,100
1,0.8037,2609233.0,BRONPAX FORTE 30mg/5ml JBE x 120ml,<NINGUNO>,1.0,39549,BRONPAX FORTE,30 mg/ 5 mL,AMBROXOL CLORHIDRATO,1
2,0.8037,2609233.0,BRONPAX FORTE 30mg/5ml JBE x 120ml,<NINGUNO>,1.0,40381,BRONPAX,15 mg/ 5 mL,AMBROXOL CLORHIDRATO,1
1,0.8963,2610384.0,CLINDAMICINA 300mg x 100 TAB - IQFARMA,<NINGUNO>,100.0,52650,CLINDAMICINA,300 mg,CLINDAMICINA CLORHIDRATO,100
2,0.8463,2610384.0,CLINDAMICINA 300mg x 100 TAB - IQFARMA,<NINGUNO>,100.0,57561,CLINDAMICINA,300 mg,CLINDAMICINA CLORHIDRATO,500
1,0.8623,2610491.0,NEO NISOPREX 15mg/5ml SOL.x 100ml,<NINGUNO>,1.0,40321,NEO NISOPREX,15 mg/ 5 mL,PREDNISOLONA,1
2,0.8623,2610491.0,NEO NISOPREX 15mg/5ml SOL.x 100ml,<NINGUNO>,1.0,40322,NEO NISOPREX,15 mg/ 5 mL,PREDNISOLONA,1
3,0.8623,2610491.0,NEO NISOPREX 15mg/5ml SOL.x 100ml,<NINGUNO>,1.0,55457,NEO NISOPREX,15 mg/ 5 mL,PREDNISOLONA,1
1,0.9037,2610598.0,MICOFINAL 250mg x 30TAB - INDUQUIMICA,TERBINAFINA 250mg TABLETAS,30.0,38333,MICOFINAL,250 mg,TERBINAFINA CLORHIDRATO,30
1,0.9056,2610605.0,TOBRAZOL DX UNG. 0.3% OFTALMICA x 3.5g,<NINGUNO>,1.0,38634,TOBRAZOL,0.3 %,TOBRAMICINA,1
2,0.9056,2610605.0,TOBRAZOL DX UNG. 0.3% OFTALMICA x 3.5g,<NINGUNO>,1.0,55839,TOBRAZOL,0.3 %,TOBRAMICINA,1
3,0.8484,2610605.0,TOBRAZOL DX UNG. 0.3% OFTALMICA x 3.5g,<NINGUNO>,1.0,46810,TOBRAZOL DX,0.3 % + 0.1 %,DEXAMETASONA + TOBRAMICINA,1
1,0.8146,2610819.0,KETESSE 50mg/2ml CAJA x 5 AMPOLLAS - MENARINI,<NINGUNO>,5.0,42137,KETESSE,50 mg/ 2 mL,DEXKETOPROFENO TROMETAMOL,5
1,0.8895,2611505.0,DOXICICLINA 100mg x 100 CAP - AC FARMA,<NINGUNO>,100.0,41569,DOXICICLINA,100 mg,DOXICICLINA HICLATO,100
1,0.9382,2612726.0,BETARRETIN 0.025% CREMA x 30g - MEDIHEALTH,<NINGUNO>,1.0,42102,BETARRETIN,0.025 %,TRETINOINA,1
2,0.8613,2612726.0,BETARRETIN 0.025% CREMA x 30g - MEDIHEALTH,<NINGUNO>,1.0,42100,BETARRETIN,0.05 %,TRETINOINA,1
3,0.8382,2612726.0,BETARRETIN 0.025% CREMA x 30g - MEDIHEALTH,<NINGUNO>,1.0,52536,BETARRETIN,0.025 %,TRETINOINA,1
1,0.8855,2612833.0,SILDENAFILO 50mg x 4 TAB. MASTICABLE - QM FARMA,<NINGUNO>,4.0,56616,SILDENAFILO,50 mg,SILDENAFILO CITRATO,4
2,0.8277,2612833.0,SILDENAFILO 50mg x 4 TAB. MASTICABLE - QM FARMA,<NINGUNO>,4.0,56617,SILDENAFILO,100 mg,SILDENAFILO CITRATO,4
3,0.8111,2612833.0,SILDENAFILO 50mg x 4 TAB. MASTICABLE - QM FARMA,<NINGUNO>,4.0,45245,SILDENAFILO,50 mg,SILDENAFILO,4
1,0.8895,2612940.0,SILDENAFILO 100mg x 4 TAB. MASTICABLE - QM FARMA,<NINGUNO>,4.0,56617,SILDENAFILO,100 mg,SILDENAFILO CITRATO,4
2,0.8277,2612940.0,SILDENAFILO 100mg x 4 TAB. MASTICABLE - QM FARMA,<NINGUNO>,4.0,56616,SILDENAFILO,50 mg,SILDENAFILO CITRATO,4
1,0.8088,2613840.0,DESTOLAB 5% CREMA x 6 0gr - DAXOLAB,<NINGUNO>,1.0,57078,DESTOLAB,5 %,PERMETRINA,1
2,0.8088,2613840.0,DESTOLAB 5% CREMA x 6 0gr - DAXOLAB,<NINGUNO>,1.0,57079,DESTOLAB,5 %,PERMETRINA,1
1,0.8492,2614526.0,PARACETAMOL 1 gr x 10 TAB - GENERION,<NINGUNO>,10.0,53495,PARACETAMOL,1 g,PARACETAMOL,10
1,0.8906,2614954.0,ETORICOXIB 120mg CAJA x 30 TAB.-BONAPHARM,<NINGUNO>,30.0,51936,ETORICOXIB,120 mg,ETORICOXIB,30
2,0.8288,2614954.0,ETORICOXIB 120mg CAJA x 30 TAB.-BONAPHARM,<NINGUNO>,30.0,51934,ETORICOXIB,60 mg,ETORICOXIB,30
3,0.8288,2614954.0,ETORICOXIB 120mg CAJA x 30 TAB.-BONAPHARM,<NINGUNO>,30.0,51935,ETORICOXIB,90 mg,ETORICOXIB,30
1,0.8788,2617119.0,HIERRO SACAROSA 100 mg/5 ml CAJA x 5 AMP.-SEVEN PHARMA,<NINGUNO>,5.0,56629,HIERRO SACAROSA,100 mg/ 5 mL,COMPLEJO DE HIDROXIDO DE HIERRO (III) CON SACAROSA,5
2,0.8214,2617119.0,HIERRO SACAROSA 100 mg/5 ml CAJA x 5 AMP.-SEVEN PHARMA,<NINGUNO>,5.0,59458,HIERRO SACAROSA,100 mg/ 5 mL,HIERRO SUCROSA,5
3,0.8214,2617119.0,HIERRO SACAROSA 100 mg/5 ml CAJA x 5 AMP.-SEVEN PHARMA,<NINGUNO>,5.0,61206,HIERRO SACAROSA,100 mg/ 5 mL,HIERRO SUCROSA,5
1,0.8631,2617333.0,FLAXEL 200MG x 100 CAPS. - MEDIFARMA,<NINGUNO>,100.0,45848,FLAXEL,200 mg,CELECOXIB,100
2,0.8131,2617333.0,FLAXEL 200MG x 100 CAPS. - MEDIFARMA,<NINGUNO>,100.0,37794,FLAXEL,200 mg,CELECOXIB,30
1,0.8903,2617654.0,LOSARTAN 50mg x 120 TAB - AC FARMA,<NINGUNO>,120.0,57007,LOSARTAN,50 mg,LOSARTAN POTASICO,120
2,0.8403,2617654.0,LOSARTAN 50mg x 120 TAB - AC FARMA,<NINGUNO>,120.0,7008,LOSARTAN,50 mg,LOSARTAN POTASICO,100
3,0.8403,2617654.0,LOSARTAN 50mg x 120 TAB - AC FARMA,<NINGUNO>,120.0,43477,LOSARTAN,50 mg,LOSARTAN POTASICO,100
1,0.8202,2618554.0,DIMENHIDRINATO 50mg/5ml x 10AMP - DANY GRAVDAN,<NINGUNO>,10.0,60316,DIMENHIDRINATO,50 mg/ mL,DIMENHIDRINATO,10
2,0.8183,2618554.0,DIMENHIDRINATO 50mg/5ml x 10AMP - DANY GRAVDAN,<NINGUNO>,10.0,40228,DIMENHIDRINATO,50 mg,DIMENHIDRINATO,100
3,0.8008,2618554.0,DIMENHIDRINATO 50mg/5ml x 10AMP - DANY GRAVDAN,<NINGUNO>,10.0,56778,DIMENHIDRINATO,50 mg/ 5 mL,DIMENHIDRINATO,10
1,0.916,2619668.0,PREDNISONA 50mg x 100 TAB - AC FARMA,<NINGUNO>,100.0,49015,PREDNISONA,50 mg,PREDNISONA,100
2,0.8882,2619668.0,PREDNISONA 50mg x 100 TAB - AC FARMA,<NINGUNO>,100.0,42909,PREDNISONA,5 mg,PREDNISONA,100
3,0.8716,2619668.0,PREDNISONA 50mg x 100 TAB - AC FARMA,<NINGUNO>,100.0,44022,PREDNISONA,20 mg,PREDNISONA,100
1,0.8693,2621726.0,CEFALOGEN 500mg IM S.INYECTABLE x 1 AMP.,<NINGUNO>,1.0,51710,CEFALOGEN,500 mg,CEFTRIAXONA + LIDOCAINA CLORHIDRATO,1
1,0.8851,2621833.0,PERIVASC 450mg+50mg x 30 COMP,<NINGUNO>,30.0,56381,PERIVASC,450 mg + 50 mg,DIOSMINA,30
2,0.8108,2621833.0,PERIVASC 450mg+50mg x 30 COMP,<NINGUNO>,30.0,56749,PERIVASC,1000 mg,DIOSMINA,30
1,0.8895,2623419.0,ORFENADRINA 100mg x 100 TAB - AC FARMA,<NINGUNO>,100.0,55910,ORFENADRINA,100 mg,ORFENADRINA CITRATO,100
1,0.8943,2623526.0,CEFUROXIMA 500mg x 50 TAB - IQ FARMA,<NINGUNO>,50.0,51670,CEFUROXIMA,500 mg,CEFUROXIMA AXETIL,50
1,0.8125,2624098.0,"PROLONG 1000 NF 9,6% FCO x 10g",<NINGUNO>,1.0,39001,PROLONG 1000 NF,9.6 %,LIDOCAINA,1
1,0.825,2625112.0,LINCOMICINA 600mg x 6 AMP - PORTUGAL,<NINGUNO>,6.0,55678,LINCOMICINA,600 mg/ 2 mL,LINCOMICINA CLORHIDRATO,6
1,0.897,2626226.0,APRONAX 550mg  CAJA x 20 TABLETAS,<NINGUNO>,20.0,50962,APRONAX,550 mg,NAPROXENO SODICO,20
2,0.8756,2626226.0,APRONAX 550mg  CAJA x 20 TABLETAS,<NINGUNO>,20.0,37668,APRONAX,550 mg,NAPROXENO,120
3,0.847,2626226.0,APRONAX 550mg  CAJA x 20 TABLETAS,<NINGUNO>,20.0,40368,APRONAX,550 mg,NAPROXENO SODICO,60
1,0.8117,2626868.0,BENALGIN B12 x 1 AMP. 1ml,<NINGUNO>,1.0,51817,BENALGIN B12,1 mg/ mL,HIDROXICOBALAMINA,1
1,0.8783,2627554.0,CORTAFAN FORTE 220mg/5ml SUSP. x 100ml,<NINGUNO>,1.0,56939,CORTAFAN FORTE,220 mg/ 5 mL,NIFUROXAZIDA,1
1,0.8746,2627661.0,KETINOR 1080mg CAJA x 50 TAB.-(CITRATO DE POTASIO),<NINGUNO>,50.0,55045,KETINOR,1080 mg,CITRATO DE POTASIO,50
1,0.8714,2628454.0,DESLORATADINA 5mg x 100 TAB - PORTUGAL,<NINGUNO>,100.0,55262,DESLORATADINA,5 mg,DESLORATADINA,100
1,0.9167,2628561.0,DERMOSUPRIL 0.1% CREMA - MEGALABS,<NINGUNO>,1.0,41423,DERMOSUPRIL,0.1 %,DESONIDA,1
2,0.831,2628561.0,DERMOSUPRIL 0.1% CREMA - MEGALABS,<NINGUNO>,1.0,40566,DERMOSUPRIL,0.05 %,DESONIDA,1
3,0.831,2628561.0,DERMOSUPRIL 0.1% CREMA - MEGALABS,<NINGUNO>,1.0,44750,DERMOSUPRIL,0.05 %,DESONIDA,1
1,0.9167,2628668.0,DERMOSUPRIL 0.05% CREMA - MEGALABS,<NINGUNO>,1.0,40566,DERMOSUPRIL,0.05 %,DESONIDA,1
2,0.9167,2628668.0,DERMOSUPRIL 0.05% CREMA - MEGALABS,<NINGUNO>,1.0,44750,DERMOSUPRIL,0.05 %,DESONIDA,1
3,0.831,2628668.0,DERMOSUPRIL 0.05% CREMA - MEGALABS,<NINGUNO>,1.0,41423,DERMOSUPRIL,0.1 %,DESONIDA,1
1,0.9,2628989.0,VAFEXIN 75 mg x 20 CAP - AC FARMA,<NINGUNO>,20.0,44756,VAFEXIN,75 mg,VENLAFAXINA CLORHIDRATO,20
1,0.8125,2629247.0,ACICLOVIR AL 5% CREMA x 5gr - IQ.FARMA,<NINGUNO>,1.0,33775,ACICLOVIR,5 %,ACICLOVIR,1
2,0.8125,2629247.0,ACICLOVIR AL 5% CREMA x 5gr - IQ.FARMA,<NINGUNO>,1.0,40290,ACICLOVIR,5 %,ACICLOVIR,1
3,0.8125,2629247.0,ACICLOVIR AL 5% CREMA x 5gr - IQ.FARMA,<NINGUNO>,1.0,40572,ACICLOVIR,5 %,ACICLOVIR,1
1,0.8895,2630077.0,ORFENADRINA 100mg x 100 TAB - PORTUGAL,<NINGUNO>,100.0,55608,ORFENADRINA,100 mg,ORFENADRINA CITRATO,100
1,0.896,2630512.0,ESPIRONOLACTONA 25mg x 100 TAB - IQFARMA,<NINGUNO>,100.0,47620,ESPIRONOLACTONA,25 mg,ESPIRONOLACTONA,100
1,0.8422,2631626.0,IRBESEL HC 300/12.5mg CAJA x 20 TABLETAS,<NINGUNO>,20.0,57014,IRBESEL,150 mg,IRBESARTAN,20
2,0.8197,2631626.0,IRBESEL HC 300/12.5mg CAJA x 20 TABLETAS,<NINGUNO>,20.0,58944,IRBESEL® HC,150 mg + 12.5 mg,HIDROCLOROTIAZIDA + IRBESARTAN,20
3,0.8197,2631626.0,IRBESEL HC 300/12.5mg CAJA x 20 TABLETAS,<NINGUNO>,20.0,58945,IRBESEL HC,300 mg + 12.5 mg,HIDROCLOROTIAZIDA + IRBESARTAN,20
1,0.8096,2631947.0,DUTARIDE 0.5mg x 30 CAP - SHERFARMA,<NINGUNO>,1.0,42637,DUTARIDE,0.5 mg,DUTASTERIDA,30
2,0.8096,2631947.0,DUTARIDE 0.5mg x 30 CAP - SHERFARMA,<NINGUNO>,1.0,53875,DUTARIDE,0.5 mg,DUTASTERIDA,30
1,0.8906,2632205.0,NORMOPRESS 150mg x 30TAB - AC FARMA,<NINGUNO>,30.0,56766,NORMOPRESS®,150 mg,IRBESARTAN,30
2,0.8179,2632205.0,NORMOPRESS 150mg x 30TAB - AC FARMA,<NINGUNO>,30.0,44248,NORMOPRESS,300 mg,IRBESARTAN,30
1,0.8818,2633747.0,CARBAMAZEPINA 200mg x 100 TAB - PORTUGAL,<NINGUNO>,100.0,57363,CARBAMAZEPINA,200 mg,CARBAMAZEPINA,100
1,0.9028,2634112.0,ACNOTIN 10mg x 30 CAP - BAGO,<NINGUNO>,30.0,41789,ACNOTIN,10 mg,ISOTRETINOINA,30
2,0.8583,2634112.0,ACNOTIN 10mg x 30 CAP - BAGO,<NINGUNO>,30.0,41790,ACNOTIN,20 mg,ISOTRETINOINA,30
1,0.8844,2634540.0,GEMFIBROZILO 600mg x 30 TAB. IQ FARMA,<NINGUNO>,30.0,45800,GEMFIBROZILO,600 mg,GEMFIBROZILO,30
2,0.8344,2634540.0,GEMFIBROZILO 600mg x 30 TAB. IQ FARMA,<NINGUNO>,30.0,43473,GEMFIBROZILO,600 mg,GEMFIBROZILO,100
1,0.9088,2635226.0,DIPHA-SCBIX AL 5% x 30gr CREMA,<NINGUNO>,1.0,50572,DIPHA - SCBIX,5 %,PERMETRINA,1
2,0.9088,2635226.0,DIPHA-SCBIX AL 5% x 30gr CREMA,<NINGUNO>,1.0,50648,DIPHA - SCBIX,5 %,PERMETRINA,1
3,0.9088,2635226.0,DIPHA-SCBIX AL 5% x 30gr CREMA,<NINGUNO>,1.0,54013,DIPHA - SCBIX,5 %,PERMETRINA,1
1,0.859,2636875.0,MELOXICAM 15mg x 100 TAB - AC FARMA,<NINGUNO>,100.0,40361,MELOXICAM,15 mg,MELOXICAM,100
1,0.8732,2638889.0,NOCTAMID 50mg x 30 COMPRIMIDOS - PHARMED,<NINGUNO>,30.0,56609,NOCTAMID,50 mg,DIFENHIDRAMINA CLORHIDRATO,30
2,0.8232,2638889.0,NOCTAMID 50mg x 30 COMPRIMIDOS - PHARMED,<NINGUNO>,30.0,52719,NOCTAMID,50 mg,DIFENHIDRAMINA CLORHIDRATO,40
1,0.9008,2639040.0,DIMENHIDRINATO 50mg/5ml x 10AMP - DIPHASAC,<NINGUNO>,10.0,56778,DIMENHIDRINATO,50 mg/ 5 mL,DIMENHIDRINATO,10
2,0.8202,2639040.0,DIMENHIDRINATO 50mg/5ml x 10AMP - DIPHASAC,<NINGUNO>,10.0,60316,DIMENHIDRINATO,50 mg/ mL,DIMENHIDRINATO,10
3,0.8008,2639040.0,DIMENHIDRINATO 50mg/5ml x 10AMP - DIPHASAC,<NINGUNO>,10.0,56953,DIMENHIDRINATO,50 mg/ 5 mL,DIMENHIDRINATO,10
1,0.8068,2639468.0,PENTOXIFILINA 400mg x 30 TAB.- IQ. FARMA,<NINGUNO>,30.0,52378,PENTOXIFILINA,400 mg,PENTOXIFILINA,30
2,0.8068,2639468.0,PENTOXIFILINA 400mg x 30 TAB.- IQ. FARMA,<NINGUNO>,30.0,52663,PENTOXIFILINA,400 mg,PENTOXIFILINA,30
3,0.8068,2639468.0,PENTOXIFILINA 400mg x 30 TAB.- IQ. FARMA,<NINGUNO>,30.0,56834,PENTOXIFILINA,400 mg,PENTOXIFILINA,30
1,0.8713,2639682.0,OMEPRAZOL 40mg x 10 AMP - DANY,<NINGUNO>,10.0,61167,OMEPRAZOL,40 mg,OMEPRAZOL SODICO,10
2,0.859,2639682.0,OMEPRAZOL 40mg x 10 AMP - DANY,<NINGUNO>,10.0,53208,OMEPRAZOL,40 mg,OMEPRAZOL,10
1,0.8485,2640305.0,XONACEF 1g IM x 1 AMP - DROPESAC,<NINGUNO>,1.0,56933,XONACEF,1 g,CEFTRIAXONA SODICA 3 1/2 HIDRATO,1
1,0.8201,2640626.0,DEFLUZOL 150mg x 50 CAP - LABOFAR,<NINGUNO>,50.0,56492,DEFLUZOL,150 mg,FLUCONAZOL,50
1,0.8906,2640840.0,ETORICOXIB 120mg CAJA x 10 TAB - GENERION,<NINGUNO>,10.0,54613,ETORICOXIB,120 mg,ETORICOXIB,10
2,0.8288,2640840.0,ETORICOXIB 120mg CAJA x 10 TAB - GENERION,<NINGUNO>,10.0,53377,ETORICOXIB,90 mg,ETORICOXIB,10
1,0.8333,2641205.0,AMOXIDAL PLUS 875mg x 20 COMP - MEGALABS,<NINGUNO>,20.0,46826,AMOXIDAL PLUS,875 mg + 125 mg,AMOXICILINA TRIHIDRATO + CLAVULANATO POTASICO,20
1,0.8357,2642105.0,LIDOCAINA 2% JALEA x 10gr (METACAIN),<NINGUNO>,1.0,42959,LIDOCAINA,2 %,LIDOCAINA CLORHIDRATO,20
1,0.8317,2644333.0,BRONCO VELAMOX 250mg/15mg x 60ml,<NINGUNO>,1.0,53478,BRONCO VELAMOX,(250 mg + 15 mg)/ 5 ml,AMBROXOL CLORHIDRATO + AMOXICILINA TRIHIDRATO,1
1,0.8903,2644547.0,LOSARTAN 50mg x 60 TAB - AC FARMA,<NINGUNO>,60.0,57357,LOSARTAN,50 mg,LOSARTAN POTASICO,60
2,0.8403,2644547.0,LOSARTAN 50mg x 60 TAB - AC FARMA,<NINGUNO>,60.0,7008,LOSARTAN,50 mg,LOSARTAN POTASICO,100
3,0.8403,2644547.0,LOSARTAN 50mg x 60 TAB - AC FARMA,<NINGUNO>,60.0,43477,LOSARTAN,50 mg,LOSARTAN POTASICO,100
1,0.9382,2644868.0,NEPAFEN 0.1% x 5ml,<NINGUNO>,1.0,43352,NEPAFEN,0.1 %,NEPAFENACO,1
1,0.8325,2644975.0,FLEX NF 2MG/ML X 3AMP,<NINGUNO>,3.0,57415,FLEX NF,2 mg/ mL,PRIDINOL MESILATO,3
1,0.9437,2645875.0,MINOXIDIL 5% SOL. CAPILAR x 60ml - GENFAR,<NINGUNO>,1.0,56399,MINOXIDIL,5 %,MINOXIDIL,1
2,0.9437,2645875.0,MINOXIDIL 5% SOL. CAPILAR x 60ml - GENFAR,<NINGUNO>,1.0,57971,MINOXIDIL,5 %,MINOXIDIL,1
3,0.9437,2645875.0,MINOXIDIL 5% SOL. CAPILAR x 60ml - GENFAR,<NINGUNO>,1.0,59865,MINOXIDIL,5 %,MINOXIDIL,1
1,0.8813,2645982.0,MEMANTINA 10mg x 30 TAB - AC FARMA,<NINGUNO>,30.0,57553,MEMANTINA,10 mg,MEMANTINA CLORHIDRATO,30
1,0.8648,2646240.0,ETALPRAM 10mg x 10 COMP,<NINGUNO>,10.0,56934,ETALPRAM,10 mg,ESCITALOPRAM OXALATO,10
2,0.8204,2646240.0,ETALPRAM 10mg x 10 COMP,<NINGUNO>,10.0,56935,ETALPRAM,20 mg,ESCITALOPRAM OXALATO,10
3,0.8148,2646240.0,ETALPRAM 10mg x 10 COMP,<NINGUNO>,10.0,42412,ETALPRAM,10 mg,ESCITALOPRAM OXALATO,30
1,0.8943,2646454.0,ACICLOVIR 800mg x 10 TAB - AC FARMA	,<NINGUNO>,10.0,56424,ACICLOVIR,800 mg,ACICLOVIR,10
2,0.8216,2646454.0,ACICLOVIR 800mg x 10 TAB - AC FARMA	,<NINGUNO>,10.0,42846,ACICLOVIR,250 mg,ACICLOVIR,10
3,0.8216,2646454.0,ACICLOVIR 800mg x 10 TAB - AC FARMA	,<NINGUNO>,10.0,44175,ACICLOVIR,250 mg,ACICLOVIR,10
1,0.8833,2646561.0,TELMISARTAN 80mg x 30 TAB - GENFAR,<NINGUNO>,30.0,45189,TELMISARTAN,80 mg,TELMISARTAN,30
2,0.8833,2646561.0,TELMISARTAN 80mg x 30 TAB - GENFAR,<NINGUNO>,30.0,59297,TELMISARTAN,80 mg,TELMISARTAN,30
1,0.8833,2647568.0,CLORURO DE SODIO 0.9% x 100ml - DANY,<NINGUNO>,1.0,54859,CLORURO DE SODIO,0.9 %,CLORURO DE SODIO,100
2,0.8833,2647568.0,CLORURO DE SODIO 0.9% x 100ml - DANY,<NINGUNO>,1.0,56110,CLORURO DE SODIO,0.9 %,CLORURO DE SODIO,5
3,0.8833,2647568.0,CLORURO DE SODIO 0.9% x 100ml - DANY,<NINGUNO>,1.0,56795,CLORURO DE SODIO,0.9 %,CLORURO DE SODIO,40
1,0.8908,2647675.0,BETACORT DEPOT 2 AMP x 2 ml,<NINGUNO>,1.0,56508,BETACORT DEPOT 2,10 mg/ 2 mL + 4 mg/ 2 mL,BETAMETASONA DIPROPIONATO + BETAMETASONA FOSFATO DISODICO,1
2,0.825,2647675.0,BETACORT DEPOT 2 AMP x 2 ml,<NINGUNO>,1.0,40864,BETACORT,4 mg/ mL,BETAMETASONA FOSFATO DISODICO,1
3,0.8108,2647675.0,BETACORT DEPOT 2 AMP x 2 ml,<NINGUNO>,1.0,40858,BETACORT DEPOT,5 mg + 2 mg,BETAMETASONA DIPROPIONATO + BETAMETASONA FOSFATO DISODICO,1
1,0.8,2650526.0,DOLOCORDRALAN 1% GEL TUBO x 50gr,<NINGUNO>,1.0,52243,DOLOCORDRALAN,1 %,DICLOFENACO DIETILAMINA,1
2,0.8,2650526.0,DOLOCORDRALAN 1% GEL TUBO x 50gr,<NINGUNO>,1.0,54503,DOLOCORDRALAN,1 %,DICLOFENACO DIETILAMINA,1
3,0.8,2650526.0,DOLOCORDRALAN 1% GEL TUBO x 50gr,<NINGUNO>,1.0,59264,DOLOCORDRALAN,1 %,DICLOFENACO DIETILAMINA,1
1,0.8835,2650954.0,AZITROMICINA 500mg x 50 TAB - GENERION,<NINGUNO>,50.0,61947,AZITROMICINA,500 mg,AZITROMICINA DIHIDRATO,50
1,0.8755,2651105.0,AEROMIDE INHALADOR 200mg x 200 DOSIS,<NINGUNO>,1.0,29166,AEROMIDE,200 mcg,BUDESONIDA,1
2,0.8755,2651105.0,AEROMIDE INHALADOR 200mg x 200 DOSIS,<NINGUNO>,1.0,48435,AEROMIDE,200 mcg,BUDESONIDA,1
1,0.8714,2652005.0,GLIBENCLAMIDA 5mg x 100 TAB - PERUFARMA,<NINGUNO>,100.0,51539,GLIBENCLAMIDA,5 mg,GLIBENCLAMIDA,100
1,0.8729,2652112.0,NITAZOXANIDA 100mg/5ml FCO x 60ml - GENERION PHARMA,<NINGUNO>,1.0,61541,NITAZOXANIDA,100 mg/ 5 mL,NITAZOXANIDA,1
1,0.8581,2652219.0,CAFIASPIRINA FORTE 650mg x 36 TAB,<NINGUNO>,36.0,58018,CAFIASPIRINA FORTE,650 mg + 65 mg,ACIDO ACETILSALICILICO + CAFEINA,36
1,0.8713,2655454.0,OMEPRAZOL 40mg x 10 AMP - FARMASALUD,<NINGUNO>,10.0,54020,OMEPRAZOL,40 mg,OMEPRAZOL SODICO,10
1,0.8,2656140.0,DOLOCORDRALAN 1% GEL PACK x 2 TUBO x 50gr,<NINGUNO>,1.0,52243,DOLOCORDRALAN,1 %,DICLOFENACO DIETILAMINA,1
2,0.8,2656140.0,DOLOCORDRALAN 1% GEL PACK x 2 TUBO x 50gr,<NINGUNO>,1.0,54503,DOLOCORDRALAN,1 %,DICLOFENACO DIETILAMINA,1
3,0.8,2656140.0,DOLOCORDRALAN 1% GEL PACK x 2 TUBO x 50gr,<NINGUNO>,1.0,59264,DOLOCORDRALAN,1 %,DICLOFENACO DIETILAMINA,1
1,0.9289,2656461.0,MEDIVEL NF 0.75% GEL VAGINAL x 40g,<NINGUNO>,1.0,57519,MEDIVEL NF,0.75 %,METRONIDAZOL,1
1,0.8563,2658796.0,REXALER (LEVOCETIRIZINA 2.5mg/5ml x 60 MONODOSIS- FARVET,<NINGUNO>,60.0,43672,REXALER,2.5 mg/ 5 mL,LEVOCETIRIZINA DICLORHIDRATO,60
2,0.8563,2658796.0,REXALER (LEVOCETIRIZINA 2.5mg/5ml x 60 MONODOSIS- FARVET,<NINGUNO>,60.0,57141,REXALER,2.5 mg/ 5 mL,LEVOCETIRIZINA DICLORHIDRATO,60
3,0.8063,2658796.0,REXALER (LEVOCETIRIZINA 2.5mg/5ml x 60 MONODOSIS- FARVET,<NINGUNO>,60.0,57144,REXALER,2.5 mg/ 5 mL,LEVOCETIRIZINA DICLORHIDRATO,1
1,0.8441,2659161.0,DEXAVET 2mg/5ml CAJA x 60 UNITOMAS,<NINGUNO>,60.0,47381,DEXAVET,2 mg/ 5 mL,DEXAMETASONA FOSFATO SODICO,60
1,0.8286,2659589.0,AUGMOX 625 MG (500mg/135mg) CAJA x 20 TABLETAS,<NINGUNO>,20.0,53690,AUGMOX® 625,500 mg + 125 mg,AMOXICILINA TRIHIDRATO + CLAVULANATO POTASICO,20
1,0.8648,2659810.0,ETALPRAM 20mg x 30 COMP,<NINGUNO>,30.0,42413,ETALPRAM,20 mg,ESCITALOPRAM OXALATO,30
2,0.8648,2659810.0,ETALPRAM 20mg x 30 COMP,<NINGUNO>,30.0,46873,ETALPRAM,20 mg,ESCITALOPRAM OXALATO,30
3,0.8204,2659810.0,ETALPRAM 20mg x 30 COMP,<NINGUNO>,30.0,42412,ETALPRAM,10 mg,ESCITALOPRAM OXALATO,30
1,0.9214,2661647.0,ESTRIOL 0.1% CREMA VAGINAL 15gr C/APLICADOR-AC FARMA,<NINGUNO>,1.0,38807,ESTRIOL,0.1 %,ESTRIOL,1
2,0.9214,2661647.0,ESTRIOL 0.1% CREMA VAGINAL 15gr C/APLICADOR-AC FARMA,<NINGUNO>,1.0,58187,ESTRIOL,0.1 %,ESTRIOL,1
3,0.8214,2661647.0,ESTRIOL 0.1% CREMA VAGINAL 15gr C/APLICADOR-AC FARMA,<NINGUNO>,1.0,58445,ESTRIOL,0.1 %,ESTRIOL,1
1,0.8868,2661754.0,ELITON CIP JBE 230ml,HIERRO SACARATO,1.0,38742,ELITON,25 mg/ mL,CITRATO DE AMONIO Y HIERRO (III),1
1,0.8541,2661968.0,AZITROMICINA 200mg SUSP x 30ml - PORTUGAL,<NINGUNO>,1.0,47134,AZITROMICINA,200 mg/ 5 mL,AZITROMICINA DIHIDRATO,1
2,0.8541,2661968.0,AZITROMICINA 200mg SUSP x 30ml - PORTUGAL,<NINGUNO>,1.0,52271,AZITROMICINA,200 mg/ 5 mL,AZITROMICINA DIHIDRATO,1
3,0.8541,2661968.0,AZITROMICINA 200mg SUSP x 30ml - PORTUGAL,<NINGUNO>,1.0,53554,AZITROMICINA,200 mg/ 5 mL,AZITROMICINA DIHIDRATO,1
1,0.9676,2663340.0,IBUMEJORAL MUJER 200 mg,<NINGUNO>,100.0,57518,IBUMEJORAL MUJER,200 mg,IBUPROFENO,100
2,0.9343,2663340.0,IBUMEJORAL MUJER 200 mg,<NINGUNO>,100.0,50418,IBUMEJORAL,400 mg,IBUPROFENO,100
1,0.85,2663447.0,MEJORAL MIGRAÑA 250mg x 50 SOB,<NINGUNO>,50.0,57390,MEJORAL MIGRAÑA,250 mg + 250 mg + 65 mg,ACIDO ACETILSALICILICO + CAFEINA + PARACETAMOL,50
1,0.8787,2664347.0,LEVOFLOXACINO 500mg x 50 TAB - AC FARMA,<NINGUNO>,50.0,57841,LEVOFLOXACINO,500 mg,LEVOFLOXACINO HEMIHIDRATO,50
2,0.8287,2664347.0,LEVOFLOXACINO 500mg x 50 TAB - AC FARMA,<NINGUNO>,50.0,42975,LEVOFLOXACINO,500 mg,LEVOFLOXACINO HEMIHIDRATO,100
3,0.8287,2664347.0,LEVOFLOXACINO 500mg x 50 TAB - AC FARMA,<NINGUNO>,50.0,58068,LEVOFLOXACINO,500 mg,LEVOFLOXACINO HEMIHIDRATO,500
1,0.9028,2664561.0,ACNOTIN 20mg x 30 CAP - BAGO,<NINGUNO>,30.0,41790,ACNOTIN,20 mg,ISOTRETINOINA,30
2,0.8583,2664561.0,ACNOTIN 20mg x 30 CAP - BAGO,<NINGUNO>,30.0,41789,ACNOTIN,10 mg,ISOTRETINOINA,30
1,0.9152,2664989.0,NEBIVOLOL 5mg x 30 TAB	,<NINGUNO>,30.0,56005,NEBIVOLOL,5 mg,NEBIVOLOL,30
1,0.9214,2665996.0,DOLOFENAC FLEX 3mg CAJA x 30 TABLETAS,<NINGUNO>,30.0,57517,DOLOFENAC FLEX,3 mg,PRIDINOL,30
2,0.8714,2665996.0,DOLOFENAC FLEX 3mg CAJA x 30 TABLETAS,<NINGUNO>,30.0,55275,DOLOFENAC FLEX,3 mg,PRIDINOL,20
3,0.8714,2665996.0,DOLOFENAC FLEX 3mg CAJA x 30 TABLETAS,<NINGUNO>,30.0,55276,DOLOFENAC FLEX,3 mg,PRIDINOL,100
1,0.8976,2666789.0,HIDROCORTISONA 100mg IM/IV x 10 AMP - VITALIS,<NINGUNO>,10.0,46819,HIDROCORTISONA,100 mg,HIDROCORTISONA SUCCINATO SODICO,10
1,0.8866,2668375.0,GASEOVET 80mg x 30 TAB,<NINGUNO>,30.0,35557,GASEOVET,80 mg,SIMETICONA,30
2,0.8366,2668375.0,GASEOVET 80mg x 30 TAB,<NINGUNO>,30.0,35558,GASEOVET,80 mg,SIMETICONA,120
1,0.8597,2668810.0,MELATONINA  3MG x 30 TAB.-KAPOX,<NINGUNO>,1.0,58172,MELATONINA,3 mg,MELATONINA,30
1,0.8906,2669382.0,ETORICOXIB 120mg CAJA x 60 TAB. QM PHARMA,<NINGUNO>,60.0,51617,ETORICOXIB,120 mg,ETORICOXIB,60
2,0.8406,2669382.0,ETORICOXIB 120mg CAJA x 60 TAB. QM PHARMA,<NINGUNO>,60.0,50604,ETORICOXIB,120 mg,ETORICOXIB,30
3,0.8288,2669382.0,ETORICOXIB 120mg CAJA x 60 TAB. QM PHARMA,<NINGUNO>,60.0,51616,ETORICOXIB,90 mg,ETORICOXIB,60
1,0.8882,2669924.0,FLUCONAZOL 200mg/100ml IV FRASCO VIAL-VITALIS,<NINGUNO>,1.0,34736,FLUCONAZOL,200 mg/ 100 mL,FLUCONAZOL,1
2,0.8882,2669924.0,FLUCONAZOL 200mg/100ml IV FRASCO VIAL-VITALIS,<NINGUNO>,1.0,59439,FLUCONAZOL,200 mg/ 100 mL,FLUCONAZOL,1
1,0.9,2670326.0,VANCONOR (VANCOMICINA 500 MG) CJA X 1 VIAL,<NINGUNO>,1.0,59530,VANCONOR,500 mg,VANCOMICINA CLORHIDRATO,1
2,0.8,2670326.0,VANCONOR (VANCOMICINA 500 MG) CJA X 1 VIAL,<NINGUNO>,1.0,48199,VANCOMICINA,500 mg,VANCOMICINA CLORHIDRATO,1
3,0.8,2670326.0,VANCONOR (VANCOMICINA 500 MG) CJA X 1 VIAL,<NINGUNO>,1.0,54215,VANCOMICINA,500 mg,VANCOMICINA CLORHIDRATO,1
1,0.8636,2672768.0,EUTIROX 25mg x 50 TAB - MERCK,<NINGUNO>,50.0,37284,EUTIROX,25 mcg,LEVOTIROXINA DE SODIO,50
2,0.8636,2672768.0,EUTIROX 25mg x 50 TAB - MERCK,<NINGUNO>,50.0,57189,EUTIROX,25 mcg,LEVOTIROXINA DE SODIO,50
3,0.849,2672768.0,EUTIROX 25mg x 50 TAB - MERCK,<NINGUNO>,50.0,38220,EUTIROX,125 mcg,LEVOTIROXINA DE SODIO,50
1,0.8243,2672982.0,DICLOFENACO 75mg x 10 AMP - GENFAR,<NINGUNO>,10.0,52739,DICLOFENACO,75 mg/ 3 mL,DICLOFENACO SODICO,10
1,0.9013,2673026.0,PERIVASC 1000mg x 30 COMP,<NINGUNO>,30.0,56749,PERIVASC,1000 mg,DIOSMINA,30
2,0.8233,2673026.0,PERIVASC 1000mg x 30 COMP,<NINGUNO>,30.0,56381,PERIVASC,450 mg + 50 mg,DIOSMINA,30
1,0.9,2673454.0,TERBIFUN 1% CREMA TUBO x 15 gr,<NINGUNO>,1.0,41122,TERBIFUN,1 %,TERBINAFINA CLORHIDRATO,1
2,0.9,2673454.0,TERBIFUN 1% CREMA TUBO x 15 gr,<NINGUNO>,1.0,46043,TERBIFUN,1 %,TERBINAFINA CLORHIDRATO,1
3,0.9,2673454.0,TERBIFUN 1% CREMA TUBO x 15 gr,<NINGUNO>,1.0,46706,TERBIFUN,1 %,TERBINAFINA CLORHIDRATO,1
1,0.8226,2673561.0,MYCOFENTIN 1gr x 2 OVULOS - TECNOFARMA,<NINGUNO>,2.0,54831,MYCOFENTIN,1000 mg,FENTICONAZOL NITRATO,2
1,0.8813,2673668.0,AUROVAS 10mg x 30 TAB,<NINGUNO>,30.0,41908,AUROVAS,10 mg,ROSUVASTATINA CALCICA,30
2,0.8369,2673668.0,AUROVAS 10mg x 30 TAB,<NINGUNO>,30.0,41907,AUROVAS,20 mg,ROSUVASTATINA CALCICA,30
1,0.9088,2673775.0,IRBESEL 150 mg x 20 TAB,<NINGUNO>,20.0,57014,IRBESEL,150 mg,IRBESARTAN,20
2,0.8422,2673775.0,IRBESEL 150 mg x 20 TAB,<NINGUNO>,20.0,58039,IRBESEL®,300 mg,IRBESARTAN,20
1,0.9676,2673882.0,FEDIRAL 30 mg LIB PROL. x 20 TAB,<NINGUNO>,20.0,46543,FEDIRAL,30 mg,NIFEDIPINO,20
2,0.9176,2673882.0,FEDIRAL 30 mg LIB PROL. x 20 TAB,<NINGUNO>,20.0,58601,FEDIRAL,30 mg,NIFEDIPINO,500
1,0.923,2673989.0,DIMENHIDRINATO 50mg TAB x 100 - PERUFARMA,<NINGUNO>,100.0,48908,DIMENHIDRINATO,50 mg,DIMENHIDRINATO,100
2,0.823,2673989.0,DIMENHIDRINATO 50mg TAB x 100 - PERUFARMA,<NINGUNO>,100.0,38610,DIMENHIDRINATO,50 mg,DIMENHIDRINATO,100
3,0.823,2673989.0,DIMENHIDRINATO 50mg TAB x 100 - PERUFARMA,<NINGUNO>,100.0,40228,DIMENHIDRINATO,50 mg,DIMENHIDRINATO,100
1,0.8667,2674140.0,ENOFIBS 160 mg x 20 CAP,<NINGUNO>,20.0,58038,ENOFIBS,200 mg,FENOFIBRATO,20
1,0.9056,2674247.0,FERELTO 20 mg x 14 TAB,<NINGUNO>,14.0,56780,FERELTO,20 mg,RIVAROXABAN,14
2,0.9056,2674247.0,FERELTO 20 mg x 14 TAB,<NINGUNO>,14.0,60489,FERELTO,20 mg,RIVAROXABAN,14
3,0.8256,2674247.0,FERELTO 20 mg x 14 TAB,<NINGUNO>,14.0,61890,FERELTO,15 mg,RIVAROXABAN,14
1,0.8422,2674354.0,IRBESEL HC 150/12.5mg CAJA x 20 TABLETAS,<NINGUNO>,20.0,57014,IRBESEL,150 mg,IRBESARTAN,20
2,0.8197,2674354.0,IRBESEL HC 150/12.5mg CAJA x 20 TABLETAS,<NINGUNO>,20.0,58944,IRBESEL® HC,150 mg + 12.5 mg,HIDROCLOROTIAZIDA + IRBESARTAN,20
3,0.8197,2674354.0,IRBESEL HC 150/12.5mg CAJA x 20 TABLETAS,<NINGUNO>,20.0,58945,IRBESEL HC,300 mg + 12.5 mg,HIDROCLOROTIAZIDA + IRBESARTAN,20
1,0.9333,2674461.0,CLORURO DE SODIO 20% CAJA x 5 AMP - DANY,<NINGUNO>,5.0,54345,CLORURO DE SODIO,20 %,CLORURO DE SODIO,5
2,0.8333,2674461.0,CLORURO DE SODIO 20% CAJA x 5 AMP - DANY,<NINGUNO>,5.0,59603,CLORURO DE SODIO,20 %,CLORURO DE SODIO,5
3,0.8133,2674461.0,CLORURO DE SODIO 20% CAJA x 5 AMP - DANY,<NINGUNO>,5.0,56110,CLORURO DE SODIO,0.9 %,CLORURO DE SODIO,5
1,0.8795,2676047.0,CETIRIZINA 10mg x 60 TAB - AC FARMA,<NINGUNO>,60.0,57993,CETIRIZINA,10 mg,CETIRIZINA CLORHIDRATO,60
2,0.8295,2676047.0,CETIRIZINA 10mg x 60 TAB - AC FARMA,<NINGUNO>,60.0,59080,CETIRIZINA,10 mg,CETIRIZINA CLORHIDRATO,100
1,0.9056,2676368.0,CLOTRIMAZOL 1% GOTAS x 15ml - PORTUGAL,<NINGUNO>,1.0,40278,CLOTRIMAZOL,1 %,CLOTRIMAZOL,1
2,0.9056,2676368.0,CLOTRIMAZOL 1% GOTAS x 15ml - PORTUGAL,<NINGUNO>,1.0,40465,CLOTRIMAZOL,1 %,CLOTRIMAZOL,1
3,0.9056,2676368.0,CLOTRIMAZOL 1% GOTAS x 15ml - PORTUGAL,<NINGUNO>,1.0,41430,CLOTRIMAZOL,1 %,CLOTRIMAZOL,1
1,0.9116,2677161.0,IBUZONE (IBUPROFENO) 100mg/5ml SUSP. FCO x 60ml,<NINGUNO>,1.0,57719,IBUZONE,100 mg/ 5 mL,IBUPROFENO,1
2,0.8116,2677161.0,IBUZONE (IBUPROFENO) 100mg/5ml SUSP. FCO x 60ml,<NINGUNO>,1.0,27717,IBUPROFENO,100 mg/ 5 mL,IBUPROFENO,1
3,0.8116,2677161.0,IBUZONE (IBUPROFENO) 100mg/5ml SUSP. FCO x 60ml,<NINGUNO>,1.0,27718,IBUPROFENO,100 mg/ 5 mL,IBUPROFENO,1
1,0.8763,2678710.0,CIPROFLOXACINO 500mg x 100 TAB - PERUFARMA,<NINGUNO>,100.0,47985,CIPROFLOXACINO,500 mg,CIPROFLOXACINO CLORHIDRATO MONOHIDRATO,100
2,0.8032,2678710.0,CIPROFLOXACINO 500mg x 100 TAB - PERUFARMA,<NINGUNO>,100.0,58062,CIPROFLOXACINO,500 mg,CIPROFLOXACINO,100
1,0.8631,2679282.0,SULPINEX 200mg CAJA x 30 TAB,<NINGUNO>,30.0,57798,SULPINEX,200 mg,SULPIRIDA,30
2,0.8131,2679282.0,SULPINEX 200mg CAJA x 30 TAB,<NINGUNO>,30.0,39824,SULPINEX,200 mg,SULPIRIDA,100
3,0.8131,2679282.0,SULPINEX 200mg CAJA x 30 TAB,<NINGUNO>,30.0,57160,SULPINEX,200 mg,SULPIRIDA,500
1,0.9636,2679496.0,UROTOIN XR 100 mg x 60 CAP - QM  FARMA,<NINGUNO>,60.0,54862,UROTOIN XR,100 mg,NITROFURANTOINA,60
2,0.9136,2679496.0,UROTOIN XR 100 mg x 60 CAP - QM  FARMA,<NINGUNO>,60.0,53205,UROTOIN XR,100 mg,NITROFURANTOINA,20
1,0.9333,2679824.0,CLORURO DE SODIO 0.9% x 100ml - CORP.FS,<NINGUNO>,1.0,58568,CLORURO DE SODIO,0.9 %,CLORURO DE SODIO,1
2,0.8333,2679824.0,CLORURO DE SODIO 0.9% x 100ml - CORP.FS,<NINGUNO>,1.0,2857,CLORURO DE SODIO,0.9 %,CLORURO DE SODIO,1
3,0.8333,2679824.0,CLORURO DE SODIO 0.9% x 100ml - CORP.FS,<NINGUNO>,1.0,2858,CLORURO DE SODIO,0.9 %,CLORURO DE SODIO,1
1,0.8906,2679931.0,GASEOPLUS 240mg x 30 CAP BLD,<NINGUNO>,30.0,58349,GASEOPLUS,240 mg,SIMETICONA,30
1,0.8648,2680012.0,ESCITALOPRAM 10mg x 10 TAB - AC FARMA,<NINGUNO>,10.0,58525,ESCITALOPRAM,10 mg,ESCITALOPRAM OXALATO,10
1,0.8874,2680547.0,CEFACLOR 500mg x 10 CAP - IQFARMA,<NINGUNO>,10.0,41546,CEFACLOR,500 mg,CEFACLOR MONOHIDRATO,10
1,0.8818,2680654.0,CEFADROXILO 500mg x 100 CAP - IQFARMA,<NINGUNO>,100.0,51668,CEFADROXILO,500 mg,CEFADROXILO MONOHIDRATO,100
1,0.8673,2680761.0,ESOMEPRAZOL 40mg x 30 TAB - IQFARMA,<NINGUNO>,30.0,52451,ESOMEPRAZOL,40 mg,ESOMEPRAZOL MAGNESIO TRIHIDRATO,30
2,0.8228,2680761.0,ESOMEPRAZOL 40mg x 30 TAB - IQFARMA,<NINGUNO>,30.0,53935,ESOMEPRAZOL,20 mg,ESOMEPRAZOL MAGNESIO TRIHIDRATO,30
3,0.8173,2680761.0,ESOMEPRAZOL 40mg x 30 TAB - IQFARMA,<NINGUNO>,30.0,60292,ESOMEPRAZOL,40 mg,ESOMEPRAZOL MAGNESIO TRIHIDRATO,100
1,0.8177,2680975.0,REXALER (LEVOCETIRIZINA 2.5mg/5ml x 60ml - FARVET,<NINGUNO>,1.0,57144,REXALER,2.5 mg/ 5 mL,LEVOCETIRIZINA DICLORHIDRATO,1
1,0.9382,2682240.0,NEOTETRIN 0.05% CREMA x 30gr,<NINGUNO>,1.0,43743,NEOTETRIN,0.05 %,TRETINOINA,1
1,0.8934,2682454.0,CARVEDILOL 12.5mg CAJA x 30 TAB - SHERFARMA,<NINGUNO>,30.0,57088,CARVEDILOL,12.5 mg,CARVEDILOL,30
1,0.8454,2682775.0,NIFEDIPINO 30mg x 100TAB - (CARDILEP) MS PHARMA,<NINGUNO>,100.0,34052,NIFEDIPINO,30 mg,NIFEDIPINO,100
2,0.8454,2682775.0,NIFEDIPINO 30mg x 100TAB - (CARDILEP) MS PHARMA,<NINGUNO>,100.0,60449,NIFEDIPINO,30 mg,NIFEDIPINO,100
3,0.801,2682775.0,NIFEDIPINO 30mg x 100TAB - (CARDILEP) MS PHARMA,<NINGUNO>,100.0,47157,NIFEDIPINO,10 mg,NIFEDIPINO,100
1,0.9333,2683996.0,CLORURO DE SODIO 0.9% x 100ml - ACULIFE,<NINGUNO>,1.0,61218,CLORURO DE SODIO,0.9 %,CLORURO DE SODIO,1
2,0.8333,2683996.0,CLORURO DE SODIO 0.9% x 100ml - ACULIFE,<NINGUNO>,1.0,2857,CLORURO DE SODIO,0.9 %,CLORURO DE SODIO,1
3,0.8333,2683996.0,CLORURO DE SODIO 0.9% x 100ml - ACULIFE,<NINGUNO>,1.0,2858,CLORURO DE SODIO,0.9 %,CLORURO DE SODIO,1
1,0.8746,2684147.0,CITROFLOW K 1080mg CAJA x 50 TABLETAS,<NINGUNO>,50.0,56636,CITROFLOW K,1080 mg,CITRATO DE POTASIO,50
2,0.8246,2684147.0,CITROFLOW K 1080mg CAJA x 50 TABLETAS,<NINGUNO>,50.0,60368,CITROFLOW K,1080 mg,CITRATO DE POTASIO,20
1,0.8833,2684361.0,TELMIGLOB 40MG x 30 TAB,<NINGUNO>,30.0,51542,TELMIGLOB,40 mg,TELMISARTAN,30
2,0.8389,2684361.0,TELMIGLOB 40MG x 30 TAB,<NINGUNO>,30.0,51543,TELMIGLOB,80 mg,TELMISARTAN,30
1,0.92,2684575.0,DOLONET SUSP.100mg x 60mL,<NINGUNO>,1.0,57543,DOLONET,100 mg/ 5 mL,IBUPROFENO,1
2,0.8176,2684575.0,DOLONET SUSP.100mg x 60mL,<NINGUNO>,1.0,40055,DOLONET,200 mg,IBUPROFENO,20
3,0.8176,2684575.0,DOLONET SUSP.100mg x 60mL,<NINGUNO>,1.0,45545,DOLONET,200 mg,IBUPROFENO,100
1,0.8795,2684789.0,FLUOXETINA 20mg x 100 CAP - SHERFARMA,<NINGUNO>,100.0,55583,FLUOXETINA,20 mg,FLUOXETINA CLORHIDRATO,100
1,0.81,2684896.0,MUPIROCINA 2% CREMA x 15GR - AC FARMA,<NINGUNO>,1.0,57396,MUPIROCINA,2 %,MUPIROCINA CALCICA,1
2,0.8088,2684896.0,MUPIROCINA 2% CREMA x 15GR - AC FARMA,<NINGUNO>,1.0,41557,MUPIROCINA,2 %,MUPIROCINA,1
3,0.8088,2684896.0,MUPIROCINA 2% CREMA x 15GR - AC FARMA,<NINGUNO>,1.0,42955,MUPIROCINA,2 %,MUPIROCINA,1
1,0.8108,2684903.0,RHINO DAZOL PLUS SOLUCION x 15ml. LUSA,<NINGUNO>,1.0,58790,RHINO-DAZOL® PLUS,1 mg/ mL,NAFAZOLINA CLORHIDRATO,1
1,0.8673,2686589.0,ESOMEPRAZOL 40mg x 30 TAB - DIPHA SAC,<NINGUNO>,30.0,53086,ESOMEPRAZOL,40 mg,ESOMEPRAZOL MAGNESIO TRIHIDRATO,30
2,0.8673,2686589.0,ESOMEPRAZOL 40mg x 30 TAB - DIPHA SAC,<NINGUNO>,30.0,57784,ESOMEPRAZOL,40 mg,ESOMEPRAZOL MAGNESIO TRIHIDRATO,30
3,0.8228,2686589.0,ESOMEPRAZOL 40mg x 30 TAB - DIPHA SAC,<NINGUNO>,30.0,57783,ESOMEPRAZOL,20 mg,ESOMEPRAZOL MAGNESIO TRIHIDRATO,30
1,0.8241,2686696.0,ALLER-CLORT 10 mg/1 ml Sol. iny - DIPHA SAC,<NINGUNO>,1.0,56671,ALLER-CLORT,10 mg/ 1 mL,CLORFENAMINA MALEATO,1
1,0.81,2686917.0,DOLO NEUROBION GEL 1% 30G,<NINGUNO>,1.0,58793,DOLO NEUROBION®,1 %,DICLOFENACO SODICO,1
1,0.8878,2687596.0,DICLOFENACO 50mg x 100 TAB - PERUFARMA,<NINGUNO>,100.0,49641,DICLOFENACO,50 mg,DICLOFENACO SODICO,100
2,0.83,2687596.0,DICLOFENACO 50mg x 100 TAB - PERUFARMA,<NINGUNO>,100.0,49643,DICLOFENACO,100 mg,DICLOFENACO SODICO,100
1,0.859,2687603.0,MELOXICAM 15mg x 100 TAB - PERUFARMA,<NINGUNO>,100.0,48909,MELOXICAM,15 mg,MELOXICAM,100
1,0.8631,2688282.0,HIDROXOCOBALAMINA 1mg/1ml x 1 AMP - AC FARMA,<NINGUNO>,1.0,59372,HIDROXOCOBALAMINA,1 mg/ mL,HIDROXOCOBALAMINA,1
2,0.85,2688282.0,HIDROXOCOBALAMINA 1mg/1ml x 1 AMP - AC FARMA,<NINGUNO>,1.0,58648,HIDROXOCOBALAMINA,1 mg/ mL,ACETATO DE HIDROXOCOBALAMINA,1
3,0.8131,2688282.0,HIDROXOCOBALAMINA 1mg/1ml x 1 AMP - AC FARMA,<NINGUNO>,1.0,60437,HIDROXOCOBALAMINA,1 mg/ mL,HIDROXOCOBALAMINA,10
1,0.8812,2689182.0,SIFACOX 200 MG CJA/ 100 CAP (CELECOXIB),<NINGUNO>,100.0,49040,SIFACOX 200,200 mg,CELECOXIB,100
1,0.8648,2689403.0,OMEPRAZOL 40mg x 10 AMP - DIPHASAC,<NINGUNO>,10.0,57755,OMEPRAZOL,40 mg,ESOMEPRAZOL DE SODIO,10
1,0.8053,2689617.0,AEROSPAM NF 3.2MG/ML SOL.ORAL FCO/15ML,<NINGUNO>,1.0,58570,AEROSPAM NF,3.2 mg/ mL,PARGEVERINA CLORHIDRATO,1
1,0.8008,2693147.0,KELEXYN 500mg x 100 CAP (CEFALEXINA) - DROPESAC,<NINGUNO>,100.0,37770,CEFALEXINA,500 mg,CEFALEXINA MONOHIDRATO,100
2,0.8008,2693147.0,KELEXYN 500mg x 100 CAP (CEFALEXINA) - DROPESAC,<NINGUNO>,100.0,39036,CEFALEXINA,500 mg,CEFALEXINA MONOHIDRATO,100
3,0.8008,2693147.0,KELEXYN 500mg x 100 CAP (CEFALEXINA) - DROPESAC,<NINGUNO>,100.0,41548,CEFALEXINA,500 mg,CEFALEXINA MONOHIDRATO,100
1,0.8855,2694154.0,SPASMONIUM 40mg x 30TAB,<NINGUNO>,30.0,52737,SPASMONIUM,40 mg,BROMURO DE OTILONIO,30
1,0.8944,2694368.0,CIPROFLOXACINO 0.3% GOTAS x 5ml (BADITED) - JPS,<NINGUNO>,1.0,44122,CIPROFLOXACINO,0.3 %,CIPROFLOXACINO CLORHIDRATO MONOHIDRATO,1
1,0.8,2696061.0,TERFITIL 1% SPRAY x 30ml	,<NINGUNO>,1.0,41905,TERFITIL,1 %,TERBINAFINA CLORHIDRATO,1
2,0.8,2696061.0,TERFITIL 1% SPRAY x 30ml	,<NINGUNO>,1.0,50536,TERFITIL,1 %,TERBINAFINA CLORHIDRATO,1
3,0.8,2696061.0,TERFITIL 1% SPRAY x 30ml	,<NINGUNO>,1.0,54110,TERFITIL,1 %,TERBINAFINA CLORHIDRATO,1
1,0.9333,2697610.0,XUMADOL 1gr x 20 SOB - ITALFARMACO,PARACETAMOL 500MG.TABLETAS,20.0,59350,XUMADOL,1 g,PARACETAMOL,20
1,0.9201,2697824.0,FLUCONAZOL 150mg x 2 CAP - GENFAR,<NINGUNO>,2.0,58745,FLUCONAZOL,150 mg,FLUCONAZOL,2
2,0.8701,2697824.0,FLUCONAZOL 150mg x 2 CAP - GENFAR,<NINGUNO>,2.0,40146,FLUCONAZOL,150 mg,FLUCONAZOL,1
3,0.8701,2697824.0,FLUCONAZOL 150mg x 2 CAP - GENFAR,<NINGUNO>,2.0,61382,FLUCONAZOL,150 mg,FLUCONAZOL,1
1,0.8044,2698403.0,TELMINOR 40mg (TELMISARTAN 40MG) x 30 TABLETAS,<NINGUNO>,30.0,38587,TELMINOR 40,40 mg,TELMISARTAN,30
1,0.8906,2700819.0,XUMER 120mgx 7comp,<NINGUNO>,7.0,42674,XUMER,120 mg,ETORICOXIB,7
1,0.8866,2700926.0,XUMER 90mgx 14comp,<NINGUNO>,14.0,42673,XUMER,90 mg,ETORICOXIB,14
2,0.8422,2700926.0,XUMER 90mgx 14comp,<NINGUNO>,14.0,42672,XUMER,60 mg,ETORICOXIB,14
1,0.8378,2701719.0,SUPRACALM 1G x 10 COMPRIMIDOS,<NINGUNO>,10.0,49860,SUPRACALM,1 g,PARACETAMOL,10
1,0.8943,2702398.0,ACIDO TRANEXAMICO 250MG CJA/10 TAB - AC FARMA,<NINGUNO>,10.0,59228,ACIDO TRANEXAMICO,250 mg,ACIDO TRANEXAMICO,10
1,0.9059,2702405.0,CLINFOL 100mg x 3 OV.VAG,<NINGUNO>,3.0,57892,CLINFOL,100 mg,CLINDAMICINA FOSFATO,3
2,0.8559,2702405.0,CLINFOL 100mg x 3 OV.VAG,<NINGUNO>,3.0,41611,CLINFOL,100 mg,CLINDAMICINA FOSFATO,7
1,0.9008,2703191.0,DIMENHIDRINATO 50mg/5ml x 10AMP - CORP.FS,<NINGUNO>,10.0,59233,DIMENHIDRINATO,50 mg/ 5 mL,DIMENHIDRINATO,10
2,0.8202,2703191.0,DIMENHIDRINATO 50mg/5ml x 10AMP - CORP.FS,<NINGUNO>,10.0,60316,DIMENHIDRINATO,50 mg/ mL,DIMENHIDRINATO,10
3,0.8008,2703191.0,DIMENHIDRINATO 50mg/5ml x 10AMP - CORP.FS,<NINGUNO>,10.0,56778,DIMENHIDRINATO,50 mg/ 5 mL,DIMENHIDRINATO,10
1,0.8399,2703626.0,"HEMONICS 1000MCG, 1MG/1ML x 10 AMP	",<NINGUNO>,10.0,58588,HEMONICS,1000 mcg,CIANOCOBALAMINA,10
1,0.8874,2703840.0,KETOPROFENO 150mg x 10 COM - GENFAR,<NINGUNO>,10.0,57966,KETOPROFENO,150 mg,KETOPROFENO,10
2,0.851,2703840.0,KETOPROFENO 150mg x 10 COM - GENFAR,<NINGUNO>,10.0,39446,KETOPROFENO,100 mg,KETOPROFENO,10
3,0.801,2703840.0,KETOPROFENO 150mg x 10 COM - GENFAR,<NINGUNO>,10.0,38637,KETOPROFENO,100 mg,KETOPROFENO,25
1,0.8754,2705105.0,FANTER 10MG (DAPAGLIFLOZINA) x 30 COM,<NINGUNO>,30.0,55891,FANTER,10 mg,DAPAGLIFLOZINA,30
2,0.8254,2705105.0,FANTER 10MG (DAPAGLIFLOZINA) x 30 COM,<NINGUNO>,30.0,55890,FANTER,10 mg,DAPAGLIFLOZINA,15
1,0.8681,2705640.0,PREDCORT FORTE 25mg/5ml FRASCO x 60ml	,<NINGUNO>,1.0,42219,PREDCORT,25 mg/ 5 mL,PREDNISOLONA,1
2,0.8681,2705640.0,PREDCORT FORTE 25mg/5ml FRASCO x 60ml	,<NINGUNO>,1.0,58086,PREDCORT FORTE,25 mg/ 5 mL,PREDNISOLONA,1
1,0.8041,2706005.0,SUCRALFATO (NORALFATE) 1gr/5ml FCO/200ml,<NINGUNO>,1.0,57424,NORALFATE,1 g/ 5 mL,SUCRALFATO,1
1,0.8714,2706219.0,RYNA-DEL 5mg CAJA x 100 TAB. REC.	,<NINGUNO>,100.0,50382,RYNA - DEL,5 mg,DESLORATADINA,100
2,0.8214,2706219.0,RYNA-DEL 5mg CAJA x 100 TAB. REC.	,<NINGUNO>,100.0,53164,RYNA - DEL,5 mg,DESLORATADINA,30
1,0.8226,2706540.0,MYCOFENTIN 1gr x 1 CBV - TECNOFARMA,<NINGUNO>,1.0,58297,MYCOFENTIN,1000 mg,FENTICONAZOL NITRATO,1
1,0.8449,2707119.0,MELSOL 15MG/1.5ML x 10 AMP GENFAR,<NINGUNO>,10.0,57984,MELSOL,15 mg/ 1.5 mL,MELOXICAM,10
1,0.859,2707547.0,MELOXICAM 15mg/1.5 CAJA x 10 AMP.- GEN FAR,<NINGUNO>,10.0,41992,MELOXICAM,15 mg,MELOXICAM,10
2,0.859,2707547.0,MELOXICAM 15mg/1.5 CAJA x 10 AMP.- GEN FAR,<NINGUNO>,10.0,43537,MELOXICAM,15 mg,MELOXICAM,10
3,0.859,2707547.0,MELOXICAM 15mg/1.5 CAJA x 10 AMP.- GEN FAR,<NINGUNO>,10.0,60344,MELOXICAM,15 mg,MELOXICAM,10
1,0.8214,2707868.0,SUGANON 5mg x 30 Comp,<NINGUNO>,1.0,56748,SUGANON,5 mg,TARTRATO DE EVOGLIPTINA,30
1,0.8787,2708447.0,LEVOFLOXACINO 500mg x 100 TAB - QM PHARMA,<NINGUNO>,100.0,51270,LEVOFLOXACINO,500 mg,LEVOFLOXACINO HEMIHIDRATO,100
2,0.8287,2708447.0,LEVOFLOXACINO 500mg x 100 TAB - QM PHARMA,<NINGUNO>,100.0,50587,LEVOFLOXACINO,500 mg,LEVOFLOXACINO HEMIHIDRATO,50
1,0.91,2708554.0,OPTADOL 0.1% FCO/5ML. (DICLOFENACO)	,<NINGUNO>,1.0,59147,OPTADOL,0.1 %,DICLOFENACO SODICO,1
1,0.8317,2709026.0,CEFTAZIDIMA 1gr CAJA x 1 AMP - PHARMAGEN,<NINGUNO>,1.0,37105,CEFTAZIDIMA,1 g,CEFTAZIDIMA PENTAHIDRATO,1
1,0.9088,2711398.0,PARIS 20 MG (TADALAFILO)X 4 TAB REC,<NINGUNO>,4.0,48819,PARIS,20 mg,TADALAFILO,4
1,0.8906,2711512.0,BIOBRONCOL S 500mg x 50 CAP - IQFARMA,<NINGUNO>,50.0,61056,BIOBRONCOL® S,500 mg,CEFALEXINA,50
2,0.8406,2711512.0,BIOBRONCOL S 500mg x 50 CAP - IQFARMA,<NINGUNO>,50.0,58347,BIOBRONCOL® S,500 mg,CEFALEXINA,25
3,0.8406,2711512.0,BIOBRONCOL S 500mg x 50 CAP - IQFARMA,<NINGUNO>,50.0,58453,BIOBRONCOL® S,500 mg,CEFALEXINA,12
1,0.8906,2711619.0,BIOBRONCOL S 500mg x 12 CAPSULAS,<NINGUNO>,12.0,58453,BIOBRONCOL® S,500 mg,CEFALEXINA,12
2,0.8406,2711619.0,BIOBRONCOL S 500mg x 12 CAPSULAS,<NINGUNO>,12.0,58347,BIOBRONCOL® S,500 mg,CEFALEXINA,25
3,0.8406,2711619.0,BIOBRONCOL S 500mg x 12 CAPSULAS,<NINGUNO>,12.0,61056,BIOBRONCOL® S,500 mg,CEFALEXINA,50
1,0.887,2711726.0,MUCOTRIM Ambroxol 15 mg/5 ml Sol. FRASCO x 100 mL,<NINGUNO>,1.0,60002,MUCOTRIM,15 mg/ 5 mL,AMBROXOL CLORHIDRATO,1
2,0.862,2711726.0,MUCOTRIM Ambroxol 15 mg/5 ml Sol. FRASCO x 100 mL,<NINGUNO>,1.0,40053,MUCOTRIM,7.5 mg/ mL,AMBROXOL CLORHIDRATO,1
3,0.862,2711726.0,MUCOTRIM Ambroxol 15 mg/5 ml Sol. FRASCO x 100 mL,<NINGUNO>,1.0,53620,MUCOTRIM,7.5 mg/ mL,AMBROXOL CLORHIDRATO,1
1,0.8795,2712298.0,CETIRIZINA 10mg x 100 TAB - PERUFARMA,<NINGUNO>,100.0,45890,CETIRIZINA,10 mg,CETIRIZINA CLORHIDRATO,100
1,0.9084,2712305.0,ATROPINA SULFATO 1mg/1ml AMP - CAJA x 10 - DIPHASAC,<NINGUNO>,10.0,58486,ATROPINA SULFATO,1 mg/ 1 mL,ATROPINA SULFATO,10
2,0.8584,2712305.0,ATROPINA SULFATO 1mg/1ml AMP - CAJA x 10 - DIPHASAC,<NINGUNO>,10.0,60654,ATROPINA SULFATO,1 mg/ 1 mL,ATROPINA SULFATO,100
3,0.8084,2712305.0,ATROPINA SULFATO 1mg/1ml AMP - CAJA x 10 - DIPHASAC,<NINGUNO>,10.0,52179,ATROPINA SULFATO,1 mg/ mL,ATROPINA SULFATO,10
1,0.8318,2712626.0,VANCOMICINA 500MG IV CJA/10 VIALES(VANCONEX)	,<NINGUNO>,10.0,48199,VANCOMICINA,500 mg,VANCOMICINA CLORHIDRATO,1
2,0.8152,2712626.0,VANCOMICINA 500MG IV CJA/10 VIALES(VANCONEX)	,<NINGUNO>,10.0,38735,VANCOMICINA,500 mg,VANCOMICINA,10
1,0.8508,2712733.0,CEFALEXINA 500mg x 50 TAB - PHARMAGEN,<NINGUNO>,50.0,37770,CEFALEXINA,500 mg,CEFALEXINA MONOHIDRATO,100
2,0.8008,2712733.0,CEFALEXINA 500mg x 50 TAB - PHARMAGEN,<NINGUNO>,50.0,55293,CEFALEXINA,500 mg,CEFALEXINA MONOHIDRATO,50
1,0.8713,2712947.0,OMEPRAZOL 40mg x 10 AMP - PHARMAGEN,<NINGUNO>,10.0,42948,OMEPRAZOL,40 mg,OMEPRAZOL SODICO,10
2,0.8213,2712947.0,OMEPRAZOL 40mg x 10 AMP - PHARMAGEN,<NINGUNO>,10.0,41335,OMEPRAZOL,40 mg,OMEPRAZOL SODICO,100
3,0.8213,2712947.0,OMEPRAZOL 40mg x 10 AMP - PHARMAGEN,<NINGUNO>,10.0,43970,OMEPRAZOL,40 mg,OMEPRAZOL SODICO,50
1,0.8631,2714640.0,ATIDEM 400mg x 10 CAPSULAS	,<NINGUNO>,10.0,58879,ATIDEM,400 mg,CELECOXIB,10
1,0.8333,2714854.0,XAROBAN 15mg CAJA x 15 COMPRIMIDOS,<NINGUNO>,1.0,50789,XAROBAN,15 mg,RIVAROXABAN,15
1,0.8333,2714961.0,XAROBAN 10mg CAJA x 10 COMPRIMIDOS,<NINGUNO>,1.0,50829,XAROBAN,10 mg,RIVAROXABAN,10
1,0.8495,2715861.0,DOLOCHECK PLUS 400mg x 100 CAP,<NINGUNO>,100.0,34747,DOLOCHECK PLUS,400 mg,IBUPROFENO,100
2,0.8495,2715861.0,DOLOCHECK PLUS 400mg x 100 CAP,<NINGUNO>,100.0,40701,DOLOCHECK PLUS,400 mg,IBUPROFENO,100
1,0.8694,2715968.0,HIDROCLOROTIAZIDA 25mg x 100 TAB - AC FARMA,<NINGUNO>,100.0,59105,HIDROCLOROTIAZIDA,25 mg,HIDROCLOROTIAZIDA,100
1,0.8528,2717233.0,BIOBRONCOL S 250mg/5ml x 75mL - IQFARMA,<NINGUNO>,1.0,58343,BIOBRONCOL S,250 mg/ 5 mL,CEFALEXINA,1
2,0.8528,2717233.0,BIOBRONCOL S 250mg/5ml x 75mL - IQFARMA,<NINGUNO>,1.0,58344,BIOBRONCOL S,250 mg/ 5 mL,CEFALEXINA,1
1,0.8254,2717554.0,FANTER 10MG (DAPAGLIFLOZINA) x 15 COM,<NINGUNO>,1.0,55890,FANTER,10 mg,DAPAGLIFLOZINA,15
2,0.8254,2717554.0,FANTER 10MG (DAPAGLIFLOZINA) x 15 COM,<NINGUNO>,1.0,55891,FANTER,10 mg,DAPAGLIFLOZINA,30
1,0.9088,2718668.0,LAXALIX 5 mg TAB LR - PORTUGAL,<NINGUNO>,100.0,48090,LAXALIX,5 mg,BISACODILO,100
1,0.8866,2719140.0,GASLESS MAX 80mg x 10 TAB MASTICABLE SABOR A CANELA	,<NINGUNO>,10.0,58758,GASLESS MAX SABOR A CANELA,80 mg,SIMETICONA,10
2,0.8366,2719140.0,GASLESS MAX 80mg x 10 TAB MASTICABLE SABOR A CANELA	,<NINGUNO>,10.0,36864,GASLESS MAX SABOR A CANELA,80 mg,SIMETICONA,100
1,0.8719,2719782.0,ESPASMEX 10MG CAJA x 100 TABS,<NINGUNO>,100.0,51257,ESPASMEX,10 mg,ESCOPOLAMINA N-BUTILBROMURO,100
1,0.9135,2720405.0,LIPOFILM 40mg x 100 TAB,ATORVASTATINA- 40MG TABLETAS,100.0,59284,LIPOFILM,40 mg,ATORVASTATINA DE CALCIO,100
2,0.869,2720405.0,LIPOFILM 40mg x 100 TAB,ATORVASTATINA- 40MG TABLETAS,100.0,54836,LIPOFILM,20 mg,ATORVASTATINA DE CALCIO,100
3,0.8579,2720405.0,LIPOFILM 40mg x 100 TAB,ATORVASTATINA- 40MG TABLETAS,100.0,53779,LIPOFILM F,40 mg,ATORVASTATINA DE CALCIO,100
1,0.89,2720619.0,CLORURO DE POTASIO 14.9% x 10 ML x 25 AMP - LUSA,<NINGUNO>,25.0,37125,CLORURO DE POTASIO,14.9 %,CLORURO DE POTASIO,25
1,0.9454,2720833.0,NIFEDIPINO 30mg x 30 TAB - IQFARMA,<NINGUNO>,30.0,34137,NIFEDIPINO,30 mg,NIFEDIPINO,30
2,0.8954,2720833.0,NIFEDIPINO 30mg x 30 TAB - IQFARMA,<NINGUNO>,30.0,34052,NIFEDIPINO,30 mg,NIFEDIPINO,100
3,0.8954,2720833.0,NIFEDIPINO 30mg x 30 TAB - IQFARMA,<NINGUNO>,30.0,43968,NIFEDIPINO,30 mg,NIFEDIPINO,500
1,0.8648,2721191.0,ESCITALOPRAM 10mg x 30 TAB - QM PHARMA,<NINGUNO>,30.0,54261,ESCITALOPRAM,10 mg,ESCITALOPRAM OXALATO,30
2,0.8648,2721191.0,ESCITALOPRAM 10mg x 30 TAB - QM PHARMA,<NINGUNO>,30.0,60074,ESCITALOPRAM,10 mg,ESCITALOPRAM OXALATO,30
1,0.8026,2722198.0,FUROXONA FORTE JBE x 60ml,<NINGUNO>,1.0,47771,FUROXONA,30 mg/ mL,FURAZOLIDONA,1
1,0.8833,2722205.0,FIBORAN 267 MG X 30 CAP - FARMINDUSTRIA,<NINGUNO>,1.0,47755,FIBORAN,267 mg,PIRFENIDONA,30
1,0.8167,2723319.0,TRIAMCINOLONA 0.025% ALOE VERA 2% CREM 30GR -P.MAGISTR,<NINGUNO>,1.0,33021,TRIAMCINOLONA,0.025 %,TRIAMCINOLONA ACETONIDO,1
2,0.8167,2723319.0,TRIAMCINOLONA 0.025% ALOE VERA 2% CREM 30GR -P.MAGISTR,<NINGUNO>,1.0,38121,TRIAMCINOLONA,0.025 %,TRIAMCINOLONA ACETONIDO,1
3,0.8167,2723319.0,TRIAMCINOLONA 0.025% ALOE VERA 2% CREM 30GR -P.MAGISTR,<NINGUNO>,1.0,43148,TRIAMCINOLONA,0.025 %,TRIAMCINOLONA ACETONIDO,1
1,0.9566,2723533.0,ALERGICAL NEO JBE x 45ml,CLORFENAMINA - JARABE,1.0,57209,ALERGICAL NEO,(2 mg + 5 mg)/ 5 mL,CLORFENAMINA MALEATO + FENILEFRINA CLORHIDRATO,1
2,0.9566,2723533.0,ALERGICAL NEO JBE x 45ml,CLORFENAMINA - JARABE,1.0,57467,ALERGICAL NEO,(2 mg + 5 mg)/ 5 mL,CLORFENAMINA MALEATO + CLORFENIRAMINA MALEATO,1
3,0.887,2723533.0,ALERGICAL NEO JBE x 45ml,CLORFENAMINA - JARABE,1.0,57468,ALERGICAL NEO,4 mg + 10 mg,CLORFENAMINA MALEATO + FENILEFRINA CLORHIDRATO,100
1,0.8813,2724754.0,ROSUVASTATINA 20mg CAJA x 30 TAB.-QM,<NINGUNO>,30.0,57770,ROSUVASTATINA,20 mg,ROSUVASTATINA CALCICA,30
2,0.8369,2724754.0,ROSUVASTATINA 20mg CAJA x 30 TAB.-QM,<NINGUNO>,30.0,57768,ROSUVASTATINA,10 mg,ROSUVASTATINA CALCICA,30
1,0.8554,2725012.0,ACIDO TRANEXAMICO 100MG/ML SOL.INY - AC FARMA,<NINGUNO>,1.0,59819,ACIDO TRANEXAMICO,100 mg/ mL,ACIDO TRANEXAMICO,1
1,0.819,2728033.0,SEROTOCAF 500 MG. x 100 CAP,<NINGUNO>,100.0,51283,SEROTOCAF®,500 mg,CEFALEXINA MONOHIDRATO,100
1,0.9382,2728461.0,BETARRETIN 0.05% CREMA x 30g - MEDIHEALTH,<NINGUNO>,1.0,42100,BETARRETIN,0.05 %,TRETINOINA,1
2,0.8613,2728461.0,BETARRETIN 0.05% CREMA x 30g - MEDIHEALTH,<NINGUNO>,1.0,42102,BETARRETIN,0.025 %,TRETINOINA,1
3,0.8382,2728461.0,BETARRETIN 0.05% CREMA x 30g - MEDIHEALTH,<NINGUNO>,1.0,52537,BETARRETIN,0.05 %,TRETINOINA,1
1,0.8631,2728568.0,ATIDEM 200mg x 100 CAP	,<NINGUNO>,100.0,55928,ATIDEM,200 mg,CELECOXIB,100
1,0.8433,2728782.0,TRAMADOL 100mg/2ml CAJA x 10 AMP - GENFAR,<NINGUNO>,10.0,58354,TRAMADOL,100 mg/ 2 mL,CLORHIDRATO DE TRAMADOL,10
2,0.8245,2728782.0,TRAMADOL 100mg/2ml CAJA x 10 AMP - GENFAR,<NINGUNO>,10.0,58191,TRAMADOL,50 mg/ mL,CLORHIDRATO DE TRAMADOL,10
3,0.8111,2728782.0,TRAMADOL 100mg/2ml CAJA x 10 AMP - GENFAR,<NINGUNO>,10.0,56830,TRAMADOL,100 mg/ mL,CLORHIDRATO DE TRAMADOL,1
1,0.9333,2729682.0,CLORURO DE SODIO 0.9% x 250ml - PHARMAGEN,<NINGUNO>,1.0,42288,CLORURO DE SODIO,0.9 %,CLORURO DE SODIO,1
2,0.9333,2729682.0,CLORURO DE SODIO 0.9% x 250ml - PHARMAGEN,<NINGUNO>,1.0,42403,CLORURO DE SODIO,0.9 %,CLORURO DE SODIO,1
3,0.9333,2729682.0,CLORURO DE SODIO 0.9% x 250ml - PHARMAGEN,<NINGUNO>,1.0,48700,CLORURO DE SODIO,0.9 %,CLORURO DE SODIO,1
1,0.9077,2730626.0,MONILYA Butoconazol Nitrato 2% CREM.VAG.x 20gr,<NINGUNO>,1.0,60149,MONILYA®,2 %,BUTOCONAZOL NITRATO,1
1,0.9116,2730733.0,NONPIRON FORTE 200mg/5ml x 60ml - ELIFARMA,<NINGUNO>,1.0,58307,NONPIRON FORTE,200 mg/ 5 mL,IBUPROFENO,1
2,0.8767,2730733.0,NONPIRON FORTE 200mg/5ml x 60ml - ELIFARMA,<NINGUNO>,1.0,37827,NONPIRON,40 mg/ mL,IBUPROFENO,1
1,0.9333,2731419.0,CLORURO DE SODIO 0.9% x 250ml - CORVAL,<NINGUNO>,1.0,61218,CLORURO DE SODIO,0.9 %,CLORURO DE SODIO,1
2,0.8333,2731419.0,CLORURO DE SODIO 0.9% x 250ml - CORVAL,<NINGUNO>,1.0,2857,CLORURO DE SODIO,0.9 %,CLORURO DE SODIO,1
3,0.8333,2731419.0,CLORURO DE SODIO 0.9% x 250ml - CORVAL,<NINGUNO>,1.0,2858,CLORURO DE SODIO,0.9 %,CLORURO DE SODIO,1
1,0.8844,2731633.0,CIPROFIBRATO 100mg x 50 CAP - AC FARMA,<NINGUNO>,50.0,57849,CIPROFIBRATO,100 mg,CIPROFIBRATO,50
2,0.8344,2731633.0,CIPROFIBRATO 100mg x 50 CAP - AC FARMA,<NINGUNO>,50.0,42565,CIPROFIBRATO,100 mg,CIPROFIBRATO,100
1,0.9125,2731847.0,BETAMETASONA CREMA 0.05%x 20gr - IQFARMA,<NINGUNO>,1.0,52653,BETAMETASONA,0.05 %,BETAMETASONA DIPROPIONATO,1
2,0.8125,2731847.0,BETAMETASONA CREMA 0.05%x 20gr - IQFARMA,<NINGUNO>,1.0,1467,BETAMETASONA,0.05 %,BETAMETASONA DIPROPIONATO,1
3,0.8125,2731847.0,BETAMETASONA CREMA 0.05%x 20gr - IQFARMA,<NINGUNO>,1.0,31093,BETAMETASONA,0.05 %,BETAMETASONA DIPROPIONATO,1
1,0.9056,2731954.0,CLOTRIMAZOL 1% CREMA x 20gr - IQFARMA,<NINGUNO>,1.0,46389,CLOTRIMAZOL,1 %,CLOTRIMAZOL,1
2,0.9056,2731954.0,CLOTRIMAZOL 1% CREMA x 20gr - IQFARMA,<NINGUNO>,1.0,52652,CLOTRIMAZOL,1 %,CLOTRIMAZOL,1
3,0.8556,2731954.0,CLOTRIMAZOL 1% CREMA x 20gr - IQFARMA,<NINGUNO>,1.0,57248,CLOTRIMAZOL,1 %,CLOTRIMAZOL,50
1,0.8624,2732212.0,JAMSUPRAL 1000MG ( PARACETAMOL ) x 100 TAB.,<NINGUNO>,100.0,56641,JAMSUPRAL,1000 mg,PARACETAMOL,100
1,0.91,2732961.0,ULTRA BENGUE 2% (DICLOFENACO) x 50GR,<NINGUNO>,1.0,59805,ULTRA BENGUE,2 %,DICLOFENACO SODICO,1
1,0.8012,2733219.0,KETOROLACO 30mg IM/IV x 10 AMP - GENFAR,<NINGUNO>,10.0,58190,KETOROLACO,30 mg/ mL,KETOROLACO TROMETAMOL,10
1,1.1,2733540.0,LEXIFER 5 % CREMA x 5gr,ACICLOVIR CREMA,1.0,60239,LEXIFER,5 %,ACICLOVIR,1
1,0.8233,2733647.0,METAMIZOL SODICO 1GR/2ML IM/IV x 50 AMP.(A-FIEBRIN) - DIPHA,<NINGUNO>,50.0,55419,METAMIZOL SODICO,1 g/ 2 mL,METAMIZOL DE SODIO,50
1,0.8773,2734226.0,FENAZOPIRIDINA 100mg TAB x 100-GENERION,<NINGUNO>,100.0,60980,FENAZOPIRIDINA,100 mg,FENAZOPIRIDINA CLORHIDRATO,100
2,0.8032,2734226.0,FENAZOPIRIDINA 100mg TAB x 100-GENERION,<NINGUNO>,100.0,57213,FENAZOPIRIDINA,100 mg,FENAZOPIRIDINA,100
1,0.8,2737568.0,TERBINAFINA 1%+UREA CREMA x 30gr-PREP.MAGISTRAL,<NINGUNO>,1.0,37463,TERBINAFINA,1 %,TERBINAFINA CLORHIDRATO,1
2,0.8,2737568.0,TERBINAFINA 1%+UREA CREMA x 30gr-PREP.MAGISTRAL,<NINGUNO>,1.0,40215,TERBINAFINA,1 %,TERBINAFINA CLORHIDRATO,1
3,0.8,2737568.0,TERBINAFINA 1%+UREA CREMA x 30gr-PREP.MAGISTRAL,<NINGUNO>,1.0,40413,TERBINAFINA,1 %,TERBINAFINA CLORHIDRATO,1
1,0.8088,2738903.0,CICLOPIROX 8% LACA - PREPARADO MAGISTRAL,<NINGUNO>,1.0,60377,CICLOPIROX,8 %,CICLOPIROX,1
1,0.8845,2739368.0,PAVERYL 30 MG/ML SOL INY X 1 AMP - MARKOS,<NINGUNO>,1.0,56754,PAVERYL,30 mg/ mL,PAPAVERINA CLORHIDRATO,1
2,0.8345,2739368.0,PAVERYL 30 MG/ML SOL INY X 1 AMP - MARKOS,<NINGUNO>,1.0,56047,PAVERYL,30 mg/ mL,PAPAVERINA CLORHIDRATO,50
1,0.858,2741098.0,AMPICILINA 1g + SULBACTAM 0.5g IM-IV x 10 AMP - CORVAL,<NINGUNO>,10.0,47880,AMPICILINA + SULBACTAM,1 g + 0.5 g,AMPICILINA SODICA + SULBACTAM SODICO,10
2,0.8325,2741098.0,AMPICILINA 1g + SULBACTAM 0.5g IM-IV x 10 AMP - CORVAL,<NINGUNO>,10.0,45103,AMPICILINA,1 g,AMPICILINA SODICA,10
3,0.8048,2741098.0,AMPICILINA 1g + SULBACTAM 0.5g IM-IV x 10 AMP - CORVAL,<NINGUNO>,10.0,44935,AMPICILINA,500 mg,AMPICILINA SODICA,10
1,0.8458,2741105.0,CEFAZOLINA 1gr IM/IV x 10 AMP - CORVAL,<NINGUNO>,10.0,43573,CEFAZOLINA,1 g,CEFAZOLINA SODICA,10
1,0.8746,2741212.0,CITROFLOW K 1080mg CAJA x 20 TABLETAS,<NINGUNO>,20.0,60368,CITROFLOW K,1080 mg,CITRATO DE POTASIO,20
2,0.8246,2741212.0,CITROFLOW K 1080mg CAJA x 20 TABLETAS,<NINGUNO>,20.0,56636,CITROFLOW K,1080 mg,CITRATO DE POTASIO,50
1,0.9108,2741533.0,TAKINOX 500mg CJA x 6 COMP REC,<NINGUNO>,6.0,59685,TAKINOX,500 mg,NITAZOXANIDA,6
1,0.8803,2741640.0,BISACODILO 5mg x 100 TAB - AC FARMA,<NINGUNO>,100.0,52549,BISACODILO,5 mg,BISACODILO,100
2,0.8303,2741640.0,BISACODILO 5mg x 100 TAB - AC FARMA,<NINGUNO>,100.0,61462,BISACODILO,5 mg,BISACODILO,500
1,0.8703,2741961.0,QUETIAPINA 200mg CAJA x 30 TAB. AC FARMA,<NINGUNO>,30.0,55673,QUETIAPINA,200 mg,QUETIAPINA FUMARATO,30
2,0.8339,2741961.0,QUETIAPINA 200mg CAJA x 30 TAB. AC FARMA,<NINGUNO>,30.0,55176,QUETIAPINA,100 mg,QUETIAPINA FUMARATO,30
3,0.8085,2741961.0,QUETIAPINA 200mg CAJA x 30 TAB. AC FARMA,<NINGUNO>,30.0,55174,QUETIAPINA,25 mg,QUETIAPINA FUMARATO,30
1,0.8218,2743440.0,MAFIDOL 120mg/5ml x 60ml - FARVET,<NINGUNO>,1.0,57852,MAFIDOL,120 mg/ 5 mL,PARACETAMOL,1
1,0.8976,2743547.0,HIDROCORTISONA 1% CREMA x 15gr - COASPHARMA,<NINGUNO>,1.0,61168,HIDROCORTISONA,1 %,HIDROCORTISONA,1
1,0.8906,2744982.0,IRBESARTAN 300mg x 30 TAB - AC FARMA,<NINGUNO>,30.0,57998,IRBESARTAN,300 mg,IRBESARTAN,30
1,0.8088,2748261.0,MICOPIROX 8% x 5ml LACA,<NINGUNO>,1.0,43647,MICOPIROX,8 %,CICLOPIROX,1
1,0.8333,2748582.0,CLORURO DE SODIO 0.9% x 100ml - EUROFARMA,<NINGUNO>,1.0,2857,CLORURO DE SODIO,0.9 %,CLORURO DE SODIO,1
2,0.8333,2748582.0,CLORURO DE SODIO 0.9% x 100ml - EUROFARMA,<NINGUNO>,1.0,2858,CLORURO DE SODIO,0.9 %,CLORURO DE SODIO,1
3,0.8333,2748582.0,CLORURO DE SODIO 0.9% x 100ml - EUROFARMA,<NINGUNO>,1.0,28583,CLORURO DE SODIO,0.9 %,CLORURO DE SODIO,1
1,0.81,2749054.0,EFIDOL PLUS 4% 40mg x 78.6ml,<NINGUNO>,1.0,59043,EFIDOL PLUS,4 %,DICLOFENACO SODICO,1
1,0.8389,2750854.0,METOCLOPRAMIDA 10mg/2ml x 10 AMP - DIPHASAC,<NINGUNO>,10.0,58454,METOCLOPRAMIDA,10 mg/ 2 mL,METOCLOPRAMIDA CLORHIDRATO MONOHIDRATO,10
1,0.8866,2751112.0,TADAXION 20mg CAJA x 4 TAB,<NINGUNO>,4.0,58394,TADAXION,20 mg,TADALAFILO,4
1,0.8854,2751219.0,URSOCOLIK 300mg  CAJA x 30 TABLETAS REC.,<NINGUNO>,30.0,60195,URSOCOLIK,300 mg,ACIDO URSODEOXICOLICO,30
1,0.8869,2751540.0,AXONA F-27.50 mcg/DOSIS SPRAY NASAL x 120 DOSIS,<NINGUNO>,1.0,60645,AXONA F,27.5 mcg/ dosis,FLUTICASONA FUROATO,1
2,0.879,2751540.0,AXONA F-27.50 mcg/DOSIS SPRAY NASAL x 120 DOSIS,<NINGUNO>,1.0,44733,AXONA,50 mcg/ dosis,FLUTICASONA PROPIONATO,1
1,0.8044,2753982.0,TRANSFAR 75mg CAJA x 30 CÁPSULAS,<NINGUNO>,30.0,59926,TRANSFAR 75,75 mg,PREGABALINA,30
1,0.9077,2754026.0,BUTOZOL 2% CREMA VAGINAL x 15gr,<NINGUNO>,1.0,56433,BUTOZOL,2 %,BUTOCONAZOL NITRATO,1
1,0.8167,2754561.0,TRIAMCINOLONA 0.025% LOCION x 60ml-IQ FARMA,<NINGUNO>,1.0,33021,TRIAMCINOLONA,0.025 %,TRIAMCINOLONA ACETONIDO,1
2,0.8167,2754561.0,TRIAMCINOLONA 0.025% LOCION x 60ml-IQ FARMA,<NINGUNO>,1.0,38121,TRIAMCINOLONA,0.025 %,TRIAMCINOLONA ACETONIDO,1
3,0.8167,2754561.0,TRIAMCINOLONA 0.025% LOCION x 60ml-IQ FARMA,<NINGUNO>,1.0,43148,TRIAMCINOLONA,0.025 %,TRIAMCINOLONA ACETONIDO,1
1,0.8198,2755033.0,PROCREX 5% UNGUENTO RECTAL 20g,<NINGUNO>,1.0,60982,PROCREX®,5 % + 1 %,CINCOCAINA CLORHIDRATO + POLICRESULENO,1
1,0.8943,2755996.0,ACICLOVIR 800mg x 10 TAB - PORTUGAL,<NINGUNO>,10.0,57362,ACICLOVIR,800 mg,ACICLOVIR,10
2,0.808,2755996.0,ACICLOVIR 800mg x 10 TAB - PORTUGAL,<NINGUNO>,10.0,57036,ACICLOVIR,200 mg,ACICLOVIR,100
3,0.808,2755996.0,ACICLOVIR 800mg x 10 TAB - PORTUGAL,<NINGUNO>,10.0,59511,ACICLOVIR,400 mg,ACICLOVIR,100
1,0.877,2756789.0,FINASTERIDA 5mg x 30 TAB REC,<NINGUNO>,30.0,42882,FINASTERIDA,5 mg,FINASTERIDA,30
1,0.8,2723212.0,"TERBINAFINA 1%, AC.SALICIL 1% UREA 5% CR. 30GR - MAGIST",<NINGUNO>,1.0,37463,TERBINAFINA,1 %,TERBINAFINA CLORHIDRATO,1
2,0.8,2723212.0,"TERBINAFINA 1%, AC.SALICIL 1% UREA 5% CR. 30GR - MAGIST",<NINGUNO>,1.0,40215,TERBINAFINA,1 %,TERBINAFINA CLORHIDRATO,1
3,0.8,2723212.0,"TERBINAFINA 1%, AC.SALICIL 1% UREA 5% CR. 30GR - MAGIST",<NINGUNO>,1.0,40413,TERBINAFINA,1 %,TERBINAFINA CLORHIDRATO,1
1,0.8111,2728354.0,PARACETAMOL 1gr CAJA x 100 TAB - GENERION	,<NINGUNO>,100.0,61487,PARACETAMOL,1 g,PARACETAMOL,100
1,0.8008,2733005.0,DIMENHIDRINATO 50mg/5ml x 50 AMP - OTARVASQ,<NINGUNO>,50.0,35031,DIMENHIDRINATO,50 mg/ 5 mL,DIMENHIDRINATO,50
2,0.8008,2733005.0,DIMENHIDRINATO 50mg/5ml x 50 AMP - OTARVASQ,<NINGUNO>,50.0,39346,DIMENHIDRINATO,50 mg/ 5 mL,DIMENHIDRINATO,50
1,0.8473,2733433.0,NEFERIN 100mg/5mL SUSP. 2 Fcos x 20 ml,<NINGUNO>,2.0,60210,NEFERIN,100 mg/ 5 mL,ALBENDAZOL,2
1,0.8673,2739261.0,ESO-PEPTOPRAZOL 20mg x 28 CAP - SHERFARMA,<NINGUNO>,28.0,59783,ESO-PEPTOPRAZOL,20 mg,ESOMEPRAZOL MAGNESIO TRIHIDRATO,28
2,0.8256,2739261.0,ESO-PEPTOPRAZOL 20mg x 28 CAP - SHERFARMA,<NINGUNO>,28.0,47443,PEPTOPRAZOL E,20 mg,ESOMEPRAZOL MAGNESIO TRIHIDRATO,28
1,0.841,2748154.0,VIGORAN 50mg/2ml CAJA x 30 MONODOSIS,<NINGUNO>,30.0,61057,VIGORAN,50 mg/ 2 mL,SILDENAFILO CITRATO,30
1,0.8716,2751754.0,ALBISEC ONE 2gr CAJA X  1 SOBRE,<NINGUNO>,1.0,61473,ALBISEC ONE,2 g,SECNIDAZOL,1
1,0.8611,2752547.0,TRAMADOL 50mg CAJA x 10 AMP - GENFAR,<NINGUNO>,10.0,40214,TRAMADOL,50 mg,CLORHIDRATO DE TRAMADOL,10
2,0.8611,2752547.0,TRAMADOL 50mg CAJA x 10 AMP - GENFAR,<NINGUNO>,10.0,59425,TRAMADOL,50 mg,CLORHIDRATO DE TRAMADOL,10
3,0.8167,2752547.0,TRAMADOL 50mg CAJA x 10 AMP - GENFAR,<NINGUNO>,10.0,58191,TRAMADOL,50 mg/ mL,CLORHIDRATO DE TRAMADOL,10
1,0.8356,2756468.0,ORACEF 250mg/5ml SUSP x 100ml - MARKOS,<NINGUNO>,1.0,60291,ORACEF,250 mg/ 5 mL,CEFUROXIMA AXETIL,1
1,0.9792,42905.0,AMOXICILINA 250mg SUSP x 100ml - GEN FAR,AMOXICILINA JARABE,1.0,44914,AMOXICILINA,500 mg,AMOXICILINA TRIHIDRATO,1
2,0.9676,42905.0,AMOXICILINA 250mg SUSP x 100ml - GEN FAR,AMOXICILINA JARABE,1.0,40205,AMOXICILINA,500 mg,AMOXICILINA,50
3,0.9524,42905.0,AMOXICILINA 250mg SUSP x 100ml - GEN FAR,AMOXICILINA JARABE,1.0,56395,AMOXICILINA,250 mg/ 5 mL,AMOXICILINA TRIHIDRATO,1
1,0.9778,44591.0,DIMENHIDRINATO 50mg TAB x 100 - INDUQUIMICA,DIMENHIDRINATO - TABLETA,100.0,38610,DIMENHIDRINATO,50 mg,DIMENHIDRINATO,100
2,0.9778,44591.0,DIMENHIDRINATO 50mg TAB x 100 - INDUQUIMICA,DIMENHIDRINATO - TABLETA,100.0,40228,DIMENHIDRINATO,50 mg,DIMENHIDRINATO,100
3,0.9778,44591.0,DIMENHIDRINATO 50mg TAB x 100 - INDUQUIMICA,DIMENHIDRINATO - TABLETA,100.0,43189,DIMENHIDRINATO,50 mg,DIMENHIDRINATO,100
1,0.9091,45712.0,NAPROXENO 275mg TAB x 100 - PORTUGAL,NAPROXENO - TABLETA,100.0,40343,NAPROXENO,500 mg,NAPROXENO,100
2,0.9091,45712.0,NAPROXENO 275mg TAB x 100 - PORTUGAL,NAPROXENO - TABLETA,100.0,52551,NAPROXENO,500 mg,NAPROXENO,100
3,0.9091,45712.0,NAPROXENO 275mg TAB x 100 - PORTUGAL,NAPROXENO - TABLETA,100.0,54153,NAPROXENO,500 mg,NAPROXENO,100
1,1.0461,48298.0,ERITROMICINA 500mg TAB x 50 - GEN FAR,ERITROMICINA CAPSULA,50.0,40156,ERITROMICINA,500 mg,ERITROMICINA ESTEARATO,50
2,1.0461,48298.0,ERITROMICINA 500mg TAB x 50 - GEN FAR,ERITROMICINA CAPSULA,50.0,60329,ERITROMICINA,500 mg,ERITROMICINA ESTEARATO,50
3,0.9461,48298.0,ERITROMICINA 500mg TAB x 50 - GEN FAR,ERITROMICINA CAPSULA,50.0,45259,ERITROMICINA,500 mg,ERITROMICINA ESTEARATO,50
1,0.8085,88440.0,BACTEROL INFANTIL SUSP. 60ml,SULF + TRIM.200/40MG.JARABE,1.0,49186,BACTEROL INFANTIL,200 mg + 40 mg/ 5 mL,SULFAMETOXAZOL + TRIMETOPRIMA,1
1,0.877,124477.0,DIBROLAX 5mg x 100 TABLETAS,<NINGUNO>,100.0,39543,DIBROLAX,5 mg,PICOSULFATO DE SODIO,100
2,0.827,124477.0,DIBROLAX 5mg x 100 TABLETAS,<NINGUNO>,100.0,44103,DIBROLAX,5 mg,PICOSULFATO DE SODIO,10
1,0.9818,153598.0,ALBENDAZOL 200mg x 2 TAB - GENFAR,ALBENDAZOL - TABLETA,2.0,26291,ALBENDAZOL,200 mg,ALBENDAZOL,2
2,0.9818,153598.0,ALBENDAZOL 200mg x 2 TAB - GENFAR,ALBENDAZOL - TABLETA,2.0,58337,ALBENDAZOL,200 mg,ALBENDAZOL,2
3,0.95,153598.0,ALBENDAZOL 200mg x 2 TAB - GENFAR,ALBENDAZOL - TABLETA,2.0,56415,ALBENDAZOL,100 mg/ 5 mL,ALBENDAZOL,1
1,0.85,167319.0,DIPROSPAN SP INYECTABLE x 1ml,BETAMETASONA AMPOLLA,1.0,54086,DIPROSPAN,5 mg/ 1 mL + 2 mg/ 1 mL,BETAMETASONA DIPROPIONATO + BETAMETASONA FOSFATO SODICO,1
2,0.85,167319.0,DIPROSPAN SP INYECTABLE x 1ml,BETAMETASONA AMPOLLA,1.0,60585,DIPROSPAN,5 mg/ 1 mL + 2 mg/ 1 mL,BETAMETASONA DIPROPIONATO + BETAMETASONA FOSFATO SODICO,1
1,0.8773,194533.0,AZO CEFASABAL 100mg x 100 TAB,<NINGUNO>,100.0,60064,AZO CEFASABAL 100,100 mg,FENAZOPIRIDINA CLORHIDRATO,100
1,1.0778,340805.0,GASEOVET 40mg x 150 TAB,MAGALDRATO/SIMETICONA TABLETAS,150.0,42812,GASEOVET,40 mg,SIMETICONA,150
2,1.0278,340805.0,GASEOVET 40mg x 150 TAB,MAGALDRATO/SIMETICONA TABLETAS,150.0,43330,GASEOVET,40 mg,SIMETICONA,40
3,0.9833,340805.0,GASEOVET 40mg x 150 TAB,MAGALDRATO/SIMETICONA TABLETAS,150.0,35557,GASEOVET,80 mg,SIMETICONA,30
1,0.8001,387775.0,PLIDAN COMPUESTO NF x 100 GRAGEAS,<NINGUNO>,100.0,44530,PLIDAN COMPUESTO NF,10 mg + 125 mg,ESCOPOLAMINA N-BUTILBROMURO + PARACETAMOL,100
1,1.06,455533.0,GENTASIL 160mg x 2ML AMP,GENTAMICINA AMPOLLA,1.0,57793,GENTASIL®,160 mg/ 2 mL,GENTAMICINA,1
2,1.0215,455533.0,GENTASIL 160mg x 2ML AMP,GENTAMICINA AMPOLLA,1.0,52682,GENTASIL,160 mg/ 2 mL,GENTAMICINA SULFATO,1
3,1.0215,455533.0,GENTASIL 160mg x 2ML AMP,GENTAMICINA AMPOLLA,1.0,61835,GENTASIL,160 mg/ 2 mL,GENTAMICINA SULFATO,1
1,1.0818,456005.0,DOLORAL 400mg x 100 TAB,IBUPROFENO 400MG.TABLETA,100.0,38547,DOLORAL,400 mg,IBUPROFENO,100
2,1.0818,456005.0,DOLORAL 400mg x 100 TAB,IBUPROFENO 400MG.TABLETA,100.0,61662,DOLORAL,400 mg,IBUPROFENO,100
3,1.0455,456005.0,DOLORAL 400mg x 100 TAB,IBUPROFENO 400MG.TABLETA,100.0,48646,DOLORAL,200 mg,IBUPROFENO,100
1,0.8024,456647.0,GRAVOL JBE 60ml,<NINGUNO>,1.0,35600,GRAVOL,15 mg/ 5 mL,DIMENHIDRINATO,1
2,0.8024,456647.0,GRAVOL JBE 60ml,<NINGUNO>,1.0,40824,GRAVOL,12.5 mg/ mL,DIMENHIDRINATO,1
3,0.8024,456647.0,GRAVOL JBE 60ml,<NINGUNO>,1.0,61309,GRAVOL,15 mg/ 5 mL,DIMENHIDRINATO,1
1,0.8354,541070.0,MESIGYNA AMP x 1 ML,<NINGUNO>,1.0,56864,MESIGYNA,5 mg/ mL + 50 mg/ mL,ESTRADIOL VALERATO + NORETISTERONA ENANTATO,1
1,1.016,911940.0,CIPROFLOXACINO 500mg x 10 TAB - GEN FAR,CIPROFLOXACINO 500MG.TABLETA,10.0,40104,CIPROFLOXACINO,500 mg,CIPROFLOXACINO CLORHIDRATO MONOHIDRATO,10
2,1.016,911940.0,CIPROFLOXACINO 500mg x 10 TAB - GEN FAR,CIPROFLOXACINO 500MG.TABLETA,10.0,59989,CIPROFLOXACINO,500 mg,CIPROFLOXACINO CLORHIDRATO MONOHIDRATO,10
3,0.966,911940.0,CIPROFLOXACINO 500mg x 10 TAB - GEN FAR,CIPROFLOXACINO 500MG.TABLETA,10.0,46104,CIPROFLOXACINO,500 mg,CIPROFLOXACINO CLORHIDRATO,100
1,1.0461,913954.0,CLINFOL 100mg x 7 OV.VAG,CLINDAMICINA TABLETA,7.0,41611,CLINFOL,100 mg,CLINDAMICINA FOSFATO,7
2,0.9961,913954.0,CLINFOL 100mg x 7 OV.VAG,CLINDAMICINA TABLETA,7.0,57892,CLINFOL,100 mg,CLINDAMICINA FOSFATO,3
1,0.8955,917554.0,ZENTEL SUSP. 400mg/10ml x 5 FCOS,ALBENDAZOL JARABE,5.0,56563,ZENTEL,400 mg/ 10 mL,ALBENDAZOL,1
2,0.875,917554.0,ZENTEL SUSP. 400mg/10ml x 5 FCOS,ALBENDAZOL JARABE,5.0,37787,ZENTEL,400 mg,ALBENDAZOL,50
3,0.875,917554.0,ZENTEL SUSP. 400mg/10ml x 5 FCOS,ALBENDAZOL JARABE,5.0,60834,ZENTEL,400 mg,ALBENDAZOL,50
1,1.0298,935768.0,AMLODIPINO 5mg x 10 TAB - GEN FAR,AMLODIPINO - TABLETA,10.0,42434,AMLODIPINO,5 mg,AMLODIPINO BESILATO,10
2,1.0298,935768.0,AMLODIPINO 5mg x 10 TAB - GEN FAR,AMLODIPINO - TABLETA,10.0,43529,AMLODIPINO,5 mg,AMLODIPINO BESILATO,10
3,1.0298,935768.0,AMLODIPINO 5mg x 10 TAB - GEN FAR,AMLODIPINO - TABLETA,10.0,58700,AMLODIPINO,5 mg,AMLODIPINO BESILATO,10
1,0.9818,941426.0,CIPROFLOXACINO 500mg x 100 TAB - PORTUGAL,CIPROFLOXACINO 500MG.TABLETA,100.0,58062,CIPROFLOXACINO,500 mg,CIPROFLOXACINO,100
2,0.916,941426.0,CIPROFLOXACINO 500mg x 100 TAB - PORTUGAL,CIPROFLOXACINO 500MG.TABLETA,100.0,2534,CIPROFLOXACINO,500 mg,CIPROFLOXACINO CLORHIDRATO MONOHIDRATO,100
3,0.916,941426.0,CIPROFLOXACINO 500mg x 100 TAB - PORTUGAL,CIPROFLOXACINO 500MG.TABLETA,100.0,26190,CIPROFLOXACINO,500 mg,CIPROFLOXACINO CLORHIDRATO MONOHIDRATO,100
1,1.0818,959168.0,FLUMIL 150mg x 1 TAB REFASA,FLUCONAZOL,1.0,39093,FLUMIL,150 mg,FLUCONAZOL,1
1,1.1,960968.0,ACICLOVIR AL 5% UNGTO x 15gr - GEN FAR,ACICLOVIR CREMA,1.0,40591,ACICLOVIR,5 %,ACICLOVIR,1
2,1.1,960968.0,ACICLOVIR AL 5% UNGTO x 15gr - GEN FAR,ACICLOVIR CREMA,1.0,58698,ACICLOVIR,5 %,ACICLOVIR,1
3,1.0,960968.0,ACICLOVIR AL 5% UNGTO x 15gr - GEN FAR,ACICLOVIR CREMA,1.0,33775,ACICLOVIR,5 %,ACICLOVIR,1
1,1.0434,1009505.0,AMOXICILINA TAB 500mg x 100 - FARMINDUSTRIA,AMOXICILINA CAPSULA,100.0,27616,AMOXICILINA,500 mg,AMOXICILINA TRIHIDRATO,100
2,1.0434,1009505.0,AMOXICILINA TAB 500mg x 100 - FARMINDUSTRIA,AMOXICILINA CAPSULA,100.0,40244,AMOXICILINA,500 mg,AMOXICILINA TRIHIDRATO,100
3,0.9818,1009505.0,AMOXICILINA TAB 500mg x 100 - FARMINDUSTRIA,AMOXICILINA CAPSULA,100.0,47312,AMOXICILINA,500 mg,AMOXICILINA,100
1,0.9514,1029947.0,HISALER GOTAS x 15ml,CETIRIZINA GOTAS,1.0,49298,HISALER®,5 mg/ 5 mL,CETIRIZINA CLORHIDRATO,1
2,0.9423,1029947.0,HISALER GOTAS x 15ml,CETIRIZINA GOTAS,1.0,55239,HISALER,10 mg/ mL,CETIRIZINA CLORHIDRATO,1
3,0.8812,1029947.0,HISALER GOTAS x 15ml,CETIRIZINA GOTAS,1.0,33827,HISALER,10 mg,CETIRIZINA DICLORHIDRATO,120
1,0.8763,1046940.0,CINAFLOX 500mg x 48 TAB,<NINGUNO>,48.0,41013,CINAFLOX,500 mg,CIPROFLOXACINO CLORHIDRATO MONOHIDRATO,48
1,0.8067,1110556.0,INDOMETACINA 25mg x 100 CAP - IQFARMA,<NINGUNO>,100.0,41835,INDOMETACINA,25 mg,INDOMETACINA,100
1,0.8845,1194754.0,NOVOCORTIL 1 % CREMA x 20 GR,<NINGUNO>,1.0,38614,NOVOCORTIL,1 %,HIDROCORTISONA ACETATO,1
2,0.8389,1194754.0,NOVOCORTIL 1 % CREMA x 20 GR,<NINGUNO>,1.0,42908,NOVOCORTIL,250 mg,HIDROCORTISONA SUCCINATO SODICO,1
3,0.8389,1194754.0,NOVOCORTIL 1 % CREMA x 20 GR,<NINGUNO>,1.0,43503,NOVOCORTIL,100 mg,HIDROCORTISONA SUCCINATO SODICO,1
1,0.9032,1230905.0,CISTIMICINA 750mg x 10 TAB,<NINGUNO>,10.0,47431,CISTIMICINA,750 mg,CIPROFLOXACINO,10
1,0.8857,1239754.0,XILONEST S.P. 2% S/EP.x 20ml FRASCO,<NINGUNO>,1.0,35594,XILONEST,2 %,LIDOCAINA CLORHIDRATO,1
2,0.8857,1239754.0,XILONEST S.P. 2% S/EP.x 20ml FRASCO,<NINGUNO>,1.0,37632,XILONEST,2 %,LIDOCAINA CLORHIDRATO,1
3,0.8857,1239754.0,XILONEST S.P. 2% S/EP.x 20ml FRASCO,<NINGUNO>,1.0,37855,XILONEST S.P.,2 %,LIDOCAINA CLORHIDRATO,1
1,0.9333,1265319.0,AMOXICILINA 250mg SUSP x 60ml - IQFARMA,AMOXICILINA JARABE,1.0,50857,AMOXICILINA,125 mg/ 5 mL,AMOXICILINA,1
2,0.9139,1265319.0,AMOXICILINA 250mg SUSP x 60ml - IQFARMA,AMOXICILINA JARABE,1.0,37740,AMOXICILINA,250 mg/ 5 mL,AMOXICILINA TRIHIDRATO,1
3,0.9139,1265319.0,AMOXICILINA 250mg SUSP x 60ml - IQFARMA,AMOXICILINA JARABE,1.0,37741,AMOXICILINA,250 mg/ 5 mL,AMOXICILINA TRIHIDRATO,1
1,0.9714,1284219.0,GLIBENCLAMIDA 5mg x 100 TAB - FARMINDUSTRIA,GLIBENCLAMIDA - TABLETA,100.0,37580,GLIBENCLAMIDA,5 mg,GLIBENCLAMIDA,100
2,0.9714,1284219.0,GLIBENCLAMIDA 5mg x 100 TAB - FARMINDUSTRIA,GLIBENCLAMIDA - TABLETA,100.0,41756,GLIBENCLAMIDA,5 mg,GLIBENCLAMIDA,100
3,0.9714,1284219.0,GLIBENCLAMIDA 5mg x 100 TAB - FARMINDUSTRIA,GLIBENCLAMIDA - TABLETA,100.0,51132,GLIBENCLAMIDA,5 mg,GLIBENCLAMIDA,100
1,0.9263,1284968.0,LORATADINA 5mg/5ml JBE x 60ml - FARMINDUSTRIA,LORATADINA - JARABE,1.0,38234,LORATADINA,5 mg/ 5 mL,LORATADINA,1
2,0.9263,1284968.0,LORATADINA 5mg/5ml JBE x 60ml - FARMINDUSTRIA,LORATADINA - JARABE,1.0,39309,LORATADINA,5 mg/ 5 mL,LORATADINA,1
3,0.9263,1284968.0,LORATADINA 5mg/5ml JBE x 60ml - FARMINDUSTRIA,LORATADINA - JARABE,1.0,40884,LORATADINA,5 mg/ 5 mL,LORATADINA,1
1,0.9818,1290519.0,DEXAMETASONA TAB. 0.5mg x 100 - PORTUGAL,DEXAMETASONA TABLETAS,100.0,34043,DEXAMETASONA,0.5 mg,DEXAMETASONA,100
2,0.9818,1290519.0,DEXAMETASONA TAB. 0.5mg x 100 - PORTUGAL,DEXAMETASONA TABLETAS,100.0,38184,DEXAMETASONA,0.5 mg,DEXAMETASONA,100
3,0.9818,1290519.0,DEXAMETASONA TAB. 0.5mg x 100 - PORTUGAL,DEXAMETASONA TABLETAS,100.0,57866,DEXAMETASONA,0.5 mg,DEXAMETASONA,100
1,0.9,1325940.0,ERGOTRATE 0.20mg x 30 TAB,ERGOMETRINA 0.2MG TAB,30.0,38984,ERGOTRATE,0.2 mg,ERGOMETRINA MALEATO,30
2,0.9,1325940.0,ERGOTRATE 0.20mg x 30 TAB,ERGOMETRINA 0.2MG TAB,30.0,47562,ERGOTRATE,0.2 mg,ERGOMETRINA MALEATO,30
3,0.9,1325940.0,ERGOTRATE 0.20mg x 30 TAB,ERGOMETRINA 0.2MG TAB,30.0,50212,ERGOTRATE,0.2 mg,ERGOMETRINA MALEATO,30
1,0.95,1400249.0,BETAMETASONA CREMA 0.05%x 20gr - FARMINDUSTRIA,BETAMETASONA CREMA,1.0,1467,BETAMETASONA,0.05 %,BETAMETASONA DIPROPIONATO,1
2,0.95,1400249.0,BETAMETASONA CREMA 0.05%x 20gr - FARMINDUSTRIA,BETAMETASONA CREMA,1.0,31093,BETAMETASONA,0.05 %,BETAMETASONA DIPROPIONATO,1
3,0.95,1400249.0,BETAMETASONA CREMA 0.05%x 20gr - FARMINDUSTRIA,BETAMETASONA CREMA,1.0,31106,BETAMETASONA,0.05 %,BETAMETASONA DIPROPIONATO,1
1,0.8641,1438119.0,BAGOVIR 500mg x 10 COMP.,<NINGUNO>,10.0,39971,BAGOVIR,500 mg,VALACICLOVIR CLORHIDRATO,10
1,0.9818,1451291.0,CLOTRIMAZOL 500mg x 50 TAB VAGINAL - PORTUGAL,CLOTRIMAZOL - TABLETA,50.0,38183,CLOTRIMAZOL,500 mg,CLOTRIMAZOL,50
2,0.9818,1451291.0,CLOTRIMAZOL 500mg x 50 TAB VAGINAL - PORTUGAL,CLOTRIMAZOL - TABLETA,50.0,58449,CLOTRIMAZOL,500 mg,CLOTRIMAZOL,50
3,0.9318,1451291.0,CLOTRIMAZOL 500mg x 50 TAB VAGINAL - PORTUGAL,CLOTRIMAZOL - TABLETA,50.0,40654,CLOTRIMAZOL,500 mg,CLOTRIMAZOL,1000
1,0.8941,1494668.0,ALIZAR 0.05% CREMA x 30 gr,<NINGUNO>,1.0,40375,ALIZAR,0.05 %,17-PROPIONATO DE CLOBETASOL,1
2,0.8941,1494668.0,ALIZAR 0.05% CREMA x 30 gr,<NINGUNO>,1.0,40388,ALIZAR,0.05 %,17-PROPIONATO DE CLOBETASOL,1
3,0.8941,1494668.0,ALIZAR 0.05% CREMA x 30 gr,<NINGUNO>,1.0,46078,ALIZAR,0.05 %,17-PROPIONATO DE CLOBETASOL,1
1,1.0002,1496468.0,ELEVAL 50mg x 30 COMP,SERTRALINA 50MG TAB,30.0,39568,ELEVAL,50 mg,SERTRALINA CLORHIDRATO,30
1,0.9818,1507419.0,ACICLOVIR 200mg x 100 TAB - PORTUGAL,ACICLOVIR - TABLETA,100.0,26313,ACICLOVIR,200 mg,ACICLOVIR,100
2,0.9818,1507419.0,ACICLOVIR 200mg x 100 TAB - PORTUGAL,ACICLOVIR - TABLETA,100.0,38048,ACICLOVIR,200 mg,ACICLOVIR,100
3,0.9818,1507419.0,ACICLOVIR 200mg x 100 TAB - PORTUGAL,ACICLOVIR - TABLETA,100.0,38078,ACICLOVIR,200 mg,ACICLOVIR,100
1,0.9524,1527861.0,ALBENDAZOL 100mg x 20ml SUSP - FARMINDUSTRIA,ALBENDAZOL JARABE,1.0,41544,ALBENDAZOL,100 mg/ 5 mL,ALBENDAZOL,1
2,0.9524,1527861.0,ALBENDAZOL 100mg x 20ml SUSP - FARMINDUSTRIA,ALBENDAZOL JARABE,1.0,43918,ALBENDAZOL,100 mg/ 5 mL,ALBENDAZOL,1
3,0.9524,1527861.0,ALBENDAZOL 100mg x 20ml SUSP - FARMINDUSTRIA,ALBENDAZOL JARABE,1.0,50679,ALBENDAZOL,100 mg/ 5 mL,ALBENDAZOL,1
1,1.0615,1528333.0,DICLOFENACO 1% GEL x 50gr - FARMINDUSTRIA,DICLOFENACO - GEL,1.0,39236,DICLOFENACO,1 %,DICLOFENACO DIETILAMONIO,1
2,0.9615,1528333.0,DICLOFENACO 1% GEL x 50gr - FARMINDUSTRIA,DICLOFENACO - GEL,1.0,37573,DICLOFENACO,1 %,DICLOFENACO SODICO,1
3,0.9615,1528333.0,DICLOFENACO 1% GEL x 50gr - FARMINDUSTRIA,DICLOFENACO - GEL,1.0,38550,DICLOFENACO,1 %,DICLOFENACO DIETILAMONIO,1
1,1.0323,1544426.0,OMEPRAZOL 40mg x 10 AMP - VITALIS,OMEPRAZOL AMP,10.0,51151,OMEPRAZOL,40 mg,OMEPRAZOL SODICO,10
2,0.9823,1544426.0,OMEPRAZOL 40mg x 10 AMP - VITALIS,OMEPRAZOL AMP,10.0,51519,OMEPRAZOL,40 mg,OMEPRAZOL SODICO,1
3,0.9778,1544426.0,OMEPRAZOL 40mg x 10 AMP - VITALIS,OMEPRAZOL AMP,10.0,53208,OMEPRAZOL,40 mg,OMEPRAZOL,10
1,1.0818,1569261.0,IBUPROFENO 800mg TAB x 100 - PORTUGAL-NATURGEN,IBUPROFENO 800MG.TABLETA,100.0,39235,IBUPROFENO,800 mg,IBUPROFENO,100
2,1.0455,1569261.0,IBUPROFENO 800mg TAB x 100 - PORTUGAL-NATURGEN,IBUPROFENO 800MG.TABLETA,100.0,42422,IBUPROFENO,400 mg,IBUPROFENO,100
3,1.0318,1569261.0,IBUPROFENO 800mg TAB x 100 - PORTUGAL-NATURGEN,IBUPROFENO 800MG.TABLETA,100.0,44221,IBUPROFENO,800 mg,IBUPROFENO,30
1,1.019,1577254.0,DICLOXACILINA 250mg SUSP x 60ml - IQFARMA,DICLOXACILINA JBE,1.0,40241,DICLOXACILINA,250 mg/ 5 mL,DICLOXACILINA SODICA MONOHIDRATO,1
2,1.019,1577254.0,DICLOXACILINA 250mg SUSP x 60ml - IQFARMA,DICLOXACILINA JBE,1.0,40463,DICLOXACILINA,250 mg/ 5 mL,DICLOXACILINA SODICA MONOHIDRATO,1
3,1.019,1577254.0,DICLOXACILINA 250mg SUSP x 60ml - IQFARMA,DICLOXACILINA JBE,1.0,46449,DICLOXACILINA,250 mg/ 5 mL,DICLOXACILINA SODICA MONOHIDRATO,1
1,0.9511,1579810.0,DICLO K 50mg x 100 COMP,DICLOFENACO - TABLETA,100.0,43585,DICLO-K 50,50 mg,DICLOFENACO POTASICO,100
2,0.8511,1579810.0,DICLO K 50mg x 100 COMP,DICLOFENACO - TABLETA,100.0,50956,DICLO-K 50,50 mg,DICLOFENACO SODICO,100
1,0.928,1583447.0,COLUQUIM 100mg/5ml x 30ml - QUILAB,NITAZOXANIDA,1.0,41950,COLUQUIM,100 mg/ 5 mL,NITAZOXANIDA,1
2,0.928,1583447.0,COLUQUIM 100mg/5ml x 30ml - QUILAB,NITAZOXANIDA,1.0,41951,COLUQUIM,100 mg/ 5 mL,NITAZOXANIDA,1
3,0.928,1583447.0,COLUQUIM 100mg/5ml x 30ml - QUILAB,NITAZOXANIDA,1.0,57925,COLUQUIM,100 mg/ 5 mL,NITAZOXANIDA,1
1,1.0818,1587047.0,CLARIMED 500mg x 10 TAB,CLARITROMICINA 500MG.TABLETAS,10.0,40855,CLARIMED,500 mg,CLARITROMICINA,10
2,1.0318,1587047.0,CLARIMED 500mg x 10 TAB,CLARITROMICINA 500MG.TABLETAS,10.0,40853,CLARIMED,500 mg,CLARITROMICINA,100
3,1.0318,1587047.0,CLARIMED 500mg x 10 TAB,CLARITROMICINA 500MG.TABLETAS,10.0,40854,CLARIMED,500 mg,CLARITROMICINA,50
1,1.0778,1599824.0,MELOXICAM 15mg x 100 TAB - FARMINDUSTRIA,MELOXICAM - TABLETAS,100.0,40307,MELOXICAM,15 mg,MELOXICAM,100
2,1.0278,1599824.0,MELOXICAM 15mg x 100 TAB - FARMINDUSTRIA,MELOXICAM - TABLETAS,100.0,43537,MELOXICAM,15 mg,MELOXICAM,10
3,0.9778,1599824.0,MELOXICAM 15mg x 100 TAB - FARMINDUSTRIA,MELOXICAM - TABLETAS,100.0,37666,MELOXICAM,15 mg,MELOXICAM,100
1,0.9,1612177.0,LEVOCERT x 100 TAB - MEDIFARMA,LEVOCETIRIZINA,100.0,37358,LEVOCERT,5 mg,LEVOCETIRIZINA DICLORHIDRATO,100
2,0.85,1612177.0,LEVOCERT x 100 TAB - MEDIFARMA,LEVOCETIRIZINA,100.0,43849,LEVOCERT,5 mg/ mL,LEVOCETIRIZINA DICLORHIDRATO,1
3,0.8444,1612177.0,LEVOCERT x 100 TAB - MEDIFARMA,LEVOCETIRIZINA,100.0,40837,LEVOCERT D,2.5 mg + 120 mg,LEVOCETIRIZINA DICLORHIDRATO + CLORHIDRATO DE PSEUDOEFEDRINA,100
1,0.9895,1662754.0,LOSARTAN 50mg x 30 TAB - GENFAR,LOSARTAN 50MG TAB,30.0,43589,LOSARTAN,50 mg,LOSARTAN POTASICO,30
2,0.9895,1662754.0,LOSARTAN 50mg x 30 TAB - GENFAR,LOSARTAN 50MG TAB,30.0,57960,LOSARTAN,50 mg,LOSARTAN POTASICO,30
3,0.9895,1662754.0,LOSARTAN 50mg x 30 TAB - GENFAR,LOSARTAN 50MG TAB,30.0,59711,LOSARTAN,50 mg,LOSARTAN POTASICO,30
1,0.9049,1699724.0,CLONAZEPAM 0.5mg x 100 TAB - FARMINDUSTRIA,CLONAZEPAN 0.5MG,100.0,33256,CLONAZEPAM,0.5 mg,CLONAZEPAM,100
2,0.9049,1699724.0,CLONAZEPAM 0.5mg x 100 TAB - FARMINDUSTRIA,CLONAZEPAN 0.5MG,100.0,37023,CLONAZEPAM,0.5 mg,CLONAZEPAM,100
3,0.9049,1699724.0,CLONAZEPAM 0.5mg x 100 TAB - FARMINDUSTRIA,CLONAZEPAN 0.5MG,100.0,41014,CLONAZEPAM,0.5 mg,CLONAZEPAM,100
1,0.9879,1704733.0,METAMIZOL SODICO 1gr/2ml x 50 AMP - LABOT,METAMIZOL AMPOLLA,50.0,46138,METAMIZOL SODICO,1 g/ 2 mL,METAMIZOL DE SODIO,50
2,0.9879,1704733.0,METAMIZOL SODICO 1gr/2ml x 50 AMP - LABOT,METAMIZOL AMPOLLA,50.0,50239,METAMIZOL SODICO,1 g/ 2 mL,METAMIZOL DE SODIO,50
3,0.9379,1704733.0,METAMIZOL SODICO 1gr/2ml x 50 AMP - LABOT,METAMIZOL AMPOLLA,50.0,51575,METAMIZOL SODICO,1 g/ 2 mL,METAMIZOL DE SODIO,1
1,0.8306,1704840.0,SALBUTAMOL AEROSOL 200 DOSIS - LABOT,SALBUTAMOL - AEROSOL,1.0,49606,SALBUTAMOL,100 mcg/ dosis,SALBUTAMOL SULFATO,1
2,0.8306,1704840.0,SALBUTAMOL AEROSOL 200 DOSIS - LABOT,SALBUTAMOL - AEROSOL,1.0,51245,SALBUTAMOL,100 mcg/ dosis,SALBUTAMOL SULFATO,1
1,0.925,1705312.0,PREDNISONA 5mg/5ml JBE x 60ml - PORTUGAL,PREDNISONA JBE,12.0,38982,PREDNISONA,5 mg,PREDNISONA,100
2,0.8971,1705312.0,PREDNISONA 5mg/5ml JBE x 60ml - PORTUGAL,PREDNISONA JBE,12.0,40240,PREDNISONA,20 mg,PREDNISONA,100
3,0.8763,1705312.0,PREDNISONA 5mg/5ml JBE x 60ml - PORTUGAL,PREDNISONA JBE,12.0,36966,PREDNISONA,5 mg/ 5 mL,PREDNISONA,1
1,0.9524,1715212.0,CEFALEXINA 250mg JBE x 60ml - FARMINDUSTRIA,CEFALEXINA JARABE,1.0,33891,CEFALEXINA,250 mg/ 5 mL,CEFALEXINA,1
2,0.9107,1715212.0,CEFALEXINA 250mg JBE x 60ml - FARMINDUSTRIA,CEFALEXINA JARABE,1.0,37135,CEFALEXINA,250 mg/ 5 mL,CEFALEXINA MONOHIDRATO,1
3,0.9107,1715212.0,CEFALEXINA 250mg JBE x 60ml - FARMINDUSTRIA,CEFALEXINA JARABE,1.0,41547,CEFALEXINA,250 mg/ 5 mL,CEFALEXINA MONOHIDRATO,1
1,0.8818,1756140.0,TERBINAFINA 250mg x 100 TAB - PORTUGAL,<NINGUNO>,100.0,39266,TERBINAFINA,250 mg,TERBINAFINA CLORHIDRATO,100
1,1.0231,1764347.0,BANES 100mg/5ml JBE x 100ml,IBUPROFENO JARABE,1.0,42393,BANES,100 mg/ 5 mL,IBUPROFENO,1
2,1.0231,1764347.0,BANES 100mg/5ml JBE x 100ml,IBUPROFENO JARABE,1.0,47888,BANES,100 mg/ 5 mL,IBUPROFENO,1
3,0.8202,1764347.0,BANES 100mg/5ml JBE x 100ml,IBUPROFENO JARABE,1.0,32950,BANES FORTE,200 mg/ 5 mL,IBUPROFENO,1
1,0.809,1766896.0,MELOXICAM 15mg/1.5 AMP - GEN FAR,<NINGUNO>,1.0,40307,MELOXICAM,15 mg,MELOXICAM,100
2,0.809,1766896.0,MELOXICAM 15mg/1.5 AMP - GEN FAR,<NINGUNO>,1.0,41992,MELOXICAM,15 mg,MELOXICAM,10
3,0.809,1766896.0,MELOXICAM 15mg/1.5 AMP - GEN FAR,<NINGUNO>,1.0,43537,MELOXICAM,15 mg,MELOXICAM,10
1,1.0818,1781233.0,ACICLOVIR 800mg x 10 TAB - GEN FAR,ACICLOVIR - TABLETA,10.0,40009,ACICLOVIR,800 mg,ACICLOVIR,10
2,1.0818,1781233.0,ACICLOVIR 800mg x 10 TAB - GEN FAR,ACICLOVIR - TABLETA,10.0,59990,ACICLOVIR,800 mg,ACICLOVIR,10
3,0.9818,1781233.0,ACICLOVIR 800mg x 10 TAB - GEN FAR,ACICLOVIR - TABLETA,10.0,39695,ACICLOVIR,800 mg,ACICLOVIR,10
1,0.9289,1790126.0,PREDSO 1% GOTAS x 5ml - LANSIER,<NINGUNO>,1.0,42179,PREDSO,1 %,PREDNISOLONA,1
2,0.9056,1790126.0,PREDSO 1% GOTAS x 5ml - LANSIER,<NINGUNO>,1.0,55810,PREDSO,1 %,PREDNISOLONA ACETATO,1
1,0.9032,1800598.0,CIPROCALMEX 500mg x 100 TAB,<NINGUNO>,100.0,42614,CIPROCALMEX,500 mg,CIPROFLOXACINO,100
2,0.8763,1800598.0,CIPROCALMEX 500mg x 100 TAB,<NINGUNO>,100.0,55233,CIPROCALMEX,500 mg,CIPROFLOXACINO CLORHIDRATO MONOHIDRATO,100
1,0.9734,1807333.0,METRONIDAZOL 250mg SUSP x 120ml - PORTUGAL,METRONIDAZOL JBE,1.0,45015,METRONIDAZOL,125 mg/ 5 mL,METRONIDAZOL BENZOATO,1
2,0.9441,1807333.0,METRONIDAZOL 250mg SUSP x 120ml - PORTUGAL,METRONIDAZOL JBE,1.0,42114,METRONIDAZOL,500 mg,METRONIDAZOL,100
3,0.9167,1807333.0,METRONIDAZOL 250mg SUSP x 120ml - PORTUGAL,METRONIDAZOL JBE,1.0,37315,METRONIDAZOL,500 mg/ 100 mL,METRONIDAZOL,1
1,0.8747,1809133.0,FLUNARIZINA 10mg CAJA x 30 TAB - GEN FAR,<NINGUNO>,30.0,56274,FLUNARIZINA,10 mg,FLUNARIZINA DICLORHIDRATO,30
1,0.8111,1816440.0,ACIDO ALENDRONICO 70mg x 4 TAB - GEN FAR,<NINGUNO>,4.0,54549,ACIDO ALENDRONICO,70 mg,ACIDO ALENDRONICO,4
1,0.8351,1838903.0,ZETALER D GOTAS x 15 ML,<NINGUNO>,1.0,38554,ZETALER,5 mg/ 5 mL,CETIRIZINA CLORHIDRATO,1
2,0.8351,1838903.0,ZETALER D GOTAS x 15 ML,<NINGUNO>,1.0,60008,ZETALER,5 mg/ 5 mL,CETIRIZINA CLORHIDRATO,1
3,0.8215,1838903.0,ZETALER D GOTAS x 15 ML,<NINGUNO>,1.0,35719,ZETALER,10 mg/ mL,CETIRIZINA DICLORHIDRATO,1
1,1.0461,1856468.0,CLINDESS 100mg CAJA x 7 OVULOS,CLINDAMICINA TABLETA,7.0,51712,CLINDESS,100 mg,CLINDAMICINA FOSFATO,7
2,0.9961,1856468.0,CLINDESS 100mg CAJA x 7 OVULOS,CLINDAMICINA TABLETA,7.0,51713,CLINDESS,100 mg,CLINDAMICINA FOSFATO,3
3,0.9597,1856468.0,CLINDESS 100mg CAJA x 7 OVULOS,CLINDAMICINA TABLETA,7.0,44606,CLINDESS,300 mg,CLINDAMICINA CLORHIDRATO,100
1,0.8311,1856789.0,ALERCIL JBE x 60ml,CETIRIZINA - JARABE,1.0,39777,ALERCIL,5 mg/ 5 mL,CETIRIZINA CLORHIDRATO,1
1,0.9361,1910291.0,KETOROLACO 10mg x 100 TAB - IQFARMA,KETOROLACO - TABLETA,100.0,27722,KETOROLACO,10 mg,KETOROLACO TROMETAMOL,100
2,0.9361,1910291.0,KETOROLACO 10mg x 100 TAB - IQFARMA,KETOROLACO - TABLETA,100.0,38366,KETOROLACO,10 mg,KETOROLACO TROMETAMOL,100
3,0.9361,1910291.0,KETOROLACO 10mg x 100 TAB - IQFARMA,KETOROLACO - TABLETA,100.0,38467,KETOROLACO,10 mg,KETOROLACO TROMETAMOL,100
1,0.8225,1918461.0,NAPROXPORT 125MG/ 5ML JBE x 60ML - PORTUGAL,<NINGUNO>,1.0,51886,NAPROXPORT® NF,125 mg/ 5 mL,NAPROXENO,1
1,0.8295,1937254.0,NOVALGINA JBE x 100ml,METAMIZOL JARABE,1.0,42027,NOVALGINA,250 mg/ 5 mL,METAMIZOL SODICO MONOHIDRATO,1
2,0.8295,1937254.0,NOVALGINA JBE x 100ml,METAMIZOL JARABE,1.0,53809,NOVALGINA,250 mg/ 5 mL,METAMIZOL SODICO MONOHIDRATO,1
3,0.8295,1937254.0,NOVALGINA JBE x 100ml,METAMIZOL JARABE,1.0,61439,NOVALGINA,250 mg/ 5 mL,METAMIZOL SODICO MONOHIDRATO,1
1,0.9923,1951119.0,TRI AZIT 200MG/5ML SUSP. FCO x 15ML,AZITROMICINA JARABE,1.0,35568,TRI AZIT,200 mg/ 5 mL,AZITROMICINA DIHIDRATO,1
2,0.9923,1951119.0,TRI AZIT 200MG/5ML SUSP. FCO x 15ML,AZITROMICINA JARABE,1.0,35569,TRI AZIT,200 mg/ 5 mL,AZITROMICINA DIHIDRATO,1
3,0.9923,1951119.0,TRI AZIT 200MG/5ML SUSP. FCO x 15ML,AZITROMICINA JARABE,1.0,50509,TRI AZIT,200 mg/ 5 mL,AZITROMICINA DIHIDRATO,1
1,1.0818,1957482.0,PARACETAMOL 500mg x 100 TAB - FARMINDUSTRIA,PARACETAMOL 500MG.TABLETAS,100.0,42111,PARACETAMOL,500 mg,PARACETAMOL,100
2,1.0318,1957482.0,PARACETAMOL 500mg x 100 TAB - FARMINDUSTRIA,PARACETAMOL 500MG.TABLETAS,100.0,43539,PARACETAMOL,500 mg,PARACETAMOL,30
3,0.9818,1957482.0,PARACETAMOL 500mg x 100 TAB - FARMINDUSTRIA,PARACETAMOL 500MG.TABLETAS,100.0,36917,PARACETAMOL,500 mg,PARACETAMOL,100
1,1.0818,1957810.0,UROFURIN 100MG CAJA x 120 TAB - IQFARMA,NITROFURANTOINA - TABLETA,120.0,41133,UROFURIN,100 mg,NITROFURANTOINA,120
2,1.0318,1957810.0,UROFURIN 100MG CAJA x 120 TAB - IQFARMA,NITROFURANTOINA - TABLETA,120.0,57158,UROFURIN,100 mg,NITROFURANTOINA,100
3,0.9529,1957810.0,UROFURIN 100MG CAJA x 120 TAB - IQFARMA,NITROFURANTOINA - TABLETA,120.0,39595,UROFURIN XR,100 mg,NITROFURANTOINA,20
1,0.9,1957917.0,UROFURIN XR CAJA x 20 CAP - IQFARMA,NITROFURANTOINA - TABLETA,20.0,39595,UROFURIN XR,100 mg,NITROFURANTOINA,20
2,0.85,1957917.0,UROFURIN XR CAJA x 20 CAP - IQFARMA,NITROFURANTOINA - TABLETA,20.0,37134,UROFURIN,25 mg/ 5 mL,NITROFURANTOINA,1
3,0.85,1957917.0,UROFURIN XR CAJA x 20 CAP - IQFARMA,NITROFURANTOINA - TABLETA,20.0,41133,UROFURIN,100 mg,NITROFURANTOINA,120
1,0.8944,2005263.0,UNIFLOX 0.3% GOTAS x 5 ML,<NINGUNO>,1.0,43335,UNIFLOX,0.3 %,CIPROFLOXACINO CLORHIDRATO MONOHIDRATO,1
2,0.8944,2005263.0,UNIFLOX 0.3% GOTAS x 5 ML,<NINGUNO>,1.0,43369,UNIFLOX,0.3 %,CIPROFLOXACINO CLORHIDRATO MONOHIDRATO,1
3,0.8944,2005263.0,UNIFLOX 0.3% GOTAS x 5 ML,<NINGUNO>,1.0,51626,UNIFLOX,0.3 %,CIPROFLOXACINO CLORHIDRATO MONOHIDRATO,1
1,0.8812,2007384.0,VISTAGEL 0.2% GEL OFT x 10GR - LANSIER,<NINGUNO>,1.0,56200,VISTAGEL,0.2 %,CARBOMERO,1
1,1.02,2012463.0,MELOXICAM 7.5mg x 10 TAB - GEN FAR,MELOXICAM - TABLETAS,10.0,41992,MELOXICAM,15 mg,MELOXICAM,10
2,1.02,2012463.0,MELOXICAM 7.5mg x 10 TAB - GEN FAR,MELOXICAM - TABLETAS,10.0,43537,MELOXICAM,15 mg,MELOXICAM,10
3,1.02,2012463.0,MELOXICAM 7.5mg x 10 TAB - GEN FAR,MELOXICAM - TABLETAS,10.0,60344,MELOXICAM,15 mg,MELOXICAM,10
1,0.8422,2019412.0,ACTERIL (SALBUTAMOL) GOTAS x 15 ML,<NINGUNO>,1.0,41871,ACTERIL,5 mg/ mL,SALBUTAMOL,1
1,0.9423,2035391.0,ALERGICAL NEO GOTAS x 15ml,CLORFENAMINA - GOTAS,1.0,42944,ALERGICAL NEO,(2 mg + 5 mg)/ 5 mL,CLORFENAMINA MALEATO + FENILEFRINA CLORHIDRATO,1
2,0.9423,2035391.0,ALERGICAL NEO GOTAS x 15ml,CLORFENAMINA - GOTAS,1.0,58119,ALERGICAL NEO,(2 mg + 5 mg)/ 5 mL,CLORFENAMINA MALEATO + FENILEFRINA CLORHIDRATO,1
3,0.8727,2035391.0,ALERGICAL NEO GOTAS x 15ml,CLORFENAMINA - GOTAS,1.0,54419,ALERGICAL NEO,4 mg + 10 mg,CLORFENAMINA MALEATO + FENILEFRINA CLORHIDRATO,100
1,0.9278,2043605.0,SERTRALINA 50MG x 100 TAB - FARMINDUSTRIA,SERTRALINA 50MG TAB,100.0,42884,SERTRALINA,50 mg,SERTRALINA,30
2,0.9002,2043605.0,SERTRALINA 50MG x 100 TAB - FARMINDUSTRIA,SERTRALINA 50MG TAB,100.0,37041,SERTRALINA,50 mg,SERTRALINA CLORHIDRATO,100
3,0.9002,2043605.0,SERTRALINA 50MG x 100 TAB - FARMINDUSTRIA,SERTRALINA 50MG TAB,100.0,40411,SERTRALINA,50 mg,SERTRALINA CLORHIDRATO,100
1,1.0393,2050477.0,CLORFENAMINA 10mg/1ml x 100 AMP - LABOT,CLORFENAMINA AMPOLLA,100.0,42690,CLORFENAMINA,10 mg/ mL,CLORFENAMINA MALEATO,100
2,0.9393,2050477.0,CLORFENAMINA 10mg/1ml x 100 AMP - LABOT,CLORFENAMINA AMPOLLA,100.0,54885,CLORFENAMINA,10 mg/ mL,CLORFENAMINA MALEATO,100
3,0.9393,2050477.0,CLORFENAMINA 10mg/1ml x 100 AMP - LABOT,CLORFENAMINA AMPOLLA,100.0,54930,CLORFENAMINA,10 mg/ mL,CLORFENAMINA MALEATO,100
1,0.9323,2055519.0,OMEPRAZOL 40mg x 50 AMP - JPS,OMEPRAZOL AMP,50.0,42498,OMEPRAZOL,40 mg,OMEPRAZOL SODICO,50
2,0.9323,2055519.0,OMEPRAZOL 40mg x 50 AMP - JPS,OMEPRAZOL AMP,50.0,43970,OMEPRAZOL,40 mg,OMEPRAZOL SODICO,50
3,0.9323,2055519.0,OMEPRAZOL 40mg x 50 AMP - JPS,OMEPRAZOL AMP,50.0,54036,OMEPRAZOL,40 mg,OMEPRAZOL SODICO,50
1,0.9846,2062505.0,CEFADROXILO 250mg/5ml x 100ml SUSP - AC FARMA,CEFADROXILO - JARABE,1.0,40691,CEFADROXILO,250 mg/ 5 mL,CEFADROXILO MONOHIDRATO,1
2,0.9068,2062505.0,CEFADROXILO 250mg/5ml x 100ml SUSP - AC FARMA,CEFADROXILO - JARABE,1.0,43823,CEFADROXILO,500 mg,CEFADROXILO MONOHIDRATO,50
3,0.8846,2062505.0,CEFADROXILO 250mg/5ml x 100ml SUSP - AC FARMA,CEFADROXILO - JARABE,1.0,47177,CEFADROXILO,250 mg/ 5 mL,CEFADROXILO MONOHIDRATO,1
1,0.9893,2072833.0,DEXAMETASONA 4mg/2ml CJA x 100 AMP - LABOT,DEXAMETASONA AMPOLLA,100.0,47281,DEXAMETASONA,4 mg/ 2 mL,DEXAMETASONA FOSFATO SODICO,100
2,0.9893,2072833.0,DEXAMETASONA 4mg/2ml CJA x 100 AMP - LABOT,DEXAMETASONA AMPOLLA,100.0,48140,DEXAMETASONA,4 mg/ 2 mL,DEXAMETASONA FOSFATO SODICO,100
3,0.9893,2072833.0,DEXAMETASONA 4mg/2ml CJA x 100 AMP - LABOT,DEXAMETASONA AMPOLLA,100.0,51152,DEXAMETASONA,4 mg/ 2 mL,DEXAMETASONA FOSFATO SODICO,100
1,0.8147,2075747.0,TESTOVIRON DEPOT 250mg/1ML AMP,<NINGUNO>,1.0,41713,TESTOVIRON DEPOT,250 mg/ mL,TESTOSTERONA ENANTATO,1
1,0.9461,2104912.0,AZITROMAC 500mg x 30 COMPRIMIDOS,AZITROMICINA TABLETA,30.0,44448,AZITROMAC,500 mg,AZITROMICINA DIHIDRATO,30
2,0.8961,2104912.0,AZITROMAC 500mg x 30 COMPRIMIDOS,AZITROMICINA TABLETA,30.0,50618,AZITROMAC,500 mg,AZITROMICINA DIHIDRATO,15
3,0.8143,2104912.0,AZITROMAC 500mg x 30 COMPRIMIDOS,AZITROMICINA TABLETA,30.0,40517,AZITROMAC,200 mg/ 5 mL,AZITROMICINA DIHIDRATO,1
1,0.925,2105163.0,GENTAMICINA 160mg x 10 AMP - PHARMAGEN,GENTAMICINA AMPOLLA,10.0,41938,GENTAMICINA,160 mg/ 2 mL,GENTAMICINA,10
2,0.8865,2105163.0,GENTAMICINA 160mg x 10 AMP - PHARMAGEN,GENTAMICINA AMPOLLA,10.0,33881,GENTAMICINA,160 mg/ 2 mL,GENTAMICINA SULFATO,10
3,0.8865,2105163.0,GENTAMICINA 160mg x 10 AMP - PHARMAGEN,GENTAMICINA AMPOLLA,10.0,52192,GENTAMICINA,160 mg/ 2 mL,GENTAMICINA SULFATO,10
1,0.9743,2109626.0,METOCLOPRAMIDA 10mg/2ml x 10 AMP - PHARMAGEN,METOCLOPRAMIDA AMPOLLA,10.0,52406,METOCLOPRAMIDA,10 mg/ 2 mL,METOCLOPRAMIDA CLORHIDRATO MONOHIDRATO,50
2,0.9243,2109626.0,METOCLOPRAMIDA 10mg/2ml x 10 AMP - PHARMAGEN,METOCLOPRAMIDA AMPOLLA,10.0,54149,METOCLOPRAMIDA,10 mg/ 2 mL,METOCLOPRAMIDA CLORHIDRATO MONOHIDRATO,10
3,0.9243,2109626.0,METOCLOPRAMIDA 10mg/2ml x 10 AMP - PHARMAGEN,METOCLOPRAMIDA AMPOLLA,10.0,54867,METOCLOPRAMIDA,10 mg/ 2 mL,METOCLOPRAMIDA CLORHIDRATO MONOHIDRATO,10
1,0.9818,2116070.0,KETOCONAZOL 200mg x 100 TAB - INDUQUIMICA,KETOCONAZOL TABLETA,100.0,6369,KETOCONAZOL,200 mg,KETOCONAZOL,100
2,0.9818,2116070.0,KETOCONAZOL 200mg x 100 TAB - INDUQUIMICA,KETOCONAZOL TABLETA,100.0,39428,KETOCONAZOL,200 mg,KETOCONAZOL,100
3,0.9818,2116070.0,KETOCONAZOL 200mg x 100 TAB - INDUQUIMICA,KETOCONAZOL TABLETA,100.0,40879,KETOCONAZOL,200 mg,KETOCONAZOL,100
1,0.85,2118298.0,BETAMETASONA 4mg/1ml x 25 AMP - DANY,BETAMETASONA AMPOLLA,25.0,39648,BETAMETASONA,4 mg/ mL,BETAMETASONA FOSFATO DISODICO,25
2,0.85,2118298.0,BETAMETASONA 4mg/1ml x 25 AMP - DANY,BETAMETASONA AMPOLLA,25.0,42397,BETAMETASONA,4 mg/ mL,BETAMETASONA FOSFATO DISODICO,25
3,0.8357,2118298.0,BETAMETASONA 4mg/1ml x 25 AMP - DANY,BETAMETASONA AMPOLLA,25.0,60310,BETAMETASONA,4 mg/ mL,BETAMETASONA,5
1,0.9818,2118519.0,CLOTRIMAZOL 500mg x 50 TAB VAGINAL - INDUQUIMICA,CLOTRIMAZOL - TABLETA,50.0,38183,CLOTRIMAZOL,500 mg,CLOTRIMAZOL,50
2,0.9818,2118519.0,CLOTRIMAZOL 500mg x 50 TAB VAGINAL - INDUQUIMICA,CLOTRIMAZOL - TABLETA,50.0,58449,CLOTRIMAZOL,500 mg,CLOTRIMAZOL,50
3,0.9318,2118519.0,CLOTRIMAZOL 500mg x 50 TAB VAGINAL - INDUQUIMICA,CLOTRIMAZOL - TABLETA,50.0,40654,CLOTRIMAZOL,500 mg,CLOTRIMAZOL,1000
1,0.9524,2129533.0,CEFALEXINA 250mg SUSP x 60ml - IQ FARMA,CEFALEXINA JARABE,1.0,33891,CEFALEXINA,250 mg/ 5 mL,CEFALEXINA,1
2,0.9107,2129533.0,CEFALEXINA 250mg SUSP x 60ml - IQ FARMA,CEFALEXINA JARABE,1.0,37135,CEFALEXINA,250 mg/ 5 mL,CEFALEXINA MONOHIDRATO,1
3,0.9107,2129533.0,CEFALEXINA 250mg SUSP x 60ml - IQ FARMA,CEFALEXINA JARABE,1.0,41547,CEFALEXINA,250 mg/ 5 mL,CEFALEXINA MONOHIDRATO,1
1,0.81,2157326.0,MUPIROTRIM 2% CREMA x 20 gr,<NINGUNO>,1.0,45018,MUPIROTRIM,2 %,MUPIROCINA CALCICA,1
1,0.8818,2164205.0,ACNEBIOT 100mg x 30 TAB,<NINGUNO>,30.0,41537,ACNEBIOT,100 mg,MINOCICLINA CLORHIDRATO,30
1,0.9056,2169775.0,TOBRAZOL LAN 0.3% SOL. OFTALMICO x 5ML,<NINGUNO>,1.0,38634,TOBRAZOL,0.3 %,TOBRAMICINA,1
2,0.9056,2169775.0,TOBRAZOL LAN 0.3% SOL. OFTALMICO x 5ML,<NINGUNO>,1.0,55839,TOBRAZOL,0.3 %,TOBRAMICINA,1
3,0.8146,2169775.0,TOBRAZOL LAN 0.3% SOL. OFTALMICO x 5ML,<NINGUNO>,1.0,47683,TOBRAZOL,0.30 %,TOBRAMICINA,1
1,0.8,2176975.0,LAMIDIZOL 1% CREMA x 15gr,<NINGUNO>,1.0,54718,LAMIDIZOL,1 %,TERBINAFINA CLORHIDRATO,1
2,0.8,2176975.0,LAMIDIZOL 1% CREMA x 15gr,<NINGUNO>,1.0,59354,LAMIDIZOL,1 %,TERBINAFINA CLORHIDRATO,1
3,0.8,2176975.0,LAMIDIZOL 1% CREMA x 15gr,<NINGUNO>,1.0,59652,LAMIDIZOL,1 %,TERBINAFINA CLORHIDRATO,1
1,0.8813,2195233.0,MEMANTINA 10mg x 28 TAB - GENF AR,<NINGUNO>,28.0,38788,MEMANTINA,10 mg,MEMANTINA CLORHIDRATO,28
2,0.8813,2195233.0,MEMANTINA 10mg x 28 TAB - GENF AR,<NINGUNO>,28.0,60345,MEMANTINA,10 mg,MEMANTINA CLORHIDRATO,28
1,0.8943,2195447.0,FUROXINOL 500mg x 10 TAB,<NINGUNO>,10.0,40800,FUROXINOL,500 mg,CEFUROXIMA AXETIL,10
2,0.8943,2195447.0,FUROXINOL 500mg x 10 TAB,<NINGUNO>,10.0,57433,FUROXINOL,500 mg,CEFUROXIMA AXETIL,10
1,0.8485,2197033.0,AMOX.+ACIDO CLAVUL.500mg x 10 TAB - PHARMAGEN,AMOXICILINA + ACIDO CLAV. - TABLETA,10.0,47689,AMOX,500 mg,AMOXICILINA TRIHIDRATO,100
1,0.9089,2208084.0,CLONAZEPAM 2mg x 100 TAB - AC FARMA,CLONAZEPAN 2MG,100.0,37883,CLONAZEPAM,2 mg,CLONAZEPAM,100
2,0.9089,2208084.0,CLONAZEPAM 2mg x 100 TAB - AC FARMA,CLONAZEPAN 2MG,100.0,38051,CLONAZEPAM,2 mg,CLONAZEPAM,100
3,0.9089,2208084.0,CLONAZEPAM 2mg x 100 TAB - AC FARMA,CLONAZEPAN 2MG,100.0,40432,CLONAZEPAM,2 mg,CLONAZEPAM,100
1,0.8818,2210142.0,MINOCICLINA 100mg x 10 CAP - GEN FAR,<NINGUNO>,10.0,38783,MINOCICLINA,100 mg,MINOCICLINA CLORHIDRATO,10
2,0.8818,2210142.0,MINOCICLINA 100mg x 10 CAP - GEN FAR,<NINGUNO>,10.0,58704,MINOCICLINA,100 mg,MINOCICLINA CLORHIDRATO,10
1,0.8569,2225184.0,HARDAL 200mg/50mg TAB x 30,<NINGUNO>,1.0,55230,HARDAL,200 mg + 50 mg,BENSERAZIDA CLORHIDRATO + LEVODOPA,1
2,0.8069,2225184.0,HARDAL 200mg/50mg TAB x 30,<NINGUNO>,1.0,54410,HARDAL,200 mg + 50 mg,BENSERAZIDA CLORHIDRATO + LEVODOPA,30
1,0.8866,2227205.0,QUETIAPINA 25mg CAJA x 30 COMP. GEN FAR,<NINGUNO>,30.0,38792,QUETIAPINA,25 mg,QUETIAPINA,30
2,0.8866,2227205.0,QUETIAPINA 25mg CAJA x 30 COMP. GEN FAR,<NINGUNO>,30.0,60347,QUETIAPINA,25 mg,QUETIAPINA,30
3,0.8288,2227205.0,QUETIAPINA 25mg CAJA x 30 COMP. GEN FAR,<NINGUNO>,30.0,38791,QUETIAPINA,200 mg,QUETIAPINA,30
1,0.8813,2229861.0,MERITAL 10mg CAJA x 30 COMPRIMIDOS,<NINGUNO>,30.0,30189,MERITAL,10 mg,MEMANTINA CLORHIDRATO,30
2,0.8813,2229861.0,MERITAL 10mg CAJA x 30 COMPRIMIDOS,<NINGUNO>,30.0,53131,MERITAL,10 mg,MEMANTINA CLORHIDRATO,30
3,0.8313,2229861.0,MERITAL 10mg CAJA x 30 COMPRIMIDOS,<NINGUNO>,30.0,30188,MERITAL,10 mg,MEMANTINA CLORHIDRATO,15
1,0.9778,2248012.0,PRAZOLEX 30mg x 30 CAP,LANSOPRAZOL,30.0,41982,PRAZOLEX,30 mg,LANSOPRAZOL,30
1,1.0037,2270940.0,DROXILAR 500mg x 48 TAB,CEFADROXILO 500MG.TABLETAS,48.0,39891,DROXILAR,500 mg,CEFADROXILO MONOHIDRATO,48
2,1.0037,2270940.0,DROXILAR 500mg x 48 TAB,CEFADROXILO 500MG.TABLETAS,48.0,56252,DROXILAR,500 mg,CEFADROXILO MONOHIDRATO,48
3,0.9537,2270940.0,DROXILAR 500mg x 48 TAB,CEFADROXILO 500MG.TABLETAS,48.0,56253,DROXILAR,500 mg,CEFADROXILO MONOHIDRATO,8
1,0.89,2288147.0,FLONASE 0.1% CREMA TBO x 15gr,<NINGUNO>,1.0,41505,FLONASE,0.1 %,MOMETASONA FUROATO,1
2,0.89,2288147.0,FLONASE 0.1% CREMA TBO x 15gr,<NINGUNO>,1.0,42225,FLONASE,0.1 %,MOMETASONA FUROATO,1
1,0.8703,2294768.0,NETAF 10mg/ml GOTAS x 20ml,<NINGUNO>,1.0,37606,NETAF,10 mg/ mL,DOMPERIDONA,1
1,0.9684,2300677.0,ALERGILAB 2.5mg JBE x 60ml,LEVOCETIRIZINA,1.0,39475,ALERGILAB,2.5 mg/ 5 mL,LEVOCETIRIZINA DICLORHIDRATO,1
2,0.9684,2300677.0,ALERGILAB 2.5mg JBE x 60ml,LEVOCETIRIZINA,1.0,60620,ALERGILAB,2.5 mg/ 5 mL,LEVOCETIRIZINA DICLORHIDRATO,1
3,0.8357,2300677.0,ALERGILAB 2.5mg JBE x 60ml,LEVOCETIRIZINA,1.0,39496,ALERGILAB,5 mg,LEVOCETIRIZINA DICLORHIDRATO,10
1,0.8818,2312698.0,CARBATROL 200mg CAJA x 20 TAB,<NINGUNO>,20.0,41483,CARBATROL,200 mg,CARBAMAZEPINA,20
2,0.8318,2312698.0,CARBATROL 200mg CAJA x 20 TAB,<NINGUNO>,20.0,57655,CARBATROL,200 mg,CARBAMAZEPINA,100
1,0.8076,2313819.0,MOMETAX-N 50mcg SPRAY NASAL x 120 DOSIS,<NINGUNO>,1.0,44738,MOMETAX - N,50 mcg/ dosis,MOMETASONA FUROATO,1
1,0.8963,2341498.0,ASPIRINA ULTRA 500mg x 100 TAB,ACIDO ACETIL SALICILICO,100.0,34214,ASPIRINA,500 mg,ACIDO ACETILSALICILICO,100
2,0.8963,2341498.0,ASPIRINA ULTRA 500mg x 100 TAB,ACIDO ACETIL SALICILICO,100.0,46032,ASPIRINA ULTRA,500 mg,ACIDO ACETILSALICILICO,100
3,0.8963,2341498.0,ASPIRINA ULTRA 500mg x 100 TAB,ACIDO ACETIL SALICILICO,100.0,56867,ASPIRINA,500 mg,ACIDO ACETILSALICILICO,100
1,0.9152,2345854.0,FENOBRAT 160mg CAJA x 30 TAB,<NINGUNO>,30.0,41845,FENOBRAT,160 mg,FENOFIBRATO,30
2,0.8424,2345854.0,FENOBRAT 160mg CAJA x 30 TAB,<NINGUNO>,30.0,47032,FENOBRAT®,200 mg,FENOFIBRATO,30
1,0.85,2355326.0,KENADOL 40mg/ml x 1 AMP,<NINGUNO>,1.0,57636,KENADOL,40 mg/ mL,TRIAMCINOLONA ACETONIDO,1
2,0.8024,2355326.0,KENADOL 40mg/ml x 1 AMP,<NINGUNO>,1.0,46876,KENADOL,50 mg/ 5 mL,TRIAMCINOLONA ACETONIDO,1
1,0.8492,2359140.0,HIDROXOCOBALAMINA 1mg/1ml x 25 AMP - LUSA,<NINGUNO>,25.0,45511,HIDROXOCOBALAMINA,1 mg/ mL,HIDROXOCOBALAMINA CLORHIDRATO,25
1,0.8406,2361191.0,IRBESARTAN 150mg x 100 TAB - LABOGEN,<NINGUNO>,100.0,42325,IRBESARTAN,150 mg,IRBESARTAN,50
2,0.8406,2361191.0,IRBESARTAN 150mg x 100 TAB - LABOGEN,<NINGUNO>,100.0,43535,IRBESARTAN,150 mg,IRBESARTAN,20
1,0.8681,2379261.0,PREDCORT 25mg/5ml FRASCO x 60ml,<NINGUNO>,1.0,42219,PREDCORT,25 mg/ 5 mL,PREDNISOLONA,1
1,0.8874,2384982.0,DIOSMIN H 500mg CAJA x 60 UNIDADES,<NINGUNO>,60.0,40682,DIOSMIN H,500 mg,DIOSMINA + HESPERIDINA,60
1,0.8201,2389703.0,ALOPURINOL 100mg x 30 TAB - IQ FARMA,<NINGUNO>,30.0,40448,ALOPURINOL,100 mg,ALOPURINOL,30
2,0.8201,2389703.0,ALOPURINOL 100mg x 30 TAB - IQ FARMA,<NINGUNO>,30.0,46898,ALOPURINOL,100 mg,ALOPURINOL,30
1,1.0361,2391754.0,CETIRIZINA 10mg x 100 TAB - SHERFARMA,CETIRIZINA TABLETA,100.0,50245,CETIRIZINA,10 mg,CETIRIZINA CLORHIDRATO,100
2,1.0361,2391754.0,CETIRIZINA 10mg x 100 TAB - SHERFARMA,CETIRIZINA TABLETA,100.0,58501,CETIRIZINA,10 mg,CETIRIZINA CLORHIDRATO,100
3,0.9361,2391754.0,CETIRIZINA 10mg x 100 TAB - SHERFARMA,CETIRIZINA TABLETA,100.0,38341,CETIRIZINA,10 mg,CETIRIZINA DICLORHIDRATO,100
1,1.0215,2406305.0,RIGAMINOL 160mg/2ml CAJA x 5 AMP,GENTAMICINA AMPOLLA,5.0,48977,RIGAMINOL,160 mg/ 2 mL,GENTAMICINA SULFATO,5
2,1.0215,2406305.0,RIGAMINOL 160mg/2ml CAJA x 5 AMP,GENTAMICINA AMPOLLA,5.0,53197,RIGAMINOL,160 mg/ 2 mL,GENTAMICINA SULFATO,5
3,0.9715,2406305.0,RIGAMINOL 160mg/2ml CAJA x 5 AMP,GENTAMICINA AMPOLLA,5.0,52197,RIGAMINOL,160 mg/ 2 mL,GENTAMICINA SULFATO,1
1,0.8177,2411591.0,VERALER 2.5mg/5ml FRASCO x 80ml,<NINGUNO>,1.0,49607,VERALER®,2.5 mg/ 5 mL,LEVOCETIRIZINA DICLORHIDRATO,1
2,0.8177,2411591.0,VERALER 2.5mg/5ml FRASCO x 80ml,<NINGUNO>,1.0,50205,VERALER ®,2.5 mg/ 5 mL,LEVOCETIRIZINA DICLORHIDRATO,1
1,0.8111,2413177.0,PARATEX 1GR POLVO x 20 SOBRES,<NINGUNO>,20.0,45834,PARATEX,1 g,PARACETAMOL,20
2,0.8111,2413177.0,PARATEX 1GR POLVO x 20 SOBRES,<NINGUNO>,20.0,45835,PARATEX,1 g,PARACETAMOL,20
1,0.9141,2419012.0,CODEINA FOSFATO 15mg/5ml JBE x 60ml,CODEINA 222.21MG SUSP,1.0,38987,CODEINA FOSFATO,15 mg/ 5 mL,FOSFATO DE CODEINA HEMIHIDRATO,1
1,0.8943,2429340.0,TRANEXOL 250mg CAP CAJA x 10 UNID,<NINGUNO>,10.0,49907,TRANEXOL,250 mg,ACIDO TRANEXAMICO,10
2,0.8443,2429340.0,TRANEXOL 250mg CAP CAJA x 10 UNID,<NINGUNO>,10.0,49986,TRANEXOL,250 mg,ACIDO TRANEXAMICO,100
1,0.8096,2434091.0,KOPODEX 1000mg CAJA x 30 COMPRIMIDOS,<NINGUNO>,3.0,39060,KOPODEX,1000 mg,LEVETIRACETAM,30
1,0.9002,2440826.0,FLUOXETINA 20mg x 100 TAB - AC FARMA,FLUOXETINA 20MG TABLETA,100.0,37031,FLUOXETINA,20 mg,FLUOXETINA CLORHIDRATO,100
2,0.9002,2440826.0,FLUOXETINA 20mg x 100 TAB - AC FARMA,FLUOXETINA 20MG TABLETA,100.0,38961,FLUOXETINA,20 mg,FLUOXETINA CLORHIDRATO,100
3,0.9002,2440826.0,FLUOXETINA 20mg x 100 TAB - AC FARMA,FLUOXETINA 20MG TABLETA,100.0,41775,FLUOXETINA,20 mg,FLUOXETINA CLORHIDRATO,100
1,0.8056,2453426.0,VISTA-TEARS 0.3% x 10ml,<NINGUNO>,1.0,48565,VISTA - TEARS,0.3 %,HIPROMELOSA,1
1,0.9714,2455654.0,ALERGILAB 5mg CAJA x 100 TABS,LEVOCETIRIZINA,100.0,39497,ALERGILAB,5 mg,LEVOCETIRIZINA DICLORHIDRATO,100
2,0.9214,2455654.0,ALERGILAB 5mg CAJA x 100 TABS,LEVOCETIRIZINA,100.0,39496,ALERGILAB,5 mg,LEVOCETIRIZINA DICLORHIDRATO,10
3,0.85,2455654.0,ALERGILAB 5mg CAJA x 100 TABS,LEVOCETIRIZINA,100.0,39475,ALERGILAB,2.5 mg/ 5 mL,LEVOCETIRIZINA DICLORHIDRATO,1
1,1.0818,2462105.0,FLUIDASA 200mg CAJA x 30 SOBRES,ACETILCISTEINA ORAL,30.0,41340,FLUIDASA,200 mg,ACETILCISTEINA,30
2,1.0455,2462105.0,FLUIDASA 200mg CAJA x 30 SOBRES,ACETILCISTEINA ORAL,30.0,42081,FLUIDASA,100 mg,ACETILCISTEINA,30
3,0.9955,2462105.0,FLUIDASA 200mg CAJA x 30 SOBRES,ACETILCISTEINA ORAL,30.0,39548,FLUIDASA,600 mg,ACETILCISTEINA,20
1,0.8833,2463326.0,PRESTAT 75mg x 20 COM - BAGO,<NINGUNO>,20.0,49028,PRESTAT,75 mg,PREGABALINA,20
2,0.8389,2463326.0,PRESTAT 75mg x 20 COM - BAGO,<NINGUNO>,20.0,55181,PRESTAT,50 mg,PREGABALINA,20
3,0.8256,2463326.0,PRESTAT 75mg x 20 COM - BAGO,<NINGUNO>,20.0,49030,PRESTAT,150 mg,PREGABALINA,20
1,0.8152,2465019.0,ITRACONAZOL 100mg x 100CAP - IQFARMA,<NINGUNO>,100.0,37622,ITRACONAZOL,100 mg,ITRACONAZOL,100
2,0.8152,2465019.0,ITRACONAZOL 100mg x 100CAP - IQFARMA,<NINGUNO>,100.0,40690,ITRACONAZOL,100 mg,ITRACONAZOL,100
3,0.8152,2465019.0,ITRACONAZOL 100mg x 100CAP - IQFARMA,<NINGUNO>,100.0,51664,ITRACONAZOL,100 mg,ITRACONAZOL,100
1,1.0461,2467461.0,AZITROMICINA 500mg x 3 TAB - SHERFARMA,AZITROMICINA TABLETA,3.0,44125,AZITROMICINA,500 mg,AZITROMICINA DIHIDRATO,3
2,0.9818,2467461.0,AZITROMICINA 500mg x 3 TAB - SHERFARMA,AZITROMICINA TABLETA,3.0,49551,AZITROMICINA,500 mg,AZITROMICINA,3
3,0.9818,2467461.0,AZITROMICINA 500mg x 3 TAB - SHERFARMA,AZITROMICINA TABLETA,3.0,55412,AZITROMICINA,500 mg,AZITROMICINA,3
1,0.9402,2468254.0,CEFALEXINA 500mg x 100 TAB - PORTUGAL,CEFALEXINA TABLETA,100.0,37770,CEFALEXINA,500 mg,CEFALEXINA MONOHIDRATO,100
2,0.9402,2468254.0,CEFALEXINA 500mg x 100 TAB - PORTUGAL,CEFALEXINA TABLETA,100.0,39036,CEFALEXINA,500 mg,CEFALEXINA MONOHIDRATO,100
3,0.9402,2468254.0,CEFALEXINA 500mg x 100 TAB - PORTUGAL,CEFALEXINA TABLETA,100.0,41548,CEFALEXINA,500 mg,CEFALEXINA MONOHIDRATO,100
1,0.8273,2470419.0,AMIKACINA 1gr AMP.-(ITUBIOT 1gr) -DANY,AMIKACINA AMPOLLA,1.0,61585,AMIKACINA,1 g/ 4 mL,AMIKACINA SULFATO,1
1,0.8714,2471747.0,RETEVEN 5mg x 60 COMP - TECNOFARMA,<NINGUNO>,60.0,39958,RETEVEN,5 mg,OXIBUTININA CLORHIDRATO,60
2,0.8214,2471747.0,RETEVEN 5mg x 60 COMP - TECNOFARMA,<NINGUNO>,60.0,38666,RETEVEN,5 mg,OXIBUTININA CLORHIDRATO,30
1,0.95,2478261.0,METREXOL 500mg/100ml - (METRONIDAZOL) DANY,METRONIDAZOL JBE,1.0,52793,METREXOL,500 mg/ 100 mL,METRONIDAZOL,1
2,0.9,2478261.0,METREXOL 500mg/100ml - (METRONIDAZOL) DANY,METRONIDAZOL JBE,1.0,56946,METREXOL,500 mg/ 100 mL,METRONIDAZOL,100
3,0.9,2478261.0,METREXOL 500mg/100ml - (METRONIDAZOL) DANY,METRONIDAZOL JBE,1.0,57120,METREXOL,500 mg/ 100 mL,METRONIDAZOL,500
1,0.8659,2481647.0,METFORTABS 1000mg CAJA x 30 TABS-SHERFARMA,<NINGUNO>,30.0,47308,METFORTABS,1000 mg,CLORHIDRATO DE METFORMINA,30
2,0.8659,2481647.0,METFORTABS 1000mg CAJA x 30 TABS-SHERFARMA,<NINGUNO>,30.0,59903,METFORTABS,1000 mg,CLORHIDRATO DE METFORMINA,30
3,0.8146,2481647.0,METFORTABS 1000mg CAJA x 30 TABS-SHERFARMA,<NINGUNO>,30.0,47340,METFORTABS,500 mg,CLORHIDRATO DE METFORMINA,30
1,0.9152,2483233.0,GABAPENTINA 300mg CAJA x 100 TAB.-LABOT,<NINGUNO>,100.0,39384,GABAPENTINA,300 mg,GABAPENTINA,100
2,0.8652,2483233.0,GABAPENTINA 300mg CAJA x 100 TAB.-LABOT,<NINGUNO>,100.0,41801,GABAPENTINA,300 mg,GABAPENTINA,500
3,0.8152,2483233.0,GABAPENTINA 300mg CAJA x 100 TAB.-LABOT,<NINGUNO>,100.0,41551,GABAPENTINA,300 mg,GABAPENTINA,100
1,1.0089,2483875.0,ZATRIX 2mg CAJA x 100 TABS,CLONAZEPAN 2MG,100.0,40424,ZATRIX,2 mg,CLONAZEPAM,100
2,0.9589,2483875.0,ZATRIX 2mg CAJA x 100 TABS,CLONAZEPAN 2MG,100.0,40426,ZATRIX,2 mg,CLONAZEPAM,20
3,0.9264,2483875.0,ZATRIX 2mg CAJA x 100 TABS,CLONAZEPAN 2MG,100.0,40427,ZATRIX,0.5 mg,CLONAZEPAM,100
1,0.8056,2486147.0,KETRAGESICO FORTE 3% x 50g - SHERFARMA,<NINGUNO>,1.0,51959,KETRAGESICO FORTE,3 %,KETOPROFENO,1
1,0.8844,2487368.0,CLOFENAC 100mg CAJA x 14 TABS,<NINGUNO>,14.0,52468,CLOFENAC,100 mg,ACECLOFENACO,14
1,0.8943,2491440.0,TRANSAMIN 500mg CAJA x 10 TABS,<NINGUNO>,10.0,52925,TRANSAMIN,500 mg,ACIDO TRANEXAMICO,10
2,0.808,2491440.0,TRANSAMIN 500mg CAJA x 10 TABS,<NINGUNO>,10.0,38796,TRANSAMIN,250 mg,ACIDO TRANEXAMICO,12
1,1.0643,2498168.0,AMICLAF 10 mg/mL x 10 AMP.( CLORFENAMINA) - JPS,CLORFENAMINA AMPOLLA,10.0,48361,AMICLAF,10 mg/ mL,CLORFENAMINA MALEATO,10
2,1.0143,2498168.0,AMICLAF 10 mg/mL x 10 AMP.( CLORFENAMINA) - JPS,CLORFENAMINA AMPOLLA,10.0,50969,AMICLAF,10 mg/ mL,CLORFENAMINA MALEATO,25
1,0.8855,2504619.0,NEOCOLIQ 40MG x 30TAB - IQFARMA,<NINGUNO>,30.0,50974,NEOCOLIQ,40 mg,BROMURO DE OTILONIO,30
1,0.8917,2504940.0,FREEGEN GOTAS 0.5% FRASCO x 15ml,<NINGUNO>,1.0,35795,FREEGEN,0.5 %,CARBOXIMETILCELULOSA DE SODIO,1
1,1.0,2505298.0,CELEPOXX CÁPSULA 200 MG X 100CAP - PORTUGAL,CELECOXIB,100.0,40237,CELEPOXX,200 mg,CELECOXIB,100
2,1.0,2505298.0,CELEPOXX CÁPSULA 200 MG X 100CAP - PORTUGAL,CELECOXIB,100.0,48694,CELEPOXX,200 mg,CELECOXIB,100
1,0.8,2506205.0,DOLOIBUPRESS FORTE x 100TAB - PHARMED,IBUPROFENO 200 + PARACETAMOL 500,100.0,53163,DOLOIBUPRESS FORTE,200 mg + 500 mg,IBUPROFENO + PARACETAMOL,100
1,0.8844,2507426.0,JARIT 200mg CAJA x 30 CAP BLANDAS,<NINGUNO>,30.0,38076,JARIT,200 mg,PROGESTERONA,30
2,0.8844,2507426.0,JARIT 200mg CAJA x 30 CAP BLANDAS,<NINGUNO>,30.0,45549,JARIT,200 mg,PROGESTERONA,30
1,0.9152,2507640.0,ENITRAX 100mg CAJA x 4 CAP,<NINGUNO>,4.0,51328,ENITRAX,100 mg,ITRACONAZOL,4
2,0.8652,2507640.0,ENITRAX 100mg CAJA x 4 CAP,<NINGUNO>,4.0,51329,ENITRAX,100 mg,ITRACONAZOL,14
1,0.831,2513405.0,RINOFLUIMUCIL SOLUCION NASAL x 10ml,<NINGUNO>,1.0,48490,RINOFLUIMUCIL,10 mg/ mL,ACETILCISTEINA,1
1,0.859,2518547.0,OMEPRAZOL 20mg x 100 CAP - DIPHASAC,<NINGUNO>,100.0,51150,OMEPRAZOL,20 mg,OMEPRAZOL,100
1,0.8941,2521498.0,CLOBENATE 0.05% CREMA x 25gr,<NINGUNO>,1.0,43346,CLOBENATE,0.05 %,17-PROPIONATO DE CLOBETASOL,1
2,0.8941,2521498.0,CLOBENATE 0.05% CREMA x 25gr,<NINGUNO>,1.0,49951,CLOBENATE,0.05 %,17-PROPIONATO DE CLOBETASOL,1
1,0.8944,2522833.0,THYROZOL 20mg x 50 TAB - MERCK,<NINGUNO>,50.0,39932,THYROZOL,20 mg,TIAMAZOL,50
2,0.8944,2522833.0,THYROZOL 20mg x 50 TAB - MERCK,<NINGUNO>,50.0,49596,THYROZOL,20 mg,TIAMAZOL,50
3,0.85,2522833.0,THYROZOL 20mg x 50 TAB - MERCK,<NINGUNO>,50.0,39931,THYROZOL,10 mg,TIAMAZOL,50
1,0.8833,2523191.0,MIRTAPAX 30mg x 10 COMP - TECNOFARMA,<NINGUNO>,10.0,41601,MIRTAPAX,30 mg,MIRTAZAPINA,10
2,0.8833,2523191.0,MIRTAPAX 30mg x 10 COMP - TECNOFARMA,<NINGUNO>,10.0,54227,MIRTAPAX,30 mg,MIRTAZAPINA,10
3,0.8333,2523191.0,MIRTAPAX 30mg x 10 COMP - TECNOFARMA,<NINGUNO>,10.0,41600,MIRTAPAX,30 mg,MIRTAZAPINA,30
1,0.8056,2525426.0,"METICEL OFTENO SOLUCIÓN OFTÁLMICA 0,5 %",<NINGUNO>,1.0,46946,METICEL OFTENO,0.5 %,HIPROMELOSA,1
2,0.8056,2525426.0,"METICEL OFTENO SOLUCIÓN OFTÁLMICA 0,5 %",<NINGUNO>,1.0,57281,METICEL OFTENO,0.5 %,HIPROMELOSA,1
1,0.916,2526861.0,PREDNISONA 20mg x 100 TAB. AC FARMA,<NINGUNO>,100.0,40240,PREDNISONA,20 mg,PREDNISONA,100
2,0.8382,2526861.0,PREDNISONA 20mg x 100 TAB. AC FARMA,<NINGUNO>,100.0,38982,PREDNISONA,5 mg,PREDNISONA,100
3,0.816,2526861.0,PREDNISONA 20mg x 100 TAB. AC FARMA,<NINGUNO>,100.0,9181,PREDNISONA,20 mg,PREDNISONA,100
1,0.8791,2529561.0,CARDIOPROL 5mg x 30 TAB - AC FARMA,<NINGUNO>,30.0,44567,CARDIOPROL,5 mg,BISOPROLOL FUMARATO,30
1,0.8944,2529775.0,TONOCOR 50mg x 30 TAB - AC FARMA,<NINGUNO>,30.0,10801,TONOCOR,50 mg,ATENOLOL,30
2,0.8944,2529775.0,TONOCOR 50mg x 30 TAB - AC FARMA,<NINGUNO>,30.0,42906,TONOCOR,50 mg,ATENOLOL,30
1,0.8839,2529882.0,FLEX 4mg x 90 COMP - BAGO,<NINGUNO>,90.0,53920,FLEX,4 mg,PRIDINOL MESILATO,90
2,0.8339,2529882.0,FLEX 4mg x 90 COMP - BAGO,<NINGUNO>,90.0,56734,FLEX,4 mg,PRIDINOL MESILATO,120
1,0.8608,2531184.0,XEROXZANIDA 500mg CAJA x 6 COMPRIMIDOS,<NINGUNO>,1.0,49150,XEROXZANIDA,500 mg,NITAZOXANIDA,6
2,0.8289,2531184.0,XEROXZANIDA 500mg CAJA x 6 COMPRIMIDOS,<NINGUNO>,1.0,47946,XEROXZANIDA®,100 mg/ 5 mL,NITAZOXANIDA,1
3,0.8289,2531184.0,XEROXZANIDA 500mg CAJA x 6 COMPRIMIDOS,<NINGUNO>,1.0,55341,XEROXZANIDA®,100 mg/ 5 mL,NITAZOXANIDA,1
1,0.8814,2532626.0,FERROVITON-S 100mg/5ml CAJA x 5 AMPOLLAS,<NINGUNO>,5.0,53696,FERROVITON-S,100 mg/ 5 mL,HIERRO SUCROSA,5
1,0.8,2532733.0,BENGUE 1% GEL x 30gr TUBO,<NINGUNO>,1.0,51363,BENGUE,1 %,DICLOFENACO DIETILAMINA,1
2,0.8,2532733.0,BENGUE 1% GEL x 30gr TUBO,<NINGUNO>,1.0,51522,BENGUE,1 %,DICLOFENACO DIETILAMINA,1
1,0.8449,2536226.0,DERMAZOL PLUS x 10G CREMA - MARKOS,BETAMET+CLOTRIM+GENTAMI,1.0,39327,DERMAZOL PLUS,,BETAMETASONA + CLOTRIMAZOL + GENTAMICINA,1
2,0.8382,2536226.0,DERMAZOL PLUS x 10G CREMA - MARKOS,BETAMET+CLOTRIM+GENTAMI,1.0,55098,DERMAZOL PLUS,0.05 % + 1 % + 0.1 %,BETAMETASONA DIPROPIONATO + CLOTRIMAZOL + GENTAMICINA SULFATO,1
1,1.1,2536333.0,NEOMYCOL 1% CREMA x 20G - TOBAL,CLOTRIMAZOL - CREMA,1.0,53627,NEOMYCOL®,1 %,CLOTRIMAZOL,1
2,0.8365,2536333.0,NEOMYCOL 1% CREMA x 20G - TOBAL,CLOTRIMAZOL - CREMA,1.0,50006,NEOMYCOL®PLUS,1 % + 0.1 % + 0.05 %,BETAMETASONA DIPROPIONATO + CLOTRIMAZOL + GENTAMICINA SULFATO,1
1,0.9084,2542954.0,ATROPINA SULFATO 1mg/1ml AMP - CAJA x 10 - JPS,<NINGUNO>,10.0,54350,ATROPINA SULFATO,1 mg/ mL,ATROPINA SULFATO,10
2,0.8584,2542954.0,ATROPINA SULFATO 1mg/1ml AMP - CAJA x 10 - JPS,<NINGUNO>,10.0,55386,ATROPINA SULFATO,1 mg/ mL,ATROPINA SULFATO,100
3,0.812,2542954.0,ATROPINA SULFATO 1mg/1ml AMP - CAJA x 10 - JPS,<NINGUNO>,10.0,55384,ATROPINA SULFATO,0.5 mg/ mL,ATROPINA SULFATO,100
1,0.8152,2546340.0,GABAPENTINA 300mg CAJA x 100 TAB.-LABOGEN,<NINGUNO>,100.0,39384,GABAPENTINA,300 mg,GABAPENTINA,100
2,0.8152,2546340.0,GABAPENTINA 300mg CAJA x 100 TAB.-LABOGEN,<NINGUNO>,100.0,41551,GABAPENTINA,300 mg,GABAPENTINA,100
3,0.8152,2546340.0,GABAPENTINA 300mg CAJA x 100 TAB.-LABOGEN,<NINGUNO>,100.0,41692,GABAPENTINA,300 mg,GABAPENTINA,100
1,0.8929,2551091.0,BETAMARK 16 mg CAJA x 20 TABLETAS,<NINGUNO>,20.0,44264,BETAMARK 16,16 mg,DICLORHIDRATO DE BETAHISTINA,20
1,0.8857,2557889.0,LIDOCAINA 2% S/EP AMP x 20ml x 20 UND - CORVAL,<NINGUNO>,20.0,42959,LIDOCAINA,2 %,LIDOCAINA CLORHIDRATO,20
1,0.85,2567468.0,TIRIZ 5mg CAJA x 10 TABLETAS,<NINGUNO>,10.0,54919,TIRIZ,5 mg,LEVOCETIRIZINA DICLORHIDRATO,10
1,0.9,2570854.0,GINACABA CREMA 20G - ROXFARMA,CLOTRIMAZOL - CREMA,1.0,55617,GINACABA,2 %,CLOTRIMAZOL,1
1,0.8044,2576147.0,MARTESIA 25mg x 30 CAP - ROEMMERS,<NINGUNO>,30.0,47370,MARTESIA 25,25 mg,PREGABALINA,30
1,0.8433,2584461.0,CEFTRIAXONA 1gr IV/IM x 10 AMP - FARMASALUD,<NINGUNO>,10.0,54172,CEFTRIAXONA,1 g,CEFTRIAXONA SODICA,10
1,0.8656,2589931.0,ZECLONEX 1mg SOL. ORAL FRASCO x 30ml,<NINGUNO>,1.0,55542,ZECLONEX®,1 mg/ mL,RISPERIDONA,1
1,0.9393,2598068.0,DOLOPRESS  FLASH 50mg CAJA x 100 TAB,DICLOFENACO - TABLETA,100.0,47786,DOLOPRESS,50 mg,DICLOFENACO SODICO,100
2,0.9393,2598068.0,DOLOPRESS  FLASH 50mg CAJA x 100 TAB,DICLOFENACO - TABLETA,100.0,57149,DOLOPRESS FLASH,50 mg,DICLOFENACO POTASICO,100
3,0.9393,2598068.0,DOLOPRESS  FLASH 50mg CAJA x 100 TAB,DICLOFENACO - TABLETA,100.0,61513,DOLOPRESS,50 mg,DICLOFENACO SODICO,100
1,0.8991,2598717.0,CLORFENAMINA 10mg/1ml CAJA x 10 AMP- DIPHASAC,<NINGUNO>,10.0,55296,CLORFENAMINA,10 mg/ mL,CLORFENAMINA MALEATO,10
2,0.8491,2598717.0,CLORFENAMINA 10mg/1ml CAJA x 10 AMP- DIPHASAC,<NINGUNO>,10.0,55248,CLORFENAMINA,10 mg/ mL,CLORFENAMINA MALEATO,1
3,0.8491,2598717.0,CLORFENAMINA 10mg/1ml CAJA x 10 AMP- DIPHASAC,<NINGUNO>,10.0,57484,CLORFENAMINA,10 mg/ mL,CLORFENAMINA MALEATO,100
1,0.8791,2599938.0,AMLODIPINO 5mg x 100 TAB.- SHERFAMA,<NINGUNO>,100.0,36995,AMLODIPINO,5 mg,AMLODIPINO BESILATO,100
2,0.8291,2599938.0,AMLODIPINO 5mg x 100 TAB.- SHERFAMA,<NINGUNO>,100.0,43529,AMLODIPINO,5 mg,AMLODIPINO BESILATO,10
3,0.8097,2599938.0,AMLODIPINO 5mg x 100 TAB.- SHERFAMA,<NINGUNO>,100.0,55449,AMLODIPINO,5 mg,AMLODIPINO,100
1,0.8763,2601063.0,UROBAC 500mg CAJA x 200 TABLETAS,<NINGUNO>,200.0,54494,UROBAC,500 mg,CIPROFLOXACINO CLORHIDRATO MONOHIDRATO,200
2,0.8263,2601063.0,UROBAC 500mg CAJA x 200 TABLETAS,<NINGUNO>,200.0,54495,UROBAC,500 mg,CIPROFLOXACINO CLORHIDRATO MONOHIDRATO,100
1,0.9,2602391.0,MICOMISIL 1% CREMA x 20 gr,<NINGUNO>,1.0,7504,MICOMISIL,1 %,TERBINAFINA CLORHIDRATO,1
2,0.9,2602391.0,MICOMISIL 1% CREMA x 20 gr,<NINGUNO>,1.0,45999,MICOMISIL,1 %,TERBINAFINA CLORHIDRATO,1
3,0.9,2602391.0,MICOMISIL 1% CREMA x 20 gr,<NINGUNO>,1.0,56689,MICOMISIL,1 %,TERBINAFINA CLORHIDRATO,1
1,0.875,2609554.0,EPINEFRINA 1mg x 1ml AMP - MEDIFARMA,<NINGUNO>,1.0,50450,EPINEFRINA,1 mg/ mL,EPINEFRINA BITARTRATO,1
2,0.825,2609554.0,EPINEFRINA 1mg x 1ml AMP - MEDIFARMA,<NINGUNO>,1.0,50155,EPINEFRINA,1 mg/ mL,EPINEFRINA BITARTRATO,100
3,0.825,2609554.0,EPINEFRINA 1mg x 1ml AMP - MEDIFARMA,<NINGUNO>,1.0,50156,EPINEFRINA,1 mg/ mL,EPINEFRINA BITARTRATO,50
1,0.8201,2613626.0,MICOFILM 150mg x 100 CAP - E&G,<NINGUNO>,100.0,48429,MICOFILM,150 mg,FLUCONAZOL,100
2,0.8201,2613626.0,MICOFILM 150mg x 100 CAP - E&G,<NINGUNO>,100.0,56127,MICOFILM,150 mg,FLUCONAZOL,100
1,1.0461,2615098.0,CLINCHECK 300mg x 50 CAP - BONAPHARM,CLINDAMICINA TABLETA,50.0,47234,CLINCHECK,300 mg,CLINDAMICINA CLORHIDRATO,50
1,0.8844,2615640.0,PROGEVA 200mg CAJA x 30 CAPSULAS,<NINGUNO>,30.0,49589,PROGEVA,200 mg,PROGESTERONA,30
1,0.8458,2618982.0,AMPICILINA 1gr x 10 AMP. - CORVAL,<NINGUNO>,10.0,45103,AMPICILINA,1 g,AMPICILINA SODICA,10
1,0.8866,2627447.0,ETORICOXIB 60mg CAJA x 30 TAB.-BONAPHARM,<NINGUNO>,30.0,51934,ETORICOXIB,60 mg,ETORICOXIB,30
2,0.8422,2627447.0,ETORICOXIB 60mg CAJA x 30 TAB.-BONAPHARM,<NINGUNO>,30.0,51935,ETORICOXIB,90 mg,ETORICOXIB,30
3,0.8288,2627447.0,ETORICOXIB 60mg CAJA x 30 TAB.-BONAPHARM,<NINGUNO>,30.0,51936,ETORICOXIB,120 mg,ETORICOXIB,30
1,0.8288,2631733.0,IRBESEL HC 300/25mg CAJA x 20 TABLETAS,<NINGUNO>,20.0,57014,IRBESEL,150 mg,IRBESARTAN,20
2,0.8016,2631733.0,IRBESEL HC 300/25mg CAJA x 20 TABLETAS,<NINGUNO>,20.0,58943,IRBESEL® HC,300 mg + 25 mg,HIDROCLOROTIAZIDA + IRBESARTAN,20
1,0.8611,2632526.0,DIAZEPAM 10mg x 100TAB - PORTUGAL,<NINGUNO>,100.0,39998,DIAZEPAM,10 mg,DIAZEPAM,100
1,0.9032,2633854.0,FENAZOPIRIDINA 100mg TAB x 100 - PORTUGAL,<NINGUNO>,100.0,57213,FENAZOPIRIDINA,100 mg,FENAZOPIRIDINA,100
1,0.8866,2634968.0,ETORICOXIB 90mg CAJA x 10 TAB - GENERION,<NINGUNO>,10.0,53377,ETORICOXIB,90 mg,ETORICOXIB,10
2,0.8288,2634968.0,ETORICOXIB 90mg CAJA x 10 TAB - GENERION,<NINGUNO>,10.0,54613,ETORICOXIB,120 mg,ETORICOXIB,10
1,0.8984,2635440.0,CLODAVAN 0.05% CREM. x 30GR - EUROFARMA,<NINGUNO>,1.0,54698,CLODAVAN,0.05 %,PROPIONATO DE CLOBETASOL,1
1,0.8376,2637454.0,TRETOCHECK 10mg x 30 CAP - BONAPHARM,<NINGUNO>,30.0,43799,TRETOCHECK 10,10 mg,ISOTRETINOINA,30
1,0.8388,2640298.0,FERROPRIME 100mg/5mL x 5AMP - INTIPHARMA,<NINGUNO>,5.0,55895,FERROPRIME,100 mg/ 5 mL,COMPLEJO DE HIDROXIDO DE HIERRO (III) CON SACAROSA,5
1,0.8088,2645233.0,TADACIAL 20 mg x 1 TAB,<NINGUNO>,1.0,56644,TADACIAL,20 mg,TADALAFILO,1
1,0.8881,2650633.0,GLORANTA BENCIDAMINA 3mg x 25 SOB,<NINGUNO>,25.0,56747,GLORANTA,3 mg,BENCIDAMINA CLORHIDRATO,25
1,0.8773,2653119.0,URANOR 100mg CAJA x 100 TABLETAS,<NINGUNO>,100.0,57429,URANOR 100,100 mg,FENAZOPIRIDINA CLORHIDRATO,100
1,0.8857,2655561.0,LIDOCAINA 2% S/PRESERV. x 1 VIAL - DANY,<NINGUNO>,1.0,56628,LIDOCAINA,2 %,LIDOCAINA CLORHIDRATO,1
1,0.8125,2662119.0,ALVIERA CREMA x 30 gr,<NINGUNO>,1.0,41486,ALVIERA,0.1 %,ADAPALENO,1
2,0.8125,2662119.0,ALVIERA CREMA x 30 gr,<NINGUNO>,1.0,41539,ALVIERA,0.1 %,ADAPALENO,1
1,0.8524,2664026.0,CEFRABIOTIC 250mg x 60ml,<NINGUNO>,1.0,50854,CEFRABIOTIC,250 mg/ 5 mL,CEFADROXILO MONOHIDRATO,1
1,0.8866,2665889.0,ORATADINA ALLERGY 10mg x 100 TAB - SHERFARMA,<NINGUNO>,100.0,46384,ORATADINA ALLERGY,10 mg,LORATADINA,100
2,0.8866,2665889.0,ORATADINA ALLERGY 10mg x 100 TAB - SHERFARMA,<NINGUNO>,100.0,50309,ORATADINA ALLERGY,10 mg,LORATADINA,100
3,0.8866,2665889.0,ORATADINA ALLERGY 10mg x 100 TAB - SHERFARMA,<NINGUNO>,100.0,59360,ORATADINA ALLERGY,10 mg,LORATADINA,100
1,0.8167,2668268.0,NASTIZOL KIDS JBE x 100ml,<NINGUNO>,1.0,41999,NASTIZOL,1 mg + 30 mg/ mL,CLORFENAMINA MALEATO + PSEUDOEFEDRINA SULFATO,1
1,0.8773,2673240.0,URONOR 100 x 100mg,<NINGUNO>,100.0,57563,URONOR 100,100 mg,FENAZOPIRIDINA CLORHIDRATO,100
1,0.8854,2677917.0,URSOFLOW 250mg CAJA x 30 TABLETAS (AC. URSODESOXICOLICO),<NINGUNO>,30.0,49146,URSOFLOW,250 mg,ACIDO URSODEOXICOLICO,30
1,0.8833,2682347.0,PREGABALINA 75mg x 30 CAP - SHERFARMA,<NINGUNO>,30.0,56735,PREGABALINA,75 mg,PREGABALINA,30
1,0.8813,2685910.0,AUROVAS 20mg CAJA x 30 TABLETAS,<NINGUNO>,30.0,41907,AUROVAS,20 mg,ROSUVASTATINA CALCICA,30
2,0.8369,2685910.0,AUROVAS 20mg CAJA x 30 TABLETAS,<NINGUNO>,30.0,41908,AUROVAS,10 mg,ROSUVASTATINA CALCICA,30
1,0.8379,2689510.0,MICOFLAM (NISTATINA) SUSP. ORAL FCO GOT x 10ml,<NINGUNO>,1.0,52849,MICOFLAM,100 000 UI/ mL,NISTATINA,1
2,0.8379,2689510.0,MICOFLAM (NISTATINA) SUSP. ORAL FCO GOT x 10ml,<NINGUNO>,1.0,59244,MICOFLAM,100 000 UI/ mL,NISTATINA,1
1,0.8675,2691882.0,FLAVOXATO 200mg x 30TAB - AJR LABS,<NINGUNO>,30.0,56932,FLAVOXATO,200 mg,FLAVOXATO CLORHIDRATO,30
1,0.8833,2692782.0,LANSOPRAZOL 30mg x 100 CAP - SHERFARMA,<NINGUNO>,100.0,55586,LANSOPRAZOL,30 mg,LANSOPRAZOL,100
1,0.8,2696168.0,LAMIDIZOL 1% SPRAY x 30ml,<NINGUNO>,1.0,54718,LAMIDIZOL,1 %,TERBINAFINA CLORHIDRATO,1
2,0.8,2696168.0,LAMIDIZOL 1% SPRAY x 30ml,<NINGUNO>,1.0,59354,LAMIDIZOL,1 %,TERBINAFINA CLORHIDRATO,1
3,0.8,2696168.0,LAMIDIZOL 1% SPRAY x 30ml,<NINGUNO>,1.0,59652,LAMIDIZOL,1 %,TERBINAFINA CLORHIDRATO,1
1,0.8167,2701612.0,NASTIZOL NF JBE x 100ml,<NINGUNO>,1.0,41999,NASTIZOL,1 mg + 30 mg/ mL,CLORFENAMINA MALEATO + PSEUDOEFEDRINA SULFATO,1
1,0.8541,2703733.0,BRIVAXON 50mg x 30 COMP,<NINGUNO>,30.0,48562,BRIVAXON,50 mg,BRIVARACETAM,30
2,0.8096,2703733.0,BRIVAXON 50mg x 30 COMP,<NINGUNO>,30.0,48561,BRIVAXON,25 mg,BRIVARACETAM,30
